time_sec,own_lat,own_lon,own_alt_m,own_roll_deg,own_pitch_deg,own_yaw_deg,own_health,target_lat,target_lon,target_alt_m,target_roll_deg,target_pitch_deg,target_yaw_deg,target_health,derived_own_speed_ms,derived_target_speed_ms,derived_distance_m,derived_own_ata_deg,derived_target_ata_deg,derived_target_aa_deg,derived_own_in_wez,derived_target_in_wez,derived_own_specific_energy,derived_target_specific_energy,derived_ata_sign_degenerate
0.0,37.92387,128.181881,7000.2087071999995,0.054,0.167,0.049,1.0,37.968239,128.181881,7002.7290984,0.0,-0.075,180.0,1.0,1810.6287971993581,1810.6412205537335,4939.13513007156,0.1462173319844282,-0.04576253615185527,-179.95423746384813,False,False,1707836.91734226,1707884.1280969814,True
0.0166,37.92414,128.181881,7000.311424800001,-0.632,1.883,0.093,1.0,37.967969,128.181881,7002.5776128,0.0,-0.185,180.0,1.0,1810.6287971993581,1810.6412205537335,4879.022488272656,1.8587147094547027,-0.15838749453011142,-179.8416125054699,False,False,1707837.924657812,1707882.6425307223,True
0.0333,37.924409,128.181881,7000.5613608,-4.417,3.424,0.034,1.0,37.9677,128.181881,7002.3919896,0.0,-0.287,180.0,1.0,1793.1728175030541,1793.1448107400627,4819.132423629637,3.4024049109541026,-0.2652352304523036,-179.7347647695477,False,False,1676386.4317848103,1676354.1635468183,True
0.05,37.924678,128.181881,7000.985642400001,-10.831,2.347,0.151,1.0,37.967431,128.181881,7002.1704,0.001,-0.381,180.0,1.0,1793.2903375395406,1793.1594540607462,4759.242337350319,2.33761621141748,-0.3667368870682094,-179.63326311293181,False,False,1676601.3332063816,1676378.2481968766,False
0.0666,37.924946,128.18188,7001.5123368,-19.577,0.192,0.571,1.0,37.967162,128.181881,7001.9122344,0.001,-0.469,180.0,1.0,1797.4940730512783,1803.9792692251804,4699.463641164122,0.5998615118088872,-0.4641256901216609,-179.53587430987832,False,False,1684153.852284917,1695835.9045105868,False
0.0833,37.925214,128.181879,7002.054576,-30.524,-1.365,1.127,1.0,37.966893,128.181881,7001.616273600001,0.002,-0.553,180.0,1.0,1786.7473083575676,1793.197937238711,4639.685080799784,-1.7645063721843923,-0.5584168369692052,-179.4415831630308,False,False,1664899.6704692368,1676441.8212880832,True
0.1,37.925481,128.181878,7002.537379200001,-43.278,-2.416,1.798,1.0,37.966625,128.181881,7001.2822128,0.004,-0.634,180.0,1.0,1780.021242946489,1786.5565144058576,4580.129308761494,-2.9967439713220108,-0.6497100404156085,-179.35028995958442,False,False,1652909.2458601138,1664551.2137951588,True
0.1166,37.925748,128.181876,7002.902224800001,-56.745,-3.057,2.578,1.0,37.966357,128.181881,7000.909747200001,0.005,-0.714,180.0,1.0,1790.6663868048338,1797.346295984103,4520.573662046153,3.9752453398398604,-0.739274499917716,-179.2607255000823,False,False,1671918.0655191743,1683882.3254162665,False
0.1333,37.926014,128.181876,7003.1280816,-70.011,-3.367,3.419,1.0,37.966089,128.181881,7000.498572,0.007,-0.793,180.001,1.0,1773.1644249306394,1786.614183430179,4461.129390097628,4.769474883801723,-0.8267846885233411,-179.17321531147667,False,False,1640733.2649212251,1664646.5595380466,False
0.15,37.92628,128.181875,7003.217388000001,-82.767,-3.403,4.27,1.0,37.965822,128.181881,7000.0483824,0.008,-0.871,180.001,1.0,1773.1287077155928,1779.982829305642,4401.796477218533,5.427163383188394,-0.912268024832724,-179.0877319751673,False,False,1640670.8088606144,1652816.4607807223,False
0.1666,37.926545,128.181876,7003.1786784000005,-94.911,-3.204,5.086,1.0,37.965555,128.181881,6999.558873600001,0.01,-0.949,180.001,1.0,1777.0976592387979,1790.7430559604866,4342.57486670776,5.978547384248642,-0.9967711047053187,-179.00322889529468,False,False,1647715.7674225387,1672022.5702631406,False
0.1833,37.92681,128.181877,7003.0204872,-106.436,-2.806,5.829,1.0,37.965289,128.181881,6999.0303504,0.012,-1.028,180.001,1.0,1766.4802328741964,1773.395266618332,4283.464559083494,6.439858732838563,-1.0813785477947166,-178.9186214522053,False,False,1628902.3774284376,1641102.4268179028,False
0.2,37.927074,128.181879,7002.749520000001,-117.374,-2.243,6.466,1.0,37.965022,128.181881,6998.4622032,0.014,-1.107,180.002,1.0,1759.8873905664282,1780.1038122106318,4224.354215883334,6.821289976514484,-1.1651498265118962,-178.8348501734881,False,False,1617275.327317664,1653016.2604884233,False
0.2166,37.927338,128.181881,7002.3721776,-127.786,-1.551,6.973,1.0,37.964756,128.18188,6997.854736800001,0.016,-1.186,180.002,1.0,1770.5597981443416,1784.1774085849277,4165.355157072922,7.130490457492101,-1.2481429630057757,-178.75185703699424,False,False,1636110.8125179268,1660270.0248070536,False
0.2333,37.927601,128.181885,7001.893641600001,-137.731,-0.767,7.331,1.0,37.964491,128.18188,6997.2070368,0.018,-1.266,180.002,1.0,1753.4756372375632,1766.8727372847302,4106.5787131137995,7.3703566546179715,-1.3314132228616335,-178.66858677713836,False,False,1606003.5254732359,1629538.7952674523,False
0.25,37.927864,128.181888,7001.321836800001,-147.18,0.077,7.53,1.0,37.964225,128.18188,6996.5200176,0.021,-1.346,180.003,1.0,1753.5206160056987,1773.590024926934,4047.6909139207237,7.541335467773471,-1.4140298494983092,-178.58597015050168,False,False,1606076.7881693572,1641423.211290758,False
0.2666,37.928127,128.181893,7000.6665168,-156.068,0.949,7.569,1.0,37.96396,128.18188,6995.7927648,0.023,-1.426,180.003,1.0,1764.3162749434262,1777.6282018006063,3988.9144543764214,7.653215820855574,-1.4961311041000993,-178.5038688958999,False,False,1625059.0453121003,1648586.3030353545,False
0.2833,37.928389,128.181898,6999.9398736,-164.351,1.816,7.454,1.0,37.963696,128.18188,6995.0252784,0.026,-1.507,180.003,1.0,1747.189238140237,1760.3811642169314,3930.360651915469,7.710468235293299,-1.578858449651983,-178.421141550348,False,False,1594981.0772979704,1618068.6863113008,False
0.3,37.928651,128.181903,6999.154708800001,-171.997,2.652,7.198,1.0,37.963431,128.18188,6994.217558400001,0.028,-1.588,180.004,1.0,1747.2800185067333,1767.1090381744414,3871.695564478702,7.722175067963625,-1.6614086378436004,-178.3385913621564,False,False,1595131.9920614988,1629927.020017983,False
0.3166,37.928913,128.18191,6998.324738400001,-178.998,3.434,6.823,1.0,37.963167,128.18188,6993.3696048,0.031,-1.669,180.004,1.0,1758.0714852320948,1771.1190479565435,3813.1419671941035,7.7038334504796415,-1.7439997462799721,-178.25600025372003,False,False,1614037.7948889222,1637012.8690521584,False
0.3333,37.929174,128.181917,6997.464592800001,174.637,4.148,6.348,1.0,37.962903,128.18188,6992.4811128,0.034,-1.751,180.004,1.0,1740.9349821975006,1760.5852277093904,3754.6998179080742,7.6616768333936,-1.8278319094008308,-178.17216809059917,False,False,1584048.992268488,1618402.9869191032,False
0.35,37.929435,128.181924,6996.5876832,168.888,4.787,5.796,1.0,37.96264,128.18188,6991.5520824000005,0.037,-1.834,180.005,1.0,1740.9649670159752,1753.9977576748854,3696.3691411491914,7.607995836615814,-1.9131550574096627,-178.08684494259035,False,False,1584092.594791921,1606817.771193131,False
0.3666,37.929696,128.181932,6995.7080304,163.72,5.349,5.188,1.0,37.962376,128.18188,6990.5822088,0.039,-1.916,180.005,1.0,1751.5775008213395,1771.3460896978006,3637.927435952453,7.554429376228546,-1.998209859124048,-178.00179014087595,False,False,1602616.330848087,1637387.6777617729,False
0.3833,37.929956,128.181939,6994.8372168,159.09,5.835,4.54,1.0,37.962113,128.18188,6989.571492000001,0.042,-1.999,180.005,1.0,1734.2926504727004,1754.1597083897275,3579.7084875253486,7.5057582331090344,-2.085135557138117,-177.91486444286187,False,False,1572481.4191339437,1607082.4225409888,False
0.4,37.930216,128.181947,6993.9871296,154.95,6.25,3.868,1.0,37.961851,128.18188,6988.5196272,0.045,-2.083,180.006,1.0,1734.3753212512831,1747.5849245924744,3521.6012501561772,7.4720768304087155,-2.1743349820200577,-177.82566501797996,False,False,1572616.4613672376,1595560.5003335231,False
0.4166,37.930476,128.181955,6993.1675224,151.243,6.602,3.183,1.0,37.961588,128.18188,6987.4269192,0.049,-2.167,180.006,1.0,1744.7704366755586,1764.90425191912,3463.383016940531,7.459155688723593,-2.2648862722092025,-177.7351137277908,False,False,1590691.4846320536,1625966.759418267,False
0.4333,37.930735,128.181963,6992.3863200000005,147.912,6.898,2.494,1.0,37.961326,128.18188,6986.293063200001,0.052,-2.251,180.006,1.0,1727.5977183048574,1747.768763680867,3405.3877937122616,7.471370547356646,-2.3570299540624107,-177.6429700459376,False,False,1560868.8234511027,1595859.9565175036,False
0.45,37.930994,128.18197,6991.651142400001,144.898,7.145,1.806,1.0,37.961064,128.18188,6985.1177544,0.055,-2.335,180.007,1.0,1727.4052699840413,1747.8669497084622,3347.392793510835,7.51071598411492,-2.450959722109515,-177.5490402778905,False,False,1560529.1590599364,1596020.0419677687,False
0.4666,37.931252,128.181977,6990.967476,142.144,7.351,1.124,1.0,37.960803,128.18188,6983.9009928000005,0.058,-2.42,180.007,1.0,1731.0324365283354,1751.7984438074216,3289.6208897350784,7.581027857220523,-2.5478162021939337,-177.45218379780607,False,False,1566794.6193551284,1602887.566534094,False
0.4833,37.93151,128.181983,6990.339283200001,139.595,7.522,0.447,1.0,37.960541,128.18188,6982.642778400001,0.062,-2.506,180.008,1.0,1720.4867109814022,1748.073879176859,3231.7379586039124,7.682361881709469,-2.6478065091957927,-177.3521934908042,False,False,1548589.0720633948,1596357.4773330123,False
0.5,37.931768,128.181988,6989.7699168,137.204,7.664,359.778,1.0,37.96028,128.181879,6981.342806400001,0.065,-2.591,180.008,1.0,1720.3249235840108,1741.532163184618,3173.966940934545,7.816278635776135,-2.749071513356142,-177.25092848664386,False,False,1548305.148506753,1584930.72313563,False
0.5166,37.932025,128.181992,6989.261205600001,134.926,7.78,359.115,1.0,37.960019,128.181879,6980.0010768,0.069,-2.677,180.008,1.0,1723.8425850801386,1752.1295835737847,3116.307381371833,7.981050995781931,-2.8536123460312486,-177.14638765396876,False,False,1554357.8674697848,1603429.4663770227,False
0.5333,37.932282,128.181995,6988.814064,132.728,7.873,358.456,1.0,37.959758,128.181879,6978.6175896,0.072,-2.764,180.009,1.0,1713.4021324087475,1741.7549286197695,3058.6482864568716,8.176063717147152,-2.9617475736865653,-177.03825242631345,False,False,1536410.287112147,1585291.97587068,False
0.55,37.932538,128.181997,6988.4278824,130.583,7.946,357.801,1.0,37.959498,128.181879,6977.19204,0.076,-2.85,180.009,1.0,1706.643540773023,1735.2187454232385,3001.2123915180996,8.400803189568643,-3.071468206999302,-176.9285317930007,False,False,1524849.1539240787,1573914.9275531648,False
0.5666,37.932794,128.181998,6988.1020512000005,128.472,8.0,357.147,1.0,37.959238,128.181879,6975.724123200001,0.08,-2.937,180.009,1.0,1716.8546708138642,1745.7992863222962,2943.777184770065,8.65383127118852,-3.185000202642352,-176.81499979735764,False,False,1542324.8513280917,1592316.0590344986,False
0.5833,37.93305,128.181997,6987.834741600001,126.384,8.036,356.493,1.0,37.958978,128.181879,6974.2144488,0.083,-3.024,180.01,1.0,1706.53763770612,1735.4738487975335,2886.3424931311492,8.934495235935545,-3.301420076306858,-176.69857992369316,False,False,1524662.604022504,1574328.4200543866,False
0.6,37.933305,128.181995,6987.623515200001,124.313,8.054,355.837,1.0,37.958718,128.181879,6972.6621024,0.087,-3.112,180.01,1.0,1699.8682121936686,1735.6088238084326,2829.020120424974,9.240971339608869,-3.421850166311954,-176.57814983368806,False,False,1513301.1475585855,1574547.4514473462,False
0.6166,37.93356,128.181991,6987.465019200001,122.258,8.054,355.178,1.0,37.958458,128.181879,6971.0673888,0.091,-3.2,180.011,1.0,1710.1858481249014,1746.2028500822844,2771.6986363852734,9.572832740259893,-3.5454461211405692,-176.45455387885946,False,False,1530891.441393882,1592975.014826122,False
0.6333,37.933814,128.181986,6987.3559008,120.225,8.036,354.516,1.0,37.958199,128.181879,6969.430308,0.095,-3.288,180.011,1.0,1693.3394584887874,1729.2328048073052,2714.601229635357,9.927957974962919,-3.6723140633112115,-176.3276859366888,False,False,1502221.8145821302,1563469.810340818,False
0.65,37.934068,128.181978,6987.2925024,118.218,7.999,353.851,1.0,37.95794,128.181879,6967.7502504,0.099,-3.377,180.011,1.0,1693.6493846459275,1729.3806008154816,2657.5049577941377,10.30642558077399,-3.803509040339506,-176.19649095966048,False,False,1502746.0510744255,1563708.919231543,False
0.6666,37.934322,128.181969,6987.270252000001,116.246,7.944,353.181,1.0,37.957681,128.181878,6966.0278256,0.103,-3.466,180.012,1.0,1703.9878879980433,1739.9569256371742,2600.4110283901796,10.706225821749443,-3.938535240855638,-176.06146475914437,False,False,1520309.0750387919,1582038.4483123037,False
0.6833,37.934575,128.181958,6987.2848824,114.315,7.87,352.508,1.0,37.957422,128.181878,6964.2624240000005,0.107,-3.555,180.012,1.0,1687.4484760829268,1729.6854101854594,2543.43030677074,11.128102696003353,-4.077185738594344,-175.92281426140568,False,False,1492263.037009284,1564201.89320454,False
0.7,37.934827,128.181946,6987.3318216,112.433,7.778,351.831,1.0,37.957164,128.181878,6962.453740800001,0.112,-3.644,180.013,1.0,1680.9777920622766,1723.1930317487258,2486.675085699016,11.570492953119471,-4.219913082867961,-175.78008691713205,False,False,1481365.4863115768,1552975.459310899,False
0.7166,37.93508,128.181931,6987.4055832,110.606,7.668,351.152,1.0,37.956905,128.181878,6960.6023856,0.116,-3.734,180.013,1.0,1698.4760710882108,1740.4293333244293,2429.700188197662,12.034341949348432,-4.367793509747688,-175.63220649025232,False,False,1510933.5229921108,1582807.3235328028,False
0.7333,37.935331,128.181914,6987.5022048,108.835,7.541,350.473,1.0,37.956647,128.181878,6958.7077488,0.12,-3.824,180.014,1.0,1675.520719507366,1723.5241756164276,2373.06307211851,12.517053046607689,-4.520138559187097,-175.4798614408129,False,False,1472208.8292459426,1553509.4033119127,False
0.75,37.935583,128.181894,6987.6158952000005,107.121,7.397,349.797,1.0,37.956389,128.181878,6956.7695256,0.125,-3.914,180.014,1.0,1683.0925495631561,1723.6979443518558,2316.319150898855,13.017531123941644,-4.677282945521079,-175.32271705447891,False,False,1484925.3686161658,1553789.905549632,False
0.7666,37.935833,128.181873,6987.7420824,105.46,7.237,349.123,1.0,37.956132,128.181878,6954.7883256,0.129,-4.005,180.014,1.0,1680.1907501080398,1727.5678795433016,2259.9146625567746,13.533241011848183,-4.84050943303917,-175.15949056696084,False,False,1480046.8192666767,1560448.564148115,False
0.7833,37.936084,128.181849,6987.8755848,103.849,7.063,348.452,1.0,37.955874,128.181878,6952.7635392,0.134,-4.096,180.015,1.0,1677.8952614829273,1724.0547152179186,2203.293987977631,14.067691247946723,-5.009374965034163,-174.99062503496586,False,False,1476193.9043571095,1554365.649094265,False
0.8,37.936333,128.181823,6988.010916,102.284,6.873,347.783,1.0,37.955617,128.181877,6950.6951664,0.138,-4.187,180.015,1.0,1665.4322889153318,1717.5997173292349,2147.01460149948,14.616415186290467,-5.184066547451512,-174.8159334525485,False,False,1455361.331730272,1543237.4292383103,False
0.8166,37.936583,128.181795,6988.1428944,100.761,6.67,347.116,1.0,37.955359,128.181877,6948.5829023999995,0.143,-4.278,180.016,1.0,1683.0451393031483,1734.8191469585577,2090.5215025567854,15.184895066570752,-5.365363893381909,-174.63463610661807,False,False,1484850.7419813448,1572941.0568468298,False
0.8333,37.936831,128.181764,6988.266033600001,99.277,6.453,346.451,1.0,37.955102,128.181877,6946.427052000001,0.148,-4.37,180.016,1.0,1661.1582944288289,1717.9773423130894,2034.3728973412756,15.772623885899298,-5.554674772916791,-174.4453252270832,False,False,1448254.9186732513,1543844.2532000686,False
0.85,37.93708,128.181731,6988.375456800001,97.828,6.222,345.79,1.0,37.954845,128.181877,6944.2273104000005,0.153,-4.461,180.017,1.0,1668.8488332656807,1718.1768313209295,1978.1250251805864,16.376148388388412,-5.7507589699588255,-174.2492410300412,False,False,1461060.7663195396,1544165.4185975492,False
0.8666,37.937327,128.181695,6988.4653728,96.411,5.979,345.13,1.0,37.954589,128.181877,6941.9836776,0.158,-4.553,180.017,1.0,1667.2965629272037,1722.0466192975969,1922.2255819549107,17.001374959636724,-5.95633696270711,-174.0436630372929,False,False,1458472.3483226025,1550799.883749077,False
0.8833,37.937574,128.181657,6988.5306,95.024,5.723,344.473,1.0,37.954332,128.181877,6939.6958488,0.163,-4.644,180.017,1.0,1658.5421525062447,1718.5892526519624,1866.2311068083764,17.644487550276235,-6.1703902247685924,-173.8296097752314,False,False,1443915.1094285138,1544829.6779610498,False
0.9,37.937821,128.181616,6988.565652000001,93.665,5.455,343.818,1.0,37.954075,128.181876,6937.364433600001,0.168,-4.736,180.018,1.0,1660.5123376594709,1718.8073089048548,1810.2552726144359,18.307274155199988,6.395666772273544,173.60433322772647,False,False,1447185.029110846,1545181.587495138,False
0.9166,37.938067,128.181573,6988.5616896,92.421,5.204,343.409,1.0,37.953819,128.181876,6934.9885176,0.173,-4.827,180.018,1.0,1665.276551290801,1722.6903911797724,1754.5245700655869,18.776655500477062,6.631528590694874,173.36847140930513,False,False,1455107.3746328077,1551840.0970776808,False
0.9333,37.938311,128.181528,6988.5086544000005,91.429,4.933,344.923,1.0,37.953563,128.181876,6932.569015200001,0.179,-4.919,180.019,1.0,1643.5824688348996,1712.5937003378792,1699.0409892977011,17.478243293719732,6.880469097785823,173.11953090221417,False,False,1419215.5243263836,1534473.869151406,False
0.95,37.938555,128.181482,6988.399536,90.336,4.625,348.04,1.0,37.953307,128.181876,6930.105012,0.184,-5.01,180.019,1.0,1644.3571998018979,1712.821185662786,1643.5836643752064,14.744736276139559,7.1418862027632555,172.85811379723674,False,False,1420488.0885798836,1534839.321343566,False
0.9666,37.938799,128.181438,6988.2300672,88.711,4.35,351.427,1.0,37.953051,128.181876,6927.5971176,0.189,-5.102,180.02,1.0,1652.7588172484789,1723.3691612745301,1588.1493764247327,11.909583330266347,7.417118872818054,172.58288112718196,False,False,1434336.9803848024,1552937.1532893507,False
0.9833,37.939043,128.181397,6988.0039056000005,86.406,4.161,354.955,1.0,37.952796,128.181876,6925.0447224,0.195,-5.194,180.02,1.0,1640.7401638904607,1706.6460846775192,1532.848168081622,9.28411092267558,7.705926529706881,172.2940734702931,False,False,1414543.0512025002,1524231.9189994768,False
1.0,37.939287,128.18136,6987.7359864,83.221,4.08,358.218,1.0,37.95254,128.181875,6922.448436000001,0.201,-5.286,180.021,1.0,1638.1328269090557,1713.5297602773492,1477.4533739028777,7.49846895914359,8.008415776673615,171.99158422332638,False,False,1410265.8604095564,1535978.1486329744,False
1.0166,37.939531,128.181327,6987.4525224,79.007,4.125,0.93,1.0,37.952285,128.181875,6919.8076488,0.206,-5.378,180.021,1.0,1645.632582517942,1717.412135885063,1422.193678340776,6.925355251526723,8.328123704403502,171.6718762955965,False,False,1422576.7996011295,1542612.3539217515,False
1.0333,37.939774,128.1813,6987.1916136,73.77,4.324,3.136,1.0,37.95203,128.181875,6917.122970400001,0.212,-5.47,180.022,1.0,1626.080794216931,1707.3736875337654,1367.0625348319684,7.332674252696947,8.665065839255817,171.33493416074418,False,False,1390590.317298093,1525396.2584189973,False
1.05,37.940017,128.181279,6987.003247200001,67.528,4.702,4.943,1.0,37.951775,128.181875,6914.3937912,0.218,-5.562,180.022,1.0,1623.5955188146056,1707.626646968189,1311.9512887070841,8.30886914600411,9.02354072325382,170.9764592767462,False,False,1386550.2997515881,1525801.4225903817,False
1.0666,37.94026,128.181264,6986.9450304,60.284,5.277,6.436,1.0,37.95152,128.181875,6911.620416,0.224,-5.655,180.023,1.0,1631.4900263632958,1718.1703972633197,1256.8643810009105,9.57908615076496,9.408705292014254,170.59129470798575,False,False,1399398.377543826,1543834.5993685634,False
1.0833,37.940502,128.181255,6987.0809712,52.032,6.075,7.666,1.0,37.951265,128.181874,6908.8028448000005,0.23,-5.747,180.023,1.0,1613.8469686507565,1708.1494058256267,1201.9157693804518,11.037925793952224,9.8236512472105,170.1763487527895,False,False,1370770.8767178364,1526639.4077291787,False
1.1,37.940743,128.181251,6987.475992000001,42.768,7.112,8.647,1.0,37.951011,128.181874,6905.940772800001,0.237,-5.84,180.023,1.0,1606.7786395834694,1701.7744956160818,1147.2380110783708,12.64575999310142,10.280070715879638,169.71992928412038,False,False,1359392.5297477993,1515742.361044264,False
1.1166,37.940984,128.181251,6988.1916624000005,32.501,8.388,9.34,1.0,37.950756,128.181874,6903.034504800001,0.243,-5.932,180.024,1.0,1616.7193545279817,1718.9673075280002,1092.5127082757283,14.382671702162318,10.78609257964476,169.21390742035524,False,False,1375421.485418762,1545119.9455015282,False
1.1333,37.941224,128.181255,6989.2797984,21.205,9.88,9.685,1.0,37.950502,128.181874,6900.0837360000005,0.249,-6.025,180.024,1.0,1601.2654884623228,1702.317573529149,1038.0906695799597,16.232639197315006,11.353249344195046,168.64675065580494,False,False,1350567.00300522,1516609.2667427293,False
1.15,37.941462,128.181262,6990.7760616,8.78,11.549,9.595,1.0,37.950248,128.181874,6897.0887712,0.256,-6.118,180.025,1.0,1589.4234225502712,1702.5942992920493,983.998554192774,18.182410483457286,11.992969804643426,168.00703019535658,False,False,1331689.5021401986,1517051.0095889808,False
1.1666,37.9417,128.18127,6992.6932536,-4.919,13.33,8.908,1.0,37.949994,128.181873,6894.0496104,0.263,-6.211,180.025,1.0,1600.7589330122335,1713.1415380304843,930.0469958246784,-20.20620556026905,12.721836592601765,167.27816340739824,False,False,1349789.4761046486,1535034.4962745558,False
1.1833,37.941937,128.181279,6995.0179632,-19.985,15.048,7.401,1.0,37.94974,128.181873,6890.9659488,0.269,-6.303,180.026,1.0,1586.6302380002949,1703.1619312902062,876.3895381862569,-22.21702276887658,13.555773082623563,166.44422691737645,False,False,1327295.4489772515,1517957.5733198922,False
1.2,37.942174,128.181286,6997.707213600001,-36.495,16.389,4.97,1.0,37.949486,128.181873,6887.8377864,0.276,-6.396,180.026,1.0,1588.4158746930907,1703.4528897906966,822.9655739633789,-24.098007430536807,14.518531805828285,165.48146819417173,False,False,1330156.5609347585,1518422.4882961372,False
1.2166,37.942409,128.18129,7000.6902912000005,-54.422,16.963,1.74,1.0,37.949233,128.181873,6884.665428,0.283,-6.49,180.027,1.0,1586.262365636018,1707.345444195601,770.1570944110995,-25.71288718074653,15.627851690279655,164.37214830972036,False,False,1326767.4657607847,1525029.737127233,False
1.2333,37.942644,128.181292,7003.869050400001,-73.564,16.457,358.102,1.0,37.948979,128.181872,6881.4485688,0.29,-6.583,180.028,1.0,1578.0291014257734,1704.0532024556337,717.5656282529613,-26.948462479736524,16.907433678542297,163.0925663214577,False,False,1313772.414896422,1519382.616006873,False
1.25,37.942878,128.181289,7007.120656800001,-93.442,14.794,354.622,1.0,37.948726,128.181872,6878.1872088,0.298,-6.676,180.028,1.0,1571.9905828343626,1697.7266114678941,665.6132408049785,-27.745535851096236,18.390869881580915,161.6091301184191,False,False,1304293.5760489674,1508589.7982343077,False
1.2666,37.943112,128.181282,7010.3170944,-113.492,12.184,351.804,1.0,37.948473,128.181872,6874.8816528,0.305,-6.769,180.029,1.0,1581.4059581419929,1708.2621868806136,614.1480507673866,-28.135017781974675,20.115306694146078,159.88469330585394,False,False,1319170.128357295,1526499.4077234995,False
1.2833,37.943346,128.181272,7013.336748,-133.444,8.99,349.924,1.0,37.94822,128.181872,6871.531596000001,0.312,-6.863,180.029,1.0,1571.1312124430938,1698.3457568101371,563.2656065887538,-28.20662298603494,22.131582752917538,157.86841724708245,False,False,1303003.982176227,1509575.860163412,False
1.3,37.94358,128.181258,7016.074156800001,-153.257,5.572,349.034,1.0,37.947967,128.181872,6868.137038400001,0.32,-6.956,180.03,1.0,1570.1209545782995,1698.6625642217537,513.1145209860932,-28.106697514724598,24.51039200872194,-155.4896079912781,False,False,1301444.089632718,1510080.669631837,False
1.3166,37.943814,128.181242,7018.4698848,-171.834,2.453,348.997,1.0,37.947715,128.181871,6864.69798,0.328,-7.05,180.03,1.0,1578.0952549577953,1702.5701884205105,463.9784406484098,-28.235422477970584,27.345672155491698,-152.65432784450832,False,False,1314019.9945559285,1516692.3136946934,False
1.3333,37.944048,128.181225,7020.607142400001,173.319,1.293,349.395,1.0,37.947462,128.181871,6861.2144208,0.335,-7.143,180.031,1.0,1567.5968024403076,1699.3085378159767,416.0023350479985,-30.23174563548279,30.806354082902008,-149.193645917098,False,False,1297528.5045435552,1511110.2817468746,False
1.35,37.944283,128.181207,7022.6398536,161.698,2.277,349.681,1.0,37.94721,128.181871,6857.686665600001,0.343,-7.237,180.031,1.0,1574.0403218872043,1693.0214805955588,369.83221234122993,-34.89988490915974,35.12430581598504,-144.87569418401498,False,False,1307670.0385836933,1500411.7998181954,False
1.3666,37.944518,128.181189,7024.6414752,151.742,3.734,349.774,1.0,37.946957,128.18187,6854.114104800001,0.351,-7.331,180.032,1.0,1583.3787479285315,1710.219938759984,326.14772624250827,41.32508453234417,40.61949341729688,-139.3805065827031,False,False,1322432.330018632,1529642.0175519388,False
1.3833,37.944754,128.181169,7026.6171888,141.779,5.04,349.795,1.0,37.946705,128.18187,6850.497348,0.36,-7.424,180.032,1.0,1581.0793295893302,1693.6947030370752,286.31519741872296,49.33159675853465,47.714222212906996,-132.28577778709302,False,False,1318813.4986818684,1501481.3033656874,False
1.4,37.944991,128.181148,7028.602960800001,131.663,5.986,349.739,1.0,37.946453,128.18187,6846.8360904,0.368,-7.518,180.033,1.0,1588.1135325416985,1694.0375014642095,252.08342164163682,59.19795118538112,56.9159939775129,-123.08400602248712,False,False,1329979.3453465656,1502026.053329472,False
1.4166,37.945227,128.181125,7030.6210416,122.663,6.101,350.022,1.0,37.946202,128.18187,6843.130332000001,0.377,-7.612,180.034,1.0,1591.9303919848994,1697.9435469651053,226.30223531459632,70.6207518705743,68.54279601549605,-111.45720398450395,False,False,1336068.0263002042,1508614.328410529,False
1.4333,37.945464,128.1811,7032.6705168,117.042,5.503,351.054,1.0,37.94595,128.181869,6839.380072800001,0.385,-7.706,180.034,1.0,1590.003313731084,1694.7436120299028,211.77367865351192,83.43603594014746,82.47487374636616,-97.52512625363386,False,False,1333022.2071614908,1503149.361849005,False
1.45,37.945701,128.181072,7034.709628800001,115.038,4.572,352.725,1.0,37.945698,128.181869,6835.5853128,0.394,-7.8,180.035,1.0,1591.3365581797068,1695.0906146948303,211.0655383173153,96.81258752053604,97.4351689063956,-82.5648310936044,False,False,1335162.9558808892,1503700.2887210187,False
1.4666,37.945939,128.181043,7036.7085072,116.098,3.74,354.105,1.0,37.945447,128.181869,6831.746052,0.403,-7.894,180.035,1.0,1607.8928671268106,1699.0196215922208,224.2103020673641,109.58778862639073,111.55017494979688,-68.44982505020313,False,False,1361666.2735607708,1510330.3796985324,False
1.4833,37.946178,128.181013,7038.639415200001,119.637,2.803,355.461,1.0,37.945195,128.181868,6827.8625952,0.412,-7.988,180.036,1.0,1605.091078084868,1695.8189074196102,249.07436050986132,120.17495430005617,123.53751631316636,-56.46248368683362,False,False,1357184.157694893,1504859.3421001385,False
1.5,37.946417,128.180984,7040.462728800001,125.263,1.221,357.685,1.0,37.944944,128.181868,6823.9343328,0.421,-8.082,180.036,1.0,1604.1317185724247,1689.5795760680714,282.4847768982206,127.39412308803735,133.02338299044666,-46.97661700955334,False,False,1355662.639084447,1494259.507557935,False
1.5166,37.946657,128.180955,7042.1302896,132.536,-0.638,359.883,1.0,37.944693,128.181868,6819.961569600001,0.431,-8.176,180.037,1.0,1619.8463965613885,1700.1330590051923,321.8481977221167,132.22770662276295,140.39030130423626,-39.60969869576377,False,False,1381010.8812309634,1512107.1852876942,False
1.5333,37.946898,128.180928,7043.5851,141.185,-2.476,1.53,1.0,37.944442,128.181868,6815.944305600001,0.44,-8.271,180.038,1.0,1615.075276603879,1690.3297854530153,365.21451424593954,135.61706291155207,146.1330729687516,-33.86692703124838,False,False,1373308.0483694633,1495448.9720193306,False
1.55,37.947139,128.180902,7044.7735152000005,151.01,-4.259,2.574,1.0,37.944191,128.181867,6811.8828456,0.45,-8.365,180.038,1.0,1613.8397554255355,1690.7166117227766,411.234893648348,138.04908527919676,150.66535010520968,-29.334649894790328,False,False,1371325.0062888123,1496063.0814854763,False
1.5666,37.947381,128.180878,7045.6495104000005,161.918,-6.02,3.048,1.0,37.943941,128.181867,6807.77658,0.46,-8.459,180.039,1.0,1628.6608102959135,1694.6493369095049,459.0948435421343,139.81823401411233,154.3075776936683,-25.6924223063317,False,False,1395362.236268035,1502679.6697421693,False
1.5833,37.947623,128.180856,7046.1823008,173.936,-7.769,2.983,1.0,37.94369,128.181867,6803.6261184,0.47,-8.553,180.04,1.0,1617.5872261374298,1691.4832785890874,508.3315622885507,-141.14333675627128,157.30227658665262,-22.69772341334739,False,False,1377393.6607416323,1497278.6209472513,False
1.6,37.947866,128.180834,7046.360608800001,-172.852,-9.483,2.3,1.0,37.94344,128.181866,6799.430851200001,0.48,-8.648,180.04,1.0,1623.9564962312045,1685.2961117296961,558.5158848798983,-142.19856730042142,159.80052551926997,-20.19947448073002,False,False,1387718.5430900534,1486791.1306625367,False
1.6166,37.948109,128.180812,7046.192664,-158.427,-11.031,0.789,1.0,37.943189,128.181866,6795.191388000001,0.49,-8.742,180.041,1.0,1633.7353540963434,1702.4689716863977,609.5360986845558,-143.22659746546424,161.91164965690263,-18.088350343097392,False,False,1403645.1489005678,1515838.3634026004,False
1.6333,37.948351,128.180791,7045.698583200001,-142.73,-12.118,358.385,1.0,37.942939,128.181865,6790.907424000001,0.501,-8.836,180.041,1.0,1617.1757899675963,1686.0959869818116,660.8874894858551,-144.48140609787905,163.71811135416993,-16.281888645830076,False,False,1376723.467839598,1488055.8909476541,False
1.65,37.948594,128.180768,7044.910065600001,-125.802,-12.381,355.263,1.0,37.942689,128.181865,6786.5786544,0.511,-8.931,180.042,1.0,1624.9902161449434,1686.498069478955,712.8201030510414,-146.18547481559744,165.274300511234,-14.725699488766002,False,False,1389383.5685782111,1488691.4707392927,False
1.6666,37.948837,128.180744,7043.86704,-107.848,-11.558,351.858,1.0,37.942439,128.181865,6782.2059936,0.522,-9.025,180.043,1.0,1635.6983915056353,1697.0660867215515,765.1252876244331,-148.44302515123,166.62644739700016,-13.373552602999847,False,False,1406831.3526948772,1506527.3717573378,False
1.6833,37.949079,128.180719,7042.6210176,-89.183,-9.628,348.737,1.0,37.94219,128.181864,6777.7885272,0.533,-9.119,180.043,1.0,1620.1953072384874,1680.7476668899087,817.5269848738195,-151.2262003534055,167.80701047353844,-12.192989526461556,False,False,1381580.9362010555,1478923.7597382017,False
1.7,37.949321,128.180691,7041.233568000001,-70.191,-6.847,346.387,1.0,37.94194,128.181864,6773.32656,0.544,-9.214,180.044,1.0,1621.962170565682,1687.7423339028549,870.3397105309675,-154.41552536247318,168.83493811908494,-11.165061880915054,False,False,1384431.5545426966,1490660.7357335517,False
1.7166,37.949563,128.180662,7039.779672000001,-51.177,-3.631,345.063,1.0,37.94169,128.181864,6768.820396800001,0.556,-9.308,180.045,1.0,1632.431185797666,1698.3329726733525,923.4006972801892,-157.82402686545618,169.73540846689258,-10.264591533107415,False,False,1401452.443502806,1508546.895579032,False
1.7333,37.949805,128.180629,7038.335224800001,-32.203,-0.373,344.8,1.0,37.941441,128.181863,6764.2697328,0.567,-9.402,180.045,1.0,1624.7358811543234,1682.0213705268036,976.6046790332585,-161.31114854756083,170.51588122490656,-9.48411877509345,False,False,1388905.8318874426,1480932.7712295963,False
1.75,37.950046,128.180596,7036.9645392,-13.221,2.634,345.523,1.0,37.941191,128.181863,6759.674568,0.579,-9.497,180.046,1.0,1617.8876978060316,1689.0233460372335,1030.0192759941963,-164.79327985964173,171.1974150604319,-8.802584939568131,False,False,1377789.349654396,1492689.6943316832,False
1.7666,37.950288,128.180561,7035.709068,5.853,5.173,347.138,1.0,37.940942,128.181863,6755.0352072,0.591,-9.591,180.047,1.0,1635.1201363151438,1693.0195981690292,1083.6350216545663,168.2193271032432,171.7869393891589,-8.21306061084109,False,False,1405805.6664233294,1499401.9459068985,False
1.7833,37.950529,128.180526,7034.587404,25.117,7.032,349.523,1.0,37.940693,128.181862,6750.3513456,0.603,-9.685,180.047,1.0,1618.3609876465553,1683.3319019182497,1137.2966638999574,171.4152352945682,172.30498091934786,-7.695019080652155,False,False,1378531.8797336037,1483001.4790311842,False
1.8,37.950771,128.180491,7033.594365600001,44.636,8.005,352.474,1.0,37.940444,128.181862,6745.622983200001,0.615,-9.78,180.048,1.0,1624.6778388756231,1683.769731349768,1191.214989407921,173.82578005848882,172.75573455914164,-7.244265440858369,False,False,1388765.038252194,1483692.2177330335,False
1.8166,37.951013,128.180457,7032.6985584,64.358,7.92,355.72,1.0,37.940195,128.181861,6740.850424800001,0.628,-9.874,180.049,1.0,1633.6706884635146,1694.3709083306064,1245.2323308960536,174.15941703938236,173.1556800479406,6.844319952059409,False,False,1403407.1724901602,1501551.5483169071,False
1.8333,37.951256,128.180426,7031.851214400001,84.181,6.701,358.89,1.0,37.939947,128.181861,6736.033365600001,0.641,-9.968,180.05,1.0,1628.7641214903795,1678.1039570014068,1299.325395621374,172.108371470375,173.5124431019759,6.487556898024113,False,False,1395395.1854388595,1474074.366856651,False
1.85,37.951499,128.180396,7030.9895448,103.999,4.427,1.568,1.0,37.939698,128.18186,6731.171805600001,0.654,-10.062,180.05,1.0,1628.273584779724,1685.1374669744523,1353.5789907123117,169.04376769108038,173.83356243870793,6.166437561292098,False,False,1394587.8870652195,1485854.3872879238,False
1.8666,37.951743,128.180368,7030.0449696000005,123.759,1.355,3.404,1.0,37.939449,128.18186,6726.2660496,0.667,-10.157,180.051,1.0,1643.9326087291436,1695.7426152804308,1407.9801584590195,165.83518961223373,174.11867387182704,5.881326128172969,False,False,1420198.4015226315,1503733.6455943673,False
1.8833,37.951987,128.180343,7028.9498232000005,143.494,-2.136,4.189,1.0,37.939201,128.18186,6721.316097600001,0.68,-10.251,180.052,1.0,1633.0811928318099,1679.4900808107768,1462.2772534974476,162.86246853568161,174.37596109706877,5.624038902931232,False,False,1402407.5419741678,1476257.0602794238,False
1.9,37.952232,128.180319,7027.643755200001,163.292,-5.638,3.878,1.0,37.938953,128.181859,6716.3216448,0.694,-10.345,180.053,1.0,1639.8610507743754,1679.9706358625176,1516.6799292474739,160.31076050506056,174.60613224073145,5.393867759268552,False,False,1413489.7755553515,1477015.2843381339,False
1.9166,37.952476,128.180296,7026.078912,-176.786,-8.783,2.565,1.0,37.938705,128.181859,6711.282996000001,0.708,-10.439,180.053,1.0,1643.4818048349578,1690.55866141871,1570.975461144841,-158.27090988541477,174.8037638184546,5.196236181545417,False,False,1419418.51817415,1494809.4972416337,False
1.9333,37.952721,128.180274,7024.2339576,-156.726,-11.298,0.42,1.0,37.938457,128.181858,6706.200151200001,0.722,-10.534,180.054,1.0,1640.942089401431,1680.9209554223162,1625.3602427483154,-156.78358663548065,174.9750363334774,5.0249636665226065,False,False,1415229.674324865,1478512.9869017017,False
1.95,37.952966,128.180252,7022.115597600001,-136.475,-12.976,357.632,1.0,37.938209,128.181858,6701.073110400001,0.736,-10.628,180.055,1.0,1642.1255211697396,1681.3939432471684,1679.7490832210456,-155.87360994070758,175.11101584158027,4.88898415841974,False,False,1417151.5435636984,1479257.8748122351,False
1.9666,37.953211,128.180228,7019.7433392,-116.099,-13.675,354.504,1.0,37.937961,128.181857,6695.901568800001,0.751,-10.722,180.056,1.0,1654.0474144577631,1692.0226274152521,1734.1444007883943,-155.55285263990606,175.21276653178927,4.787233468210738,False,False,1436776.5906545713,1497134.648962279,False
1.9833,37.953455,128.180203,7017.1534536,-95.715,-13.349,351.379,1.0,37.937713,128.181857,6690.6858312,0.766,-10.816,180.056,1.0,1639.1167725967096,1682.3718253155896,1788.449536867362,-155.82402567329217,175.27953456322615,4.720465436773839,False,False,1412166.665019673,1480800.6935143918,False
2.0,37.953699,128.180177,7014.396537600001,-75.444,-12.051,348.597,1.0,37.937465,128.181856,6685.425897600001,0.781,-10.91,180.057,1.0,1640.5227468445398,1682.8733428023902,1842.7665650452434,-156.6835340666428,175.31737804740268,4.682621952597327,False,False,1414445.173262632,1481592.9758361445,False
2.0166,37.953943,128.180148,7011.5298936,-55.365,-9.927,346.464,1.0,37.937218,128.181856,6680.121768,0.796,-11.004,180.058,1.0,1652.480137611821,1686.9181173039424,1897.0224697697743,-158.12612285870668,175.31909679690168,4.680903203098319,False,False,1434104.922231864,1488355.983380296,False
2.0333,37.954186,128.180117,7008.616005600001,-35.539,-7.216,345.214,1.0,37.93697,128.181855,6674.773442400001,0.811,-11.098,180.059,1.0,1637.2967836866496,1683.871994217407,1951.3135234336517,-160.1213266358925,175.29657195349807,4.703428046501944,False,False,1409101.4230866411,1483169.6134337657,False
2.05,37.95443,128.180085,7005.714919200001,-16.034,-4.228,344.979,1.0,37.936723,128.181855,6669.3812256,0.827,-11.193,180.06,1.0,1644.3397306380568,1677.8239036306454,2005.6540268944943,-162.609734602636,175.25067171781535,4.749328282184656,False,False,1420629.1690897914,1472950.813193219,False
2.0666,37.954673,128.180051,7002.8766216,3.168,-1.307,345.792,1.0,37.936476,128.181854,6663.9445080000005,0.843,-11.287,180.061,1.0,1648.335506531519,1688.4575079773429,2059.933095933766,-165.50065219614893,175.1881314451057,4.811868554894289,False,False,1427179.7310674735,1490795.3495319076,False
2.0833,37.954916,128.180017,7000.134336,22.097,1.202,347.578,1.0,37.936229,128.181854,6658.4638992,0.86,-11.38,180.061,1.0,1637.8787848423954,1678.8505318594023,2114.2624005686166,168.65365370347075,175.11338182613997,4.886618173860027,False,False,1409971.324304535,1474566.7791593887,False
2.1,37.95516,128.179983,6997.4847096,41.103,2.975,350.17,1.0,37.935982,128.181853,6652.9387896,0.876,-11.474,180.062,1.0,1643.9265009842866,1679.381691006021,2168.7348986744205,171.804390227308,175.0304930553774,4.969506944622587,False,False,1419869.0537466186,1475404.474224152,True
2.1166,37.955404,128.179949,6994.8939096,60.77,3.721,353.298,1.0,37.935735,128.181853,6647.3700936,0.893,-11.568,180.063,1.0,1653.4913510396195,1690.009403397767,2223.2466004821526,174.2400538325039,174.93802179495339,5.06197820504662,False,False,1435613.300339992,1493254.323714841,False
2.1333,37.955649,128.179916,6992.3399904,80.776,3.316,356.566,1.0,37.935488,128.181852,6641.7568968000005,0.91,-11.662,180.064,1.0,1649.4196764398819,1680.4287816765566,2277.88220313588,174.3911143901203,174.8430607207114,5.156939279288599,False,False,1428864.0654803785,1477053.830415482,False
2.15,37.955894,128.179885,6989.779365600001,100.894,1.791,359.552,1.0,37.935242,128.181852,6636.099808800001,0.928,-11.756,180.065,1.0,1648.384689100177,1674.4196859021988,2332.420880040693,172.08135190905261,174.7440816556687,5.2559183443313175,False,False,1427132.3614456048,1466918.5504583775,False
2.1666,37.956139,128.179856,6987.156256800001,121.008,-0.663,1.884,1.0,37.934995,128.181851,6630.3988296,0.945,-11.85,180.066,1.0,1657.657368145028,1691.617507245068,2387.059768807923,168.9022552469666,174.6443072710178,5.355692728982202,False,False,1442434.5709884982,1495806.896091306,False
2.1833,37.956385,128.179828,6984.411837600001,141.108,-3.743,3.304,1.0,37.934749,128.18185,6624.6536544,0.963,-11.944,180.067,1.0,1654.5679672974813,1675.5030054645367,2441.6931014902084,165.6658564866094,174.5398802890245,5.460119710975506,False,False,1437291.2615506598,1468620.8204202694,False
2.2,37.956632,128.179802,6981.4857576,161.17,-7.078,3.694,1.0,37.934502,128.18185,6618.864588,0.982,-12.037,180.068,1.0,1661.3882352796209,1682.5586413694855,2496.5315959385334,162.690462862697,174.43084838906478,5.569151610935227,False,False,1448570.4214675345,1480410.6792354747,False
2.2166,37.956878,128.179778,6978.3201048,-178.974,-10.31,3.086,1.0,37.934256,128.181849,6613.0313256,1.0,-12.131,180.069,1.0,1665.501869509049,1686.6939404350928,2551.1154025387345,-160.11473554448762,174.31875596069267,5.681244039307333,False,False,1455382.1815248055,1487319.9079994254,False
2.2333,37.957125,128.179754,6974.8722072,-159.701,-13.125,1.625,1.0,37.93401,128.181849,6607.1544768,1.019,-12.224,180.07,1.0,1664.1437088875782,1677.1314318396153,2605.7937179895252,-158.01722553641835,174.19841667707846,5.801583322921542,False,False,1453087.2724457902,1471178.9712821099,False
2.25,37.957371,128.17973,6971.124691200001,-141.35,-15.262,359.53,1.0,37.933764,128.181848,6601.233432,1.038,-12.318,180.071,1.0,1659.8791294936677,1677.696964901509,2660.3326191180063,-156.47691198530603,174.071775041762,5.928224958237994,False,False,1445962.7422172846,1472069.5388557906,False
2.2666,37.957617,128.179705,6967.1080368,-123.412,-16.568,357.022,1.0,37.933518,128.181847,6595.268496000001,1.058,-12.411,180.072,1.0,1672.5569961306353,1688.364326991029,2714.859257198863,-155.5384173531762,173.9384672035237,6.061532796476322,False,False,1467047.4426818518,1489964.5401242333,False
2.2833,37.957862,128.179679,6962.857600800001,-105.713,-17.01,354.342,1.0,37.933272,128.181847,6589.2599736,1.078,-12.505,180.073,1.0,1658.4832452827159,1678.8035423626052,2769.27480907675,-155.1810670631509,173.79722130540225,6.202778694597782,False,False,1443565.6449326298,1473809.2332447204,False
2.3,37.958106,128.179652,6958.4139216,-88.257,-16.631,351.732,1.0,37.933026,128.181846,6583.207255200001,1.098,-12.598,180.074,1.0,1654.1846339802028,1679.3809376360869,2823.5727822415797,-155.35921981532314,173.6532171838614,6.346782816138626,False,False,1436402.1315323673,1474719.3762769382,False
2.3166,37.958351,128.179622,6953.823328800001,-71.123,-15.534,349.413,1.0,37.93278,128.181846,6577.110950400001,1.119,-12.691,180.075,1.0,1673.6132850575966,1690.0580250259495,2878.0032576440576,-156.01863292834,173.50229615383145,6.497703846168545,False,False,1468684.4255080167,1492647.4890790465,False
2.3333,37.958595,128.179591,6949.136419200001,-54.391,-13.868,347.552,1.0,37.932535,128.181845,6570.9707544,1.139,-12.785,180.076,1.0,1658.5228719073057,1674.015534435308,2932.2183029894823,-157.09387694059538,173.3498478087823,6.650152191217717,False,False,1443496.8069851762,1465603.2151140017,False
2.35,37.958839,128.179558,6944.407447200001,-38.104,-11.786,346.246,1.0,37.932289,128.181844,6564.7866672,1.161,-12.878,180.077,1.0,1660.016182284027,1681.0961837319087,2986.5665847410723,-158.5359399081594,173.19621102926948,6.803788970730539,False,False,1445928.236014502,1477420.7546488906,False
2.3666,37.959082,128.179523,6939.689448,-22.267,-9.432,345.552,1.0,37.932044,128.181844,6558.5586888,1.182,-12.971,180.078,1.0,1664.4757317995732,1685.2610252326663,3040.72940121084,-160.31186220577806,173.04135980271286,6.958640197287147,False,False,1453294.8364000914,1484369.8511496494,False
2.3833,37.959326,128.179487,6935.0330184,-6.876,-6.947,345.526,1.0,37.931799,128.181843,6552.2874288,1.204,-13.064,180.079,1.0,1661.0026647760103,1675.756771733886,3095.0248325852217,-162.4085105702277,172.88878118921056,7.111218810789457,False,False,1447474.367746396,1468336.368519629,False
2.4,37.95957,128.179449,6930.4823544,8.093,-4.479,346.187,1.0,37.931553,128.181842,6545.9719728,1.226,-13.157,180.08,1.0,1661.1821033206472,1682.8464530572019,3149.469173536692,-164.80637886527353,172.73751569866258,7.262484301337419,False,False,1447727.8049771816,1480180.1483306617,False
2.4166,37.959813,128.179412,6926.073422400001,22.597,-2.194,347.537,1.0,37.931308,128.181841,6539.6132352,1.249,-13.25,180.081,1.0,1662.6086848156322,1687.040417444728,3203.717206629234,167.46230092411804,172.59117654917682,7.408823450823188,False,False,1450055.397339962,1487184.3831790152,False
2.4333,37.960057,128.179374,6921.808051200001,37.308,-0.334,349.587,1.0,37.931063,128.181841,6533.210606400001,1.272,-13.343,180.082,1.0,1658.4652593614558,1677.5288505680614,3258.1163053023056,170.2727462120481,172.4468840048743,7.55311599512571,False,False,1443133.2571797308,1471120.4320373533,False
2.45,37.960302,128.179338,6917.6200992,53.728,0.705,352.295,1.0,37.930818,128.18184,6526.7643912,1.295,-13.436,180.083,1.0,1663.069480270735,1678.1355049817635,3312.628419092249,172.80288909971017,172.30757919552056,7.692420804479444,False,False,1450738.7272498063,1472075.0805571605,False
2.4666,37.960547,128.179302,6913.474514400001,71.607,0.645,355.36,1.0,37.930574,128.181839,6520.2748944,1.319,-13.528,180.084,1.0,1672.7049473104844,1682.323285427564,3367.045656443272,173.8838121705574,172.1713805886256,7.828619411374417,False,False,1466768.945225126,1479047.8721390644,False
2.4833,37.960793,128.179267,6909.3417312,90.542,-0.611,358.373,1.0,37.930329,128.181839,6513.741506400001,1.343,-13.621,180.086,1.0,1668.5350917727108,1679.3356338949548,3421.6950443074074,172.42959951584982,172.03524067086556,7.964759329134438,False,False,1459762.1723267566,1473962.0687784222,False
2.5,37.961039,128.179234,6905.1717624,109.936,-2.933,0.894,1.0,37.930084,128.181838,6507.164532000001,1.368,-13.713,180.087,1.0,1667.7409083454022,1679.9538005219347,3476.332468710168,169.402111410882,171.9034291733259,8.096570826674121,False,False,1458396.4713481136,1474935.871001784,False
2.5166,37.961286,128.179204,6900.8941992,129.308,-5.991,2.585,1.0,37.92984,128.181837,6500.544276,1.393,-13.806,180.088,1.0,1683.792215777713,1684.1711609727474,3530.949850743844,165.97782965700057,171.77248448952275,8.227515510477248,False,False,1485252.7670553948,1481964.8122503813,False
2.5333,37.961533,128.179175,6896.428269600001,148.302,-9.364,3.299,1.0,37.929595,128.181836,6493.880433600001,1.418,-13.898,180.089,1.0,1674.9864561258842,1681.1808321927601,3585.6602025938587,162.69570780972043,171.64145691676174,8.35854308323826,False,False,1470420.672392647,1476867.7078203342,False
2.55,37.96178,128.179149,6891.7005168,166.762,-12.678,3.067,1.0,37.929351,128.181835,6487.1730048,1.444,-13.991,180.09,1.0,1676.2020168503132,1675.3300553654074,3640.2235813751295,159.77727424558165,171.50903416999594,8.490965830004074,False,False,1472411.0955196053,1466982.8323528515,False
2.5666,37.962027,128.179124,6886.657296,-175.31,-15.671,2.007,1.0,37.929107,128.181835,6480.4222944,1.47,-14.083,180.092,1.0,1689.1911346434626,1686.041086423652,3694.762181977341,-157.29750290213352,171.3738267465577,8.626173253442298,False,False,1494218.3824508528,1484918.505847702,False
2.5833,37.962273,128.179099,6881.2733088,-158.517,-17.967,0.386,1.0,37.928862,128.181834,6473.6283023999995,1.497,-14.175,180.093,1.0,1676.3447808068454,1683.0476400987047,3749.2683371745393,-155.45829379194222,171.23616295148497,8.763837048515029,False,False,1472548.1509629188,1479809.2864126405,False
2.6,37.962519,128.179074,6875.545812,-143.798,-18.815,358.851,1.0,37.928618,128.181833,6466.790724,1.524,-14.267,180.094,1.0,1680.4218977812718,1677.2155030440624,3803.6378474648686,-154.89225255395095,171.095217262677,8.904782737322995,False,False,1479334.9486086555,1469943.4750791884,False
2.6166,37.962764,128.179047,6869.5345464,-129.993,-19.037,357.259,1.0,37.928374,128.181832,6459.909864,1.551,-14.359,180.096,1.0,1688.4481538950533,1687.9575955657256,3857.8889487812467,-154.85179765506496,170.9504564364657,9.049543563534302,False,False,1492795.7051552604,1487950.4972818084,False
2.6333,37.963009,128.17902,6863.292242400001,-116.631,-18.935,355.589,1.0,37.92813,128.181831,6452.9860272000005,1.579,-14.451,180.097,1.0,1681.3590844971475,1678.48388050354,3912.126962772418,-155.03307823614415,170.80451185101163,9.195488148988378,False,False,1480790.090379475,1471936.2439787518,False
2.65,37.963253,128.178991,6856.859438400001,-103.654,-18.627,353.973,1.0,37.927886,128.18183,6446.018604,1.608,-14.543,180.098,1.0,1678.3895776091158,1679.1304704936492,3966.2571265719403,-155.3133849674485,170.65671280303977,9.343287196960246,False,False,1475738.6077250384,1472953.4168130285,False
2.6666,37.963496,128.178961,6850.271796000001,-91.106,-18.238,352.501,1.0,37.927643,128.18183,6439.0078992,1.636,-14.634,180.1,1.0,1684.6656053158047,1683.3948014914854,4020.172648784721,-155.58730233064162,170.50832210723675,9.491677892763262,False,False,1486227.3187752767,1480054.1256589685,False
2.6833,37.963739,128.178929,6843.556747200001,-79.193,-17.726,351.179,1.0,37.927399,128.181829,6431.9542176,1.666,-14.726,180.101,1.0,1677.4124267401899,1680.4213015031187,4074.202331380014,-155.9179860215855,170.35886310602376,9.641136893976253,False,False,1473968.5904661352,1474983.7991007445,False
2.7,37.963982,128.178896,6836.743248,-67.979,-17.003,350.023,1.0,37.927155,128.181828,6424.8572544,1.695,-14.817,180.102,1.0,1679.369868827328,1681.0746035881346,4128.2386035350155,-156.41146883360076,170.21034144345302,9.789658556546978,False,False,1477187.1263355576,1476012.2378083637,False
2.7166,37.964224,128.178861,6829.8633024,-57.35,-16.105,349.064,1.0,37.926912,128.181827,6417.717314400001,1.726,-14.909,180.104,1.0,1685.1283109491615,1685.373123430183,4182.068845872411,-157.0563462374045,170.06076255203894,9.93923744796107,False,False,1486806.791135668,1483177.5900916662,False
2.7333,37.964466,128.178824,6822.951048,-47.244,-15.079,348.317,1.0,37.926668,128.181826,6410.5340928000005,1.757,-15.0,180.105,1.0,1676.700918213654,1682.3877578499246,4236.027841811494,-157.83030173732845,169.91287327715162,10.08712672284838,False,False,1472573.2774641241,1478080.1480428053,False
2.75,37.964708,128.178785,6816.0403176,-37.596,-13.958,347.781,1.0,37.926425,128.181825,6403.3078944,1.788,-15.091,180.107,1.0,1677.9297144412008,1676.6066889089122,4289.897387594133,-158.71956600948977,169.76569732039817,10.234302679601848,False,False,1474566.5850829566,1468299.9940096708,False
2.7666,37.96495,128.178745,6809.1646392,-28.318,-12.766,347.451,1.0,37.926182,128.181824,6396.038719200001,1.82,-15.182,180.108,1.0,1688.172262487053,1687.3767550004627,4343.785394728362,-159.71601783081496,169.62066460449475,10.379335395505272,False,False,1491737.8883243385,1486343.8697635885,False
2.7833,37.965192,128.178703,6802.357540800001,-19.367,-11.531,347.328,1.0,37.925939,128.181823,6388.7265672,1.852,-15.273,180.11,1.0,1678.4103483562903,1677.9423988082256,4397.700033782052,-160.8104267468749,169.47706280866566,10.522937191334345,False,False,1475238.9883122281,1470397.352249383,False
2.8,37.965434,128.178661,6795.6516360000005,-10.717,-10.277,347.408,1.0,37.925696,128.181822,6381.3714384,1.885,-15.364,180.111,1.0,1676.9489743668737,1678.6157731592168,4451.632882020288,-161.99286091471515,169.33672004812553,10.663279951874456,False,False,1472721.5084312344,1471455.3331658428,False
2.8166,37.965676,128.178617,6789.0761856,-2.348,-9.024,347.688,1.0,37.925453,128.181821,6373.9733328,1.918,-15.455,180.113,1.0,1686.6122824587203,1689.409043182582,4505.597006910568,-163.25836333830344,169.1984681810063,10.801531818993727,False,False,1488908.5896458211,1489558.7831776468,False
2.8333,37.965918,128.178573,6782.6564880000005,5.753,-7.787,348.167,1.0,37.92521,128.18182,6366.5322504000005,1.952,-15.545,180.114,1.0,1674.3468548926187,1679.9735387454994,4559.583151189334,-164.6033031156952,169.06490276897955,10.93509723102045,False,False,1468233.8334924472,1473589.8989359231,False
2.85,37.96616,128.178529,6776.4147936,13.596,-6.585,348.842,1.0,37.924967,128.181819,6359.048496,1.986,-15.636,180.116,1.0,1671.9317657600857,1680.6530542892688,4613.592659108633,166.0179813268186,168.93363553982627,11.066364460173762,False,False,1464131.8428144765,1474658.3073792222,False
2.8666,37.966403,128.178485,6770.3523216,22.029,-5.277,349.778,1.0,37.924724,128.181818,6351.522069600001,2.021,-15.726,180.118,1.0,1686.1031909822582,1691.4647098069206,4667.735655710179,167.65961932223698,168.80669459961038,11.193305400389622,False,False,1487866.4609148954,1492813.586164948,False
2.8833,37.966647,128.178442,6764.417256000001,32.835,-3.624,351.193,1.0,37.924481,128.181817,6343.9526663999995,2.057,-15.817,180.119,1.0,1680.105311777604,1682.0278251826608,4722.001482695496,169.84217298906407,168.6821655393913,11.31783446060873,False,False,1477713.2018152121,1476821.7257603074,True
2.9,37.966891,128.178399,6758.588565600001,45.599,-2.371,352.919,1.0,37.924239,128.181816,6336.340591200001,2.093,-15.907,180.121,1.0,1678.7693546005314,1676.3025607474638,4776.172019058675,171.79144832402383,168.5607836082022,11.439216391797816,False,False,1475412.3855297836,1467133.4120429438,False
2.9166,37.967136,128.178358,6752.860764,59.942,-1.797,354.946,1.0,37.923996,128.181815,6328.6861488,2.129,-15.997,180.123,1.0,1692.7454943333382,1693.5481661490978,4830.567351882272,173.0161983537249,168.44219340599594,11.55780659400407,False,False,1498916.5963041894,1496115.9055546157,False
2.9333,37.967382,128.178319,6747.202456800001,75.646,-2.112,357.253,1.0,37.923754,128.181814,6320.9887296,2.167,-16.087,180.125,1.0,1686.930567811099,1677.6993716384966,4884.963155567296,172.82983693028535,168.32611506025938,11.673884939740605,False,False,1489034.8232807163,1469325.314923235,False
2.95,37.967628,128.178282,6741.564876,92.542,-3.511,359.628,1.0,37.923511,128.181813,6313.248638400001,2.204,-16.177,180.126,1.0,1685.4368477909072,1684.8107959330025,4939.465622127891,170.91787433848438,168.21213669042473,11.787863309575277,False,False,1486460.8511369003,1481205.5288059642,False
2.9666,37.967875,128.178248,6735.8852328,110.122,-5.987,1.677,1.0,37.923269,128.181811,6305.466179999999,2.243,-16.266,180.128,1.0,1700.8733433394946,1689.245450608138,4993.947516360988,167.86281807080175,168.1005338067496,11.899466193250396,False,False,1512541.5339596733,1488610.5961142427,False
2.9833,37.968122,128.178216,6730.0827552,127.816,-9.254,2.998,1.0,37.923027,128.18181,6297.641354400001,2.282,-16.356,180.13,1.0,1691.1059232737236,1679.811379159541,5048.418460217383,164.38131351334943,167.98784274869146,12.01215725130856,False,False,1495919.1879170185,1472641.8993650663,False
3.0,37.96837,128.178187,6724.0702704000005,145.287,-12.844,3.365,1.0,37.922785,128.181809,6289.7738568,2.322,-16.445,180.132,1.0,1698.7279885598355,1680.5258992814406,5102.970923193538,160.97591069750604,167.87554410632663,12.124455893673376,False,False,1508778.9932754904,1473765.259870635,False
3.0166,37.968617,128.178161,6717.767616,162.363,-16.293,2.793,1.0,37.922543,128.181808,6281.8639920000005,2.362,-16.535,180.134,1.0,1704.8884758421757,1691.3668021442725,5157.377080566355,-157.94071599370207,167.7610227179702,12.23897728202979,False,False,1519201.153321175,1491964.8712150182,True
3.0333,37.968864,128.178135,6711.116270400001,177.981,-19.033,1.526,1.0,37.922301,128.181807,6273.911760000001,2.403,-16.624,180.136,1.0,1699.4513381084253,1681.9553396250512,5211.759559564161,155.63466766254757,167.6446456731768,12.355354326823218,False,False,1509880.9936723767,1476012.9390078147,False
3.05,37.96911,128.17811,6704.088801600001,-168.651,-19.826,0.016,1.0,37.922059,128.181805,6265.917160800001,2.444,-16.713,180.138,1.0,1698.0190092116925,1682.6999898416955,5265.9950391607545,-155.1530859987966,167.52588445926665,12.474115540733354,False,False,1507378.9302683396,1477187.2844315802,False
3.0666,37.969356,128.178086,6696.7470840000005,-155.287,-20.126,358.419,1.0,37.921817,128.181804,6257.8801944,2.487,-16.802,180.14,1.0,1712.637851851387,1693.5398164601374,5320.2108311810225,-155.068560513211,167.4048057895362,12.595194210463815,False,False,1532236.8605883752,1495407.3957763307,False
3.0833,37.9696,128.17806,6689.108491200001,-144.484,-20.065,357.264,1.0,37.921575,128.181803,6249.801165600001,2.53,-16.89,180.142,1.0,1695.0720546267985,1684.120644968083,5374.198083005863,-155.23426184102868,167.28222532456866,12.717774675431341,False,False,1502232.3809735847,1479420.7860044874,False
3.1,37.969844,128.178033,6681.215390400001,-135.02,-20.043,356.428,1.0,37.921333,128.181802,6241.6797696,2.573,-16.979,180.144,1.0,1699.678361006562,1684.8511544468017,5428.176700331411,-155.3124229978478,167.1568632835233,12.84313671647669,False,False,1509973.6063452426,1480571.6752329082,False
3.1166,37.970087,128.178005,6673.1110632,-126.447,-20.132,355.726,1.0,37.921092,128.1818,6233.516311200001,2.618,-17.068,180.146,1.0,1707.5469215922492,1689.3421700189617,5481.923619880314,-155.2567204050609,167.0305614672578,12.969438532742211,False,False,1523299.1093275135,1488068.3964354168,False
3.1333,37.97033,128.177977,6664.822332000001,-118.634,-20.189,355.003,1.0,37.92085,128.181799,6225.3107904,2.663,-17.156,180.148,1.0,1700.512080790101,1686.3120377909804,5535.778825111734,-155.21277671358683,166.90411617791497,13.095883822085037,False,False,1511230.2483786473,1482873.5884620606,False
3.15,37.970572,128.177947,6656.371447200001,-111.341,-20.181,354.282,1.0,37.920609,128.181798,6217.0629024,2.708,-17.244,180.15,1.0,1697.9773289908571,1680.6803556195944,5589.417302341758,-155.21332384929642,166.77679619058534,13.223203809414683,False,False,1506840.2099361466,1473311.7887946242,False
3.1666,37.970813,128.177916,6647.774868,-104.466,-20.112,353.593,1.0,37.920367,128.181796,6208.773256800001,2.755,-17.332,180.152,1.0,1704.9825204590709,1697.9788037524127,5643.051301518002,-155.25751355092106,166.6491346167019,13.350865383298123,False,False,1518675.098944755,1502453.2752550347,False
3.1833,37.971054,128.177884,6639.046310400001,-97.977,-19.988,352.95,1.0,37.920126,128.181795,6200.4415488,2.802,-17.42,180.155,1.0,1697.7025250678512,1682.1621302399744,5696.581844460832,-155.3433687451475,166.52062189948694,13.479378100513083,False,False,1506203.7353107631,1475640.2763212838,False
3.2,37.971295,128.177851,6630.1994904,-91.85,-19.82,352.366,1.0,37.919885,128.181793,6192.068083200001,2.85,-17.508,180.157,1.0,1700.423861980036,1682.930068968986,5750.110212201035,-155.46474312464164,166.39232582030863,13.607674179691378,False,False,1510740.7010280814,1476850.2529880914,False
3.2166,37.971536,128.177817,6621.247514400001,-86.068,-19.619,351.842,1.0,37.919644,128.181792,6183.6525552,2.898,-17.596,180.159,1.0,1713.1979669865527,1693.8000789941411,5803.648054847466,-155.61471009407322,166.26366993702104,13.73633006297895,False,False,1532455.8939805194,1495120.2701307314,False
3.2333,37.971776,128.177782,6612.202574400001,-80.616,-19.393,351.376,1.0,37.919402,128.181791,6175.195269600001,2.948,-17.683,180.161,1.0,1698.9802439575633,1690.766231756701,5857.190999011436,-155.78815665040395,166.13597450283856,13.86402549716144,False,False,1508110.4910552904,1489903.203915,False
3.25,37.972016,128.177745,6603.0777768,-75.478,-19.151,350.962,1.0,37.919161,128.181789,6166.6962264,2.998,-17.771,180.164,1.0,1701.6793450543623,1685.1857204766632,5910.629207959257,-155.97780255586258,166.0072535725787,13.992746427421295,False,False,1512610.3693721774,1480400.0877978508,False
3.2666,37.972255,128.177707,6593.8859232,-70.642,-18.9,350.597,1.0,37.91892,128.181788,6158.1554256,3.049,-17.858,180.166,1.0,1707.547347557771,1696.0740707910927,5963.968857531157,-156.1787656220615,165.8798434808708,14.120156519129212,False,False,1522522.9034645387,1498724.5017093946,False
3.2833,37.972494,128.177667,6584.639815200001,-66.097,-18.643,350.274,1.0,37.91868,128.181786,6149.573172,3.101,-17.945,180.169,1.0,1699.6463807381926,1680.3496288965428,6017.205520382459,-156.38829665939778,165.75261562906758,14.247384370932435,False,False,1508972.1678219498,1472094.1494135682,False
3.3,37.972733,128.177626,6575.35134,-61.831,-18.384,349.99,1.0,37.918439,128.181785,6140.949160800001,3.153,-18.032,180.171,1.0,1701.1319057339667,1687.4361135902786,6070.566940331707,-156.60375066442978,165.6258448792142,14.374155120785792,False,False,1511407.0495714496,1483942.4578120913,False
3.3166,37.972972,128.177584,6566.0326896,-57.833,-18.125,349.738,1.0,37.918198,128.181783,6132.283392,3.206,-18.118,180.174,1.0,1712.652090139126,1698.3976244312446,6123.932521848865,-156.8221583859919,165.5005881054813,14.499411894518683,False,False,1530979.375404424,1502414.402263004,False
3.3333,37.973211,128.17754,6556.696056000001,-54.096,-17.868,349.515,1.0,37.917957,128.181781,6123.5764752,3.261,-18.205,180.176,1.0,1704.1438578917848,1688.9865481095578,6177.313550804964,-157.04228661227017,165.3750819677225,14.62491803227749,False,False,1516352.3675727202,1486389.55108804,False
3.35,37.97345,128.177495,6547.352412,-50.611,-17.614,349.316,1.0,37.917717,128.18178,6114.827800800001,3.316,-18.291,180.179,1.0,1705.0023235503018,1683.3994555243185,6230.599891757088,-157.26255038421422,165.25093793876613,14.749062061233868,False,False,1517724.0551871038,1476882.8394825011,False
3.3666,37.973688,128.177448,6538.0121208,-47.368,-17.363,349.139,1.0,37.917476,128.181778,6106.037673600001,3.372,-18.378,180.182,1.0,1710.4462074240366,1700.715209239379,6283.897662909252,-157.48284996966365,165.12667752836924,14.873322471630772,False,False,1526929.1108100784,1506095.8858208817,False
3.3833,37.973927,128.1774,6528.6858504,-44.359,-17.116,348.979,1.0,37.917236,128.181776,6097.2063984,3.428,-18.464,180.185,1.0,1706.9190501632231,1684.9698705221642,6337.207434048256,-157.7012150428397,165.00431145070428,14.995688549295728,False,False,1520810.8589998852,1479354.9014106088,False
3.4,37.974165,128.177351,6519.38244,-41.576,-16.871,348.833,1.0,37.916995,128.181775,6088.333670400001,3.486,-18.55,180.187,1.0,1701.0375445293992,1692.053308759175,6390.535012802933,-157.91922605798098,164.88297792257686,15.117022077423139,False,False,1510697.6657545296,1491228.3572302642,False
3.4166,37.974404,128.177301,6510.111338400001,-39.013,-16.626,348.698,1.0,37.916755,128.181773,6079.4197944,3.545,-18.636,180.19,1.0,1717.71203103207,1696.688545897853,6443.870194894683,-158.13749882857317,164.76264379816115,15.23735620183885,False,False,1539109.6941328798,1498994.753017238,False
3.4333,37.974642,128.177249,6500.8801656000005,-36.66,-16.38,348.57,1.0,37.916514,128.181771,6070.464770400001,3.604,-18.721,180.193,1.0,1702.0849197331383,1693.631615265674,6497.224016852204,-158.35630915849606,164.64418530189897,15.355814698101021,False,False,1512298.393467463,1493724.9474543512,False
3.45,37.97488,128.177196,6491.6968464,-34.512,-16.132,348.448,1.0,37.916274,128.181769,6061.4685984,3.664,-18.807,180.196,1.0,1702.0082294518318,1688.0948264181504,6550.48063363481,-158.57601485897106,164.5259413842458,15.474058615754197,False,False,1512077.8054396282,1484274.772520362,False
3.4666,37.975119,128.177142,6482.5690008,-32.561,-15.883,348.332,1.0,37.916034,128.181768,6052.4312784,3.726,-18.892,180.199,1.0,1718.3110332460267,1699.0320024858534,6603.867518282988,-158.7961328361334,164.40961676895964,15.590383231040372,False,False,1539868.6887792093,1502708.9479318657,False
3.4833,37.975357,128.177086,6473.503334399999,-30.81,-15.631,348.218,1.0,37.915794,128.181766,6043.3531152000005,3.788,-18.977,180.202,1.0,1702.3985877616974,1689.6679672882465,6657.1578201945495,-159.01669913657128,164.294546661974,15.705453338025993,False,False,1512563.8572808045,1486753.9686671733,False
3.5,37.975596,128.17703,6464.5071624,-29.265,-15.375,348.106,1.0,37.915554,128.181764,6034.233804,3.851,-19.062,180.205,1.0,1707.294476712893,1690.4622837140232,6710.56817943608,-159.2383526069905,164.18084691262254,15.81915308737748,False,False,1520822.3742713253,1488006.9852638121,False
3.5166,37.975834,128.176972,6455.586276,-27.931,-15.115,347.994,1.0,37.915314,128.181762,6025.0733448,3.915,-19.147,180.208,1.0,1711.7545033827107,1701.4481290200947,6763.887922210625,-159.46076737164458,164.0682819174261,15.931718082573902,False,False,1528359.4150790307,1506548.6533897733,False
3.5333,37.976073,128.176913,6446.747076,-26.815,-14.853,347.882,1.0,37.915074,128.18176,6015.872347200001,3.98,-19.231,180.211,1.0,1707.1438194658035,1692.0486757838921,6817.333601989671,-159.68180165393852,163.95792657993297,16.04207342006703,False,False,1520391.0023830014,1490509.9151646805,False
3.55,37.976312,128.176854,6437.9956584,-25.934,-14.588,347.767,1.0,37.914834,128.181758,6006.630506400001,4.046,-19.316,180.215,1.0,1705.5212212060676,1692.84661427204,6870.789099993436,-159.9006611684936,163.8478510454463,16.152148954553706,False,False,1517536.4881155665,1491769.752781742,False
3.5666,37.976551,128.176793,6429.337509600001,-25.307,-14.317,347.646,1.0,37.914595,128.181756,5997.3478224,4.113,-19.4,180.218,1.0,1716.0323502012816,1697.5174250700852,6924.154728436592,-160.1191444577622,163.74016942168012,16.259830578319892,False,False,1535433.7761571857,1499596.5952308252,False
3.5833,37.976789,128.176731,6420.776896800001,-24.935,-14.043,347.52,1.0,37.914355,128.181754,5988.024600000001,4.182,-19.484,180.221,1.0,1698.759707865229,1694.4459407290246,6977.5360060516,-160.33442715065186,163.63381287180195,16.366187128198046,False,False,1505858.584288183,1494295.9844701246,False
3.6,37.977028,128.176668,6412.3174776000005,-24.806,-13.769,347.389,1.0,37.914115,128.181752,5978.6605344,4.251,-19.568,180.225,1.0,1704.187214479788,1695.2533097228625,7031.04394562054,-160.54362125605428,163.5285184283296,16.471481571670413,False,False,1515010.3841898956,1495572.5233928335,False
3.6166,37.977267,128.176605,6403.9616904,-24.907,-13.494,347.249,1.0,37.913876,128.18175,5969.2559304,4.321,-19.652,180.228,1.0,1712.6079298713087,1699.9510280677866,7084.451209472177,-160.7451595210712,163.42496732606156,16.57503267393844,False,False,1529314.3716402058,1503455.1525842196,False
3.6333,37.977507,128.17654,6395.711364000001,-25.22,-13.221,347.102,1.0,37.913636,128.181748,5959.810788000001,4.392,-19.735,180.232,1.0,1708.8230305693435,1696.8653031294693,7138.101641125072,-160.93773436951176,163.32322197732577,16.67677802267422,False,False,1522758.5777498684,1498121.706946473,False
3.65,37.977746,128.176474,6387.5674128,-25.726,-12.953,346.946,1.0,37.913397,128.181746,5950.325412,4.465,-19.819,180.235,1.0,1701.809422055869,1691.3897367555392,7191.546094123767,-161.11711452683585,163.22208813772022,16.777911862279783,False,False,1510718.2924678004,1488752.3795025758,False
3.6666,37.977985,128.176407,6379.531056000001,-26.425,-12.689,346.779,1.0,37.913157,128.181744,5940.799497600001,4.538,-19.902,180.239,1.0,1711.301136551361,1708.7153424748196,7245.11724424339,-161.2829483887035,163.12292550807328,16.877074491926724,False,False,1526837.6182113122,1518113.4021975591,False
3.6833,37.978224,128.176339,6371.6019888,-27.309,-12.431,346.599,1.0,37.912918,128.181741,5931.2330448,4.613,-19.985,180.243,1.0,1700.3436228641312,1693.0670782365437,7298.5875504503665,-161.43175751676364,163.0251913297957,16.97480867020431,False,False,1508068.288550825,1491403.5922430013,False
3.7,37.978463,128.176269,6363.780516,-28.384,-12.176,346.405,1.0,37.912679,128.181739,5921.626663200001,4.688,-20.067,180.247,1.0,1700.797121134449,1693.8367191230086,7352.084962665638,-161.56623555292327,162.92931996755132,17.070680032448692,False,False,1508762.7918268463,1492612.7356413694,False
3.7166,37.978703,128.176199,6356.0654184,-29.647,-11.927,346.195,1.0,37.912439,128.181737,5911.9797432,4.765,-20.15,180.251,1.0,1715.5786306309515,1711.1772019118237,7405.814054047943,-161.6812422081677,162.83373147905183,17.16626852094818,False,False,1533936.7278741375,1522040.4243200414,False
3.7333,37.978942,128.176127,6348.4548672,-31.09,-11.688,345.971,1.0,37.9122,128.181735,5902.2928944000005,4.843,-20.233,180.255,1.0,1699.6701108900168,1695.4791192473365,7459.342654922285,-161.77476171484966,162.73919635178495,17.260803648215067,False,False,1506696.3178498677,1495206.4425147297,False
3.75,37.979181,128.176055,6340.9467288000005,-32.718,-11.458,345.729,1.0,37.911961,128.181732,5892.5661168,4.923,-20.315,180.259,1.0,1698.0358455162448,1696.3393496612425,7512.875009099204,-161.84391903093234,162.6470283034735,17.352971696526517,False,False,1503846.3115670206,1496569.9281138803,False
3.7666,37.97942,128.175981,6333.5379552,-34.529,-11.238,345.469,1.0,37.911722,128.18173,5882.7988008,5.003,-20.397,180.263,1.0,1709.07811960888,1707.3573065142991,7566.434232975306,-161.88894146280157,162.55560570382698,17.444394296172995,False,False,1522584.7994512743,1515225.0349137466,False
3.7833,37.979659,128.175905,6326.224279200001,-36.52,-11.033,345.193,1.0,37.911483,128.181727,5872.991860800001,5.084,-20.479,180.267,1.0,1699.8035900155598,1697.993475325309,7620.008452448552,-161.90589411888104,162.4651739218903,17.534826078109703,False,False,1506705.1896425094,1499185.2967553746,False
3.8,37.979898,128.175828,6319.0011288000005,-38.68,-10.843,344.9,1.0,37.911244,128.181725,5863.1449920000005,5.167,-20.56,180.271,1.0,1699.6577519717919,1698.7811506114858,7673.603376513907,-161.8944305398523,162.37650334542047,17.62349665457953,False,False,1506386.469338649,1500426.5096722387,False
3.8166,37.980137,128.17575,6311.8621032,-41.006,-10.671,344.59,1.0,37.911005,128.181723,5853.2584992,5.251,-20.642,180.275,1.0,1709.880584893583,1709.844741378313,7727.212797406342,-161.85173304461412,162.28773407090108,17.712265929098926,False,False,1523744.0297923572,1519185.3772707148,False
3.8333,37.980375,128.17567,6304.801411200001,-43.496,-10.519,344.264,1.0,37.910767,128.18172,5843.3317728,5.337,-20.723,180.28,1.0,1694.792485712925,1694.2440647604824,7780.6147386492585,-161.77695498184642,162.20059847766834,-17.79940152233166,False,False,1497989.7655736422,1492534.98501779,False
3.85,37.980614,128.175589,6297.823624800001,-46.448,-10.32,343.814,1.0,37.910528,128.181717,5833.3657272,5.423,-20.804,180.284,1.0,1701.113315224003,1701.3119219649732,7834.252941031556,-161.6488581272133,162.1144420638252,-17.8855579361748,False,False,1508653.8076663439,1504436.9039187212,False
3.8666,37.980852,128.175506,6290.9418504000005,-50.382,-10.029,343.18,1.0,37.910289,128.181715,5823.3597528,5.511,-20.885,180.289,1.0,1706.3526936336546,1712.3651269315112,7887.807837167907,-161.45041575561564,162.0287094114546,-17.971290588545404,False,False,1517512.8224326395,1523204.8148853814,False
3.8833,37.981089,128.17542,6284.139324000001,-54.868,-9.77,342.515,1.0,37.910051,128.181712,5813.3144592,5.6,-20.965,180.293,1.0,1692.8894015826863,1696.7480229427977,7941.161754275262,-161.1854767349408,161.94486086098715,-18.055139139012855,False,False,1494563.6178971976,1496486.06692146,False
3.9,37.981326,128.175333,6277.4005008,-59.679,-9.58,341.831,1.0,37.909812,128.181709,5803.229541600001,5.691,-21.046,180.298,1.0,1693.3859254690385,1703.8217730347887,7994.640417821645,-160.83882828922756,161.86042783391306,-18.139572166086957,False,False,1495338.2159094864,1508414.5581178372,False
3.9166,37.981562,128.175243,6270.710445600001,-64.75,-9.468,341.128,1.0,37.909574,128.181707,5793.1053048,5.782,-21.126,180.303,1.0,1700.998371059651,1708.6201391814475,8047.929043839142,-160.4107333264398,161.77712556579846,-18.222874434201554,False,False,1508192.3917651363,1516502.3461455314,False
3.9333,37.981798,128.175151,6264.050870400001,-70.053,-9.437,340.408,1.0,37.909335,128.181704,5782.941444,5.875,-21.206,180.308,1.0,1693.3504143893406,1705.502946315257,8101.340888607805,-159.90438765483793,161.6941835684936,-18.3058164315064,False,False,1495147.167424484,1511081.4326568139,False
3.95,37.982033,128.175057,6257.4028776000005,-75.581,-9.491,339.677,1.0,37.909097,128.181701,5772.7385688,5.97,-21.286,180.313,1.0,1690.0362106509438,1700.1160873486142,8154.548650887436,-159.32721919610552,161.6114156467592,-18.388584353240773,False,False,1489475.3565853168,1501808.581916503,False
3.9666,37.982268,128.17496,6250.7445216,-81.316,-9.632,338.946,1.0,37.908858,128.181698,5762.496374400001,6.066,-21.366,180.318,1.0,1705.0647846768106,1717.4666708964903,8207.890132650682,-158.69154134415973,161.52843067778986,-18.471569322210147,False,False,1514921.823735238,1531356.6678901464,False
3.9833,37.982501,128.174862,6244.0544664,-87.236,-9.861,338.227,1.0,37.90862,128.181695,5752.214860800001,6.163,-21.445,180.323,1.0,1684.5894603740198,1701.8139385392385,8260.908366468027,-158.0092475802975,161.44646608956904,-18.55353391043096,False,False,1480154.0817345371,1504495.2985678818,False
4.0,37.982734,128.17476,6237.3110712,-93.335,-10.177,337.526,1.0,37.908382,128.181692,5741.8943328000005,6.262,-21.524,180.328,1.0,1691.8903062777738,1702.6604880731977,8313.953935904676,-157.2901557367813,161.3638841922572,-18.636115807742836,False,False,1492413.530854733,1505835.1168815831,False
4.0166,37.982966,128.174657,6230.4936096,-99.598,-10.578,336.855,1.0,37.908144,128.181689,5731.5347904,6.362,-21.603,180.334,1.0,1698.6888242361667,1713.7719282865964,8366.895898287145,-156.54556594238008,161.28077768803143,-18.71922231196857,False,False,1503872.130949009,1524714.2667438558,False
4.0333,37.983197,128.174552,6223.581964800001,-106.005,-11.058,336.228,1.0,37.907906,128.181686,5721.136538400001,6.464,-21.682,180.339,1.0,1687.1973823940623,1704.35526479621,8419.739677603633,-155.79158778951611,161.19733615049782,-18.802663849502196,False,False,1484349.9936537938,1508518.6179535799,False
4.05,37.983427,128.174445,6216.5584584,-112.541,-11.611,335.655,1.0,37.907668,128.181683,5710.6989672,6.567,-21.761,180.345,1.0,1686.2510814099649,1705.2168192593927,8472.484522456021,155.03957518177856,161.1129938095701,-18.8870061904299,False,False,1482684.9677842064,1509885.026369252,False
4.0666,37.983657,128.174336,6209.409374400001,-118.199,-12.342,334.901,1.0,37.907429,128.18168,5700.2229912,6.672,-21.839,180.351,1.0,1701.8607112493958,1722.5762124630141,8525.35143419561,154.04109536862654,161.02880381703093,-18.97119618296906,False,False,1509058.4446886093,1539534.495668363,False
4.0833,37.983886,128.174226,6202.1334936,-120.634,-13.842,332.88,1.0,37.907192,128.181677,5689.7080008,6.778,-21.917,180.356,1.0,1689.364863480314,1700.7277628707404,8577.890740999688,151.5952696285049,160.94430069441387,-19.055699305586128,False,False,1487798.9734059423,1502034.436665702,False
4.1,37.984114,128.174114,6194.7042984,-120.41,-15.507,330.702,1.0,37.906954,128.181673,5679.154605600001,6.885,-21.995,180.362,1.0,1689.3742216070489,1707.8277598192824,8630.433342420023,148.94157241584205,160.8587625043055,-19.1412374956945,False,False,1487741.9272231155,1514031.3101176815,False
4.1166,37.984342,128.174,6187.0812504000005,-118.081,-16.916,328.915,1.0,37.906716,128.18167,5668.562500800001,6.995,-22.073,180.368,1.0,1706.367053939691,1718.923105711722,8682.990560562897,146.75696368839908,160.77190123252046,-19.228098767479544,False,False,1516518.8017296453,1532937.930123286,False
4.1333,37.984568,128.173883,6179.239660800001,-113.997,-18.009,327.447,1.0,37.906478,128.181667,5657.9316864,7.106,-22.15,180.374,1.0,1693.464463625845,1709.491947182717,8735.339823529997,-145.01466564935893,160.68460449044298,-19.31539550955702,False,False,1494508.5854013697,1516666.7145137133,False
4.15,37.984793,128.173763,6171.1746528,-110.102,-18.765,326.481,1.0,37.90624,128.181663,5647.262772,7.218,-22.227,180.381,1.0,1697.1000389896801,1710.3994187995618,8787.585164648659,-143.86337200104634,160.59576340858064,-19.40423659141937,False,False,1500592.8210782679,1518113.8153779733,False
4.1666,37.985016,128.17364,6162.8828736000005,-110.57,-18.89,327.137,1.0,37.906003,128.18166,5636.5551479999995,7.332,-22.304,180.387,1.0,1705.4278363312408,1715.3031578195105,8839.519214388623,-144.33274824575292,160.505635771811,-19.494364228188996,False,False,1514679.287799118,1526408.1851549265,False
4.1833,37.985236,128.173513,6154.353350400001,-113.561,-18.844,327.972,1.0,37.905765,128.181656,5625.809424000001,7.448,-22.381,180.393,1.0,1690.1609136965474,1712.1226654695186,8891.245763365501,-145.03382280665235,160.41404265754082,-19.58595734245918,False,False,1488675.546377474,1520852.354795094,False
4.2,37.985454,128.173383,6145.5943128,-117.783,-18.853,328.531,1.0,37.905527,128.181653,5615.0256,7.565,-22.458,180.4,1.0,1689.1497311232154,1712.9248682651587,8942.77302907795,145.48906636965123,160.32067550195305,-19.679324498046945,False,False,1486881.0995444355,1522120.3929608455,False
4.2166,37.98567,128.173251,6136.6179528,-121.525,-19.066,328.606,1.0,37.90529,128.181649,5604.2033712,7.684,-22.534,180.407,1.0,1696.259134638347,1717.9683130273063,8993.970231698626,145.45435963927906,160.22727653086287,-19.772723469137137,False,False,1498827.1903688428,1530666.0232731227,False
4.2333,37.985885,128.173116,6127.444996800001,-121.601,-20.195,327.053,1.0,37.905052,128.181645,5593.343347200001,7.805,-22.61,180.413,1.0,1690.7658433647462,1714.7066538376844,9045.185563566154,143.6469920619759,160.1329085419441,-19.86709145805592,False,False,1489434.2770223194,1524961.4148934332,False
4.25,37.986099,128.17298,6118.077273600001,-118.802,-21.564,325.005,1.0,37.904815,128.181641,5582.4452232,7.928,-22.686,180.42,1.0,1691.1689951231763,1709.4108621069463,9096.18359804147,141.33590502228677,160.03744153690846,-19.962558463091533,False,False,1490024.1275281163,1515787.834192701,False
4.2666,37.986311,128.172841,6108.4934472,-113.933,-22.624,323.239,1.0,37.904578,128.181638,5571.5089992,8.052,-22.762,180.427,1.0,1701.236658374758,1720.5290785115114,9146.985550220512,-139.43238862551294,159.94058789102382,-20.05941210897619,False,False,1507006.9411630405,1534747.99372884,False
4.2833,37.986522,128.1727,6098.6889456,-109.166,-23.312,322.031,1.0,37.90434,128.181634,5560.5352848,8.178,-22.837,180.435,1.0,1694.5939212623414,1717.300064170082,9197.79099724943,-138.1711613460182,159.8434123533655,-20.156587646634517,False,False,1495631.9869380074,1529089.9785499675,False
4.3,37.986731,128.172556,6088.664683200001,-109.037,-23.332,322.691,1.0,37.904103,128.18163,5549.5234704,8.306,-22.913,180.442,1.0,1695.153492502047,1712.0213668684876,9248.283225962377,-138.69755166769718,159.74430646398784,-20.255693536012185,False,False,1496482.085086447,1519930.8146481204,False
4.3166,37.986937,128.172409,6078.414259200001,-111.847,-23.172,323.65,1.0,37.903866,128.181626,5538.474165600001,8.435,-22.988,180.449,1.0,1700.972244470519,1723.205861536571,9298.462569321386,-139.5482807519159,159.6449202946846,-20.355079705315397,False,False,1506262.169424521,1539033.0982930793,False
4.3333,37.98714,128.172259,6067.942855200001,-116.093,-23.055,324.326,1.0,37.903629,128.181622,5527.387370400001,8.567,-23.063,180.457,1.0,1686.7864490925833,1713.7556635805822,9348.330093490917,-140.162298114452,159.54408244416456,-20.455917555835438,False,False,1482130.4542221301,1522684.390583194,False
4.35,37.987341,128.172106,6057.260224800001,-121.253,-23.021,324.752,1.0,37.903391,128.181617,5516.26278,8.7,-23.137,180.465,1.0,1688.3287387124556,1720.8496168983681,9398.100744971995,140.54188970818905,159.44316874705947,-20.556831252940533,False,False,1484628.3959647305,1534757.7603811172,False
4.3666,37.987541,128.171952,6046.377036,-125.689,-23.188,324.756,1.0,37.903154,128.181613,5505.101004,8.835,-23.211,180.473,1.0,1700.3339159415837,1725.8342951675684,9447.66491776847,140.49135141297387,159.34131184126554,-20.65868815873445,False,False,1504862.4162107096,1543238.6059491453,False
4.3833,37.987739,128.171797,6035.3121864,-125.937,-24.436,323.081,1.0,37.902917,128.181609,5493.9017376,8.972,-23.285,180.481,1.0,1686.436216221937,1716.3758449220222,9497.016267349361,138.56547903810375,159.23877297458066,-20.761227025419352,False,False,1481219.7499452415,1526849.791990928,False
4.4,37.987937,128.17164,6024.0598848,-122.883,-26.087,320.719,1.0,37.90268,128.181605,5482.6649808,9.111,-23.359,180.489,1.0,1695.9618030387628,1717.2542199073027,9546.384128433261,135.91667728012376,159.1353481913533,-20.86465180864671,False,False,1497219.0655525194,1528247.6044286818,False
4.4166,37.988133,128.171482,6012.589651200001,-117.596,-27.336,318.708,1.0,37.902444,128.1816,5471.3913432,9.252,-23.433,180.497,1.0,1703.6356096320228,1722.3799041232212,9595.41897836814,-133.78039357025003,159.0312079830264,-20.968792016973598,False,False,1510150.5075060776,1536952.2869795505,False
4.4333,37.988327,128.171321,6000.8886840000005,-112.418,-28.121,317.32,1.0,37.902207,128.181596,5460.080215200001,9.395,-23.506,180.506,1.0,1696.6559209982672,1719.0040354438502,9644.374393864362,-132.37694693628862,158.9263982304392,-21.073601769560824,False,False,1498169.272142188,1531032.5325785119,False
4.45,37.988519,128.171159,5988.9585072,-112.24,-28.039,318.082,1.0,37.90197,128.181591,5448.732511200001,9.54,-23.58,180.514,1.0,1694.89568695125,1719.9405609748546,9693.10763315009,-133.02576161797043,158.8201118999463,-21.179888100053695,False,False,1495067.3147676077,1532531.5793242082,False
4.4666,37.988708,128.170993,5976.79272,-115.498,-27.73,319.283,1.0,37.901733,128.181586,5437.3473168,9.687,-23.652,180.523,1.0,1706.8194402058946,1731.195150439864,9741.541380763438,-134.1197041952662,158.71414599598322,-21.285854004016787,False,False,1515228.6150599697,1551840.4865175483,False
4.4833,37.988894,128.170826,5964.394370400001,-120.511,-27.484,320.129,1.0,37.901496,128.181582,5425.925546400001,9.836,-23.725,180.532,1.0,1690.6007862703123,1721.625270562489,9789.659969442802,134.92200738162674,158.6061864336259,-21.393813566374096,False,False,1487556.2373213822,1535206.9388792852,False
4.5,37.989078,128.170656,5951.7826608000005,-125.006,-27.421,320.445,1.0,37.90126,128.181577,5414.4668952,9.987,-23.798,180.541,1.0,1694.7811738711493,1716.4647706506641,9837.465118674587,135.23919667748407,158.49731077787737,-21.50268922212263,False,False,1494508.6630845696,1526223.4362202317,False
4.5166,37.989261,128.170486,5938.981975199999,-124.863,-28.491,318.824,1.0,37.901023,128.181572,5402.971668,10.141,-23.87,180.55,1.0,1705.2602931090944,1733.8318705663457,9885.273321120447,133.5081849591704,158.3888453057881,-21.611154694211898,False,False,1512197.8512143523,1556071.5298037888,False
4.5333,37.989443,128.170314,5925.99018,-121.029,-30.117,316.167,1.0,37.900787,128.181567,5391.439560000001,10.296,-23.942,180.56,1.0,1701.035506457861,1718.2278227239347,9932.880753618836,130.73554820487013,158.27931886066415,-21.72068113933586,False,False,1504875.0087138729,1529025.3861523904,False
4.55,37.989623,128.170141,5912.783196,-114.941,-31.263,313.963,1.0,37.90055,128.181562,5379.870876,10.453,-24.013,180.569,1.0,1700.318929286323,1725.2111418860077,9980.38848695967,-128.58348854507977,158.1702206773243,-21.829779322675712,False,False,1503526.8259737475,1540935.2527699368,False
4.5666,37.989801,128.169966,5899.3540128,-109.023,-31.93,312.456,1.0,37.900314,128.181557,5368.2659208,10.613,-24.085,180.579,1.0,1713.1077651834435,1730.3469269522009,10027.584217418442,-127.20499193959131,158.05896112416363,-21.94103887583637,False,False,1525222.0075955312,1549694.9487986758,False
4.5833,37.989976,128.169789,5885.712688799999,-108.414,-31.806,313.328,1.0,37.900077,128.181552,5356.6240848,10.775,-24.156,180.589,1.0,1700.7818895213975,1726.9746789928624,10074.579767120758,-127.94893164771047,157.9477712668509,-22.052228733149096,False,False,1504048.642201608,1543751.308522454,False
4.6,37.990149,128.169609,5871.859528800001,-111.446,-31.483,314.697,1.0,37.899841,128.181546,5344.9462824,10.939,-24.227,180.599,1.0,1706.5086084458585,1721.840947154735,10121.265187163173,-129.1512367259849,157.8357146747936,-22.164285325206432,False,False,1513669.0865980168,1534784.1411096554,False
4.6166,37.990318,128.169428,5857.7969712,-116.343,-31.223,315.63,1.0,37.899604,128.181541,5333.2322088,11.105,-24.298,180.61,1.0,1707.9627397316146,1739.139306347316,10167.641309348743,-130.01149589570466,157.72253569078097,-22.27746430921904,False,False,1516013.7248233801,1564603.9050815403,False
4.6333,37.990485,128.169245,5843.5384272,-122.273,-31.012,316.281,1.0,37.899368,128.181536,5321.481864,11.273,-24.368,180.62,1.0,1700.7163962635482,1723.5213504225082,10213.709515685867,130.64762941775416,157.60981691355846,-22.39018308644154,False,False,1503523.666376936,1537448.8328027087,False
4.65,37.990651,128.169061,5829.095479200001,-127.243,-30.98,316.448,1.0,37.899132,128.18153,5309.695248,11.444,-24.438,180.631,1.0,1704.9170124652615,1724.497405603478,10259.673414977,-130.84353934844296,157.49637190909604,-22.503628090903973,False,False,1510534.9088778328,1539015.9738703624,True
4.6666,37.990815,128.168876,5814.477576,-129.234,-32.134,314.89,1.0,37.898896,128.181524,5297.872970400001,11.617,-24.508,180.642,1.0,1714.9173849015388,1735.7662835619124,10305.432443280864,129.15257288092002,157.38240406447298,-22.617595935527042,False,False,1527491.3650394466,1558396.6815403397,False
4.6833,37.990977,128.16869,5799.620709600001,-131.757,-33.858,312.637,1.0,37.89866,128.181519,5286.0144216,11.793,-24.578,180.653,1.0,1706.559544351289,1726.176601381604,10350.993367890398,126.67614293544803,157.267442767997,-22.732557232002996,False,False,1513047.5896400386,1541680.9229062563,False
4.7,37.991137,128.168503,5784.5041536,-130.442,-35.608,310.29,1.0,37.898424,128.181513,5274.120211200001,11.97,-24.647,180.664,1.0,1709.3654272629199,1727.1442523466985,10396.336579866465,124.1586916371619,157.15261334331865,-22.847386656681337,False,False,1517691.6896187738,1543235.0851762826,False
4.7166,37.991295,128.168315,5769.1340040000005,-126.193,-37.034,308.268,1.0,37.898188,128.181507,5262.1903391999995,12.15,-24.716,180.676,1.0,1722.546244649377,1738.435736353316,10441.472340864319,122.07704578774178,157.03658282901517,-22.963417170984837,False,False,1540158.6604581624,1562683.8636050639,False
4.7333,37.991451,128.168126,5753.499592800001,-119.721,-38.058,306.5,1.0,37.897952,128.181501,5250.224805600001,12.333,-24.785,180.688,1.0,1715.6956031099662,1728.909818676888,10486.400640016145,120.40908773639124,156.91958829477005,-23.080411705229956,False,False,1528228.2580471674,1546051.6976485124,False
4.75,37.991604,128.167936,5737.6015296,-111.401,-38.699,304.875,1.0,37.897716,128.181495,5238.2236104,12.518,-24.853,180.699,1.0,1715.4260853567996,1729.795880245557,10531.011555074547,-119.05323753126017,156.80288754994248,-23.197112450057507,False,False,1527609.9772015288,1547466.31922618,False
4.7666,37.991755,128.167743,5721.4638936,-103.434,-38.98,303.708,1.0,37.89748,128.181489,5226.1870584,12.706,-24.922,180.712,1.0,1735.1790123954072,1741.1022843022045,10575.437281332881,-118.19419565890747,156.6835641669569,-23.316435833043116,False,False,1561531.496420923,1566969.9695174356,False
4.7833,37.991902,128.167549,5705.123260800001,-101.174,-38.701,305.032,1.0,37.897244,128.181482,5214.1148448,12.896,-24.99,180.724,1.0,1719.374213543526,1731.670784118022,10619.429326893734,-119.29037226081455,156.56500821879717,-23.43499178120282,False,False,1534071.9901247334,1550474.8516267207,False
4.8,37.992046,128.167352,5688.6024912,-102.612,-38.313,306.793,1.0,37.897008,128.181476,5202.007579200001,13.088,-25.058,180.737,1.0,1723.6735183964272,1732.4442247918998,10663.140230845625,-120.73373119413357,156.4452424651251,-23.55475753487491,False,False,1541311.3326308855,1551695.763633965,False
4.8166,37.992186,128.167154,5671.9107288000005,-106.28,-37.993,308.037,1.0,37.896772,128.181469,5189.8652616,13.283,-25.125,180.749,1.0,1728.4401900269845,1743.8697126370287,10706.42003927342,-121.79636993418674,156.32640809123808,-23.673591908761928,False,False,1549375.1885988456,1571435.979494046,False
4.8333,37.992324,128.166954,5655.0558984,-111.212,-37.694,308.946,1.0,37.896537,128.181463,5177.6875872,13.481,-25.192,180.763,1.0,1722.9936873092565,1728.1683576531457,10749.410940687547,-122.62792689535624,156.20629379117105,-23.793706208828965,False,False,1539810.7771798186,1544058.7061738004,False
4.85,37.99246,128.166754,5638.0428768,-116.9,-37.419,309.625,1.0,37.896301,128.181456,5165.474860800001,13.682,-25.259,180.776,1.0,1721.5005231386206,1735.2000433367357,10792.292947999167,-123.2957852003713,156.08635714214358,-23.913642857856427,False,False,1537072.3387610428,1556115.599241569,False
4.8666,37.992594,128.166552,5620.8759312,-123.137,-37.168,310.13,1.0,37.896065,128.181449,5153.227082400001,13.885,-25.326,180.789,1.0,1736.847052591932,1746.5440285698096,10834.987414604586,123.83783197390247,155.96591326713124,-24.034086732868776,False,False,1563440.8049993431,1575743.9162340479,False
4.8833,37.992727,128.166351,5603.559328800001,-127.953,-37.078,310.166,1.0,37.89583,128.181442,5140.944556800001,14.09,-25.393,180.803,1.0,1725.1473839931602,1730.9308562909118,10877.463082131044,123.9815489823231,155.8451039094735,-24.154896090526513,False,False,1543018.8933409986,1548476.2585679372,False
4.9,37.992859,128.166149,5586.102823200001,-126.583,-38.307,307.948,1.0,37.895594,128.181435,5128.627284000001,14.299,-25.459,180.817,1.0,1730.005729469923,1737.8477150553101,10919.96249520929,121.90793660757839,155.72493617504168,-24.275063824958327,False,False,1551240.8672505142,1560351.9931161196,False
4.9166,37.99299,128.165947,5568.480811200001,-120.304,-40.292,304.087,1.0,37.895359,128.181428,5116.275264000001,14.51,-25.525,180.832,1.0,1743.0792368571465,1743.1411001020663,10962.25326178195,118.39082438942161,155.6041827349661,-24.395817265033934,False,False,1573770.7553284005,1569443.9682502267,False
4.9333,37.99312,128.165744,5550.653668800001,-111.713,-41.472,301.018,1.0,37.895124,128.181421,5103.888801600001,14.724,-25.59,180.846,1.0,1740.0276638674295,1733.5845234878993,11004.455218497676,-115.86156605908674,155.48405279583915,-24.515947204160874,False,False,1568281.4533131097,1552709.701154594,False
4.95,37.993247,128.165539,5532.616824000001,-103.659,-42.002,299.028,1.0,37.894888,128.181413,5091.467592000001,14.941,-25.656,180.861,1.0,1744.39665382614,1740.617507289155,11046.45830694947,-114.37377734440516,155.36204170221245,-24.637958297787552,False,False,1575716.2797169967,1564804.8940018422,False
4.9666,37.993372,128.165334,5514.3970992,-102.199,-41.818,300.213,1.0,37.894653,128.181406,5079.0122448,15.161,-25.721,180.876,1.0,1755.3019644645758,1745.8072578865253,11088.153731509185,-115.30774437408742,155.24046697452397,-24.75953302547603,False,False,1594620.2555394692,1573729.5862751023,False
4.9833,37.993493,128.165127,5496.0097344,-104.725,-41.504,301.926,1.0,37.894418,128.181398,5066.5221504,15.383,-25.786,180.892,1.0,1745.0827200739311,1736.3681064576065,11129.432282061467,-116.64712991321146,155.11815621548965,-24.88184378451036,False,False,1576554.293812169,1557172.710007807,False
5.0,37.993612,128.164919,5477.4602159999995,-109.136,-41.267,302.933,1.0,37.894182,128.181391,5053.9979184,15.609,-25.851,180.907,1.0,1748.402205593356,1743.1434714922798,11170.636923553528,-117.48943241083023,154.99561257983353,-25.004387420166484,False,False,1582170.6714890923,1568837.3697895557,False
5.0166,37.993728,128.16471,5458.7552496,-114.614,-41.046,303.651,1.0,37.893947,128.181383,5041.4395488,15.837,-25.915,180.923,1.0,1759.2060783416398,1748.6036880102156,11211.414778612956,-118.13742274547201,154.8734651798736,-25.12653482012641,False,False,1600935.1152055757,1578247.0620127032,False
5.0333,37.993842,128.1645,5439.8975784,-120.729,-40.85,304.164,1.0,37.893712,128.181375,5028.8470416,16.068,-25.979,180.939,1.0,1752.0103587661163,1739.0183902237732,11251.998261759232,118.64143982873898,154.75095991888642,-25.249040081113588,False,False,1588117.3201991043,1561408.6236087484,False
5.05,37.993955,128.164291,5420.8896408,-125.339,-40.811,304.141,1.0,37.893477,128.181366,5016.2207016,16.303,-26.043,180.956,1.0,1751.653357024965,1740.0329722987658,11292.463138236904,118.71792655356123,154.62822059250993,-25.37177940749006,False,False,1587305.5089843662,1563049.6930867843,False
5.0666,37.994066,128.164081,5401.7360088000005,-123.348,-42.035,301.589,1.0,37.893242,128.181358,5003.560224000001,16.54,-26.107,180.973,1.0,1765.5302251346402,1751.2737268599376,11332.745856488324,116.51866797487767,154.505017585975,-25.494982414025024,False,False,1611521.4223626852,1582547.9970656373,False
5.0833,37.994177,128.16387,5382.4107744,-116.526,-43.704,297.704,1.0,37.893007,128.18135,4990.865913600001,16.781,-26.17,180.99,1.0,1764.9840333371424,1741.6703020636996,11373.054817128066,113.29139635573658,154.38231422530438,-25.617685774695623,False,False,1610367.7375882934,1565651.3957569348,False
5.1,37.994286,128.163659,5362.8822384000005,-107.814,-44.54,294.994,1.0,37.892772,128.181341,4978.137770400001,17.024,-26.233,181.007,1.0,1767.4663718410511,1742.6904294705896,11413.144990227363,-111.2493033584962,154.25929623563272,-25.74070376436728,False,False,1614560.5968976899,1567303.8212502871,False
5.1166,37.994392,128.163447,5343.153144,-100.31,-44.906,293.389,1.0,37.892537,128.181333,4965.3760992,17.271,-26.296,181.025,1.0,1781.3100751652662,1753.9371280425626,11452.942330836393,-110.13372595593533,154.13523250871404,-25.864767491285978,False,False,1638931.2247222508,1586841.4300863158,False
5.1333,37.994495,128.163234,5323.2551904,-99.524,-44.798,294.753,1.0,37.892302,128.181324,4952.5805952,17.521,-26.359,181.043,1.0,1772.8610680914637,1744.4582923359633,11492.424452547943,-111.12777951049561,154.01087208465657,-25.989127915343435,False,False,1623721.483890139,1570135.5913437705,False
5.15,37.994595,128.163019,5303.2078848,-102.53,-44.647,296.196,1.0,37.892068,128.181315,4939.7515632,17.774,-26.421,181.062,1.0,1777.9162867035548,1739.3608176966452,11531.506467851263,-112.18729420130151,153.88662868155785,-26.11337131844216,False,False,1632499.8648663524,1561130.4417364264,False
5.1666,37.994691,128.162804,5283.0157992,-107.557,-44.516,297.106,1.0,37.891833,128.181306,4926.889003200001,18.03,-26.483,181.08,1.0,1784.6755709564784,1756.7450637422974,11570.274820384167,-112.89666015963579,153.7625155648747,-26.237484435125324,False,False,1644342.1336716407,1591392.8855346956,False
5.1833,37.994784,128.162588,5262.679238400001,-113.657,-44.393,297.718,1.0,37.891598,128.181296,4913.99322,18.29,-26.545,181.099,1.0,1776.1555346465263,1747.2544917919845,11608.729683374326,113.41336543659158,153.63788839491812,-26.362111605081886,False,False,1628973.4949809993,1574638.9411545459,False
5.2,37.994876,128.162372,5242.1951544,-118.236,-44.37,297.657,1.0,37.891364,128.181287,4901.0639088,18.552,-26.607,181.119,1.0,1779.9151026651543,1742.0212129918539,11646.993810000666,-113.45881759561175,153.51259881291955,-26.487401187080437,False,False,1635457.2594586501,1565381.9716380385,True
5.2166,37.994967,128.162156,5221.5620232,-118.015,-45.401,294.95,1.0,37.891129,128.181277,4888.1013744,18.819,-26.668,181.139,1.0,1794.5443973109343,1759.5609869316716,11685.26257822754,111.35479988136014,153.38819505061227,-26.611804949387757,False,False,1661400.8281748465,1595963.3327092389,False
5.2333,37.995054,128.16194,5200.7298576,-118.363,-46.571,291.81,1.0,37.890895,128.181268,4875.1056168000005,19.088,-26.729,181.159,1.0,1783.2246664983295,1743.7931822395383,11723.009282370416,108.95658113581477,153.26317899286056,-26.736821007139454,False,False,1640946.8430620723,1568215.7857095397,False
5.25,37.995139,128.161723,5179.686160800001,-114.902,-47.296,289.555,1.0,37.89066,128.181258,4862.076940800001,19.361,-26.79,181.179,1.0,1791.1763145970888,1750.7859646304787,11760.661811119782,107.3294465610575,153.13767864127232,-26.862321358727705,False,False,1654951.6642756138,1580306.4338050343,False
5.2666,37.995221,128.161507,5158.4400768000005,-108.681,-47.804,287.746,1.0,37.890426,128.181248,4849.015041600001,19.637,-26.851,181.2,1.0,1800.9767541002618,1756.231202385638,11797.877549399564,106.0808687887331,153.01151497307015,-26.988485026929844,False,False,1672345.6507839083,1589726.6114741585,False
5.2833,37.995301,128.161289,5136.9946536,-101.858,-48.108,286.268,1.0,37.890191,128.181238,4835.919919200001,19.917,-26.911,181.221,1.0,1801.3484863366675,1752.562582157558,11835.025834325223,-105.12164475706055,152.88557570982124,-27.114424290178754,False,False,1672804.893233428,1583161.976265006,False
5.3,37.995377,128.161071,5115.3718368,-96.82,-48.265,285.45,1.0,37.889957,128.181227,4822.7921832,20.2,-26.971,181.243,1.0,1801.2555521813667,1747.6510053438496,11871.628557815024,-104.62964646919438,152.75906550713938,-27.240934492860625,False,False,1672425.4433554548,1574437.4532030625,False
5.3166,37.995449,128.160852,5093.601496800001,-97.751,-48.248,286.646,1.0,37.889723,128.181217,4809.6315288,20.487,-27.031,181.265,1.0,1814.5358488641973,1758.9046959109855,11907.836123652487,-105.45959566331317,152.6320395108453,-27.36796048915472,False,False,1696221.3405252504,1594039.2376807649,False
5.3333,37.995517,128.160633,5071.699483200001,-102.054,-48.238,287.531,1.0,37.889489,128.181206,4796.437956,20.777,-27.091,181.288,1.0,1802.4873882668007,1749.4278145932856,11943.609889129066,-106.08933099457359,152.50465307692244,-27.495346923077573,False,False,1674216.7741673596,1577285.827517527,False
5.35,37.995583,128.160413,5049.662138400001,-108.138,-48.228,288.015,1.0,37.889255,128.181195,4783.2117696000005,21.071,-27.15,181.31,1.0,1808.4484673863801,1750.3106140909285,11979.19645566265,106.46842376445743,152.3782287405075,-27.621771259492522,False,False,1684763.198805614,1578700.9066000297,False
5.3666,37.995645,128.160194,5027.4806232,-112.786,-48.282,287.709,1.0,37.88902,128.181184,4769.9529696,21.369,-27.21,181.334,1.0,1815.9997898390227,1767.720234696445,12014.45914924332,106.33381965267985,152.25013109740664,-27.74986890259339,False,False,1698230.3612011918,1609194.673366955,False
5.3833,37.995706,128.159974,5005.1491464,-110.628,-48.81,285.411,1.0,37.888786,128.181173,4756.661556,21.67,-27.269,181.357,1.0,1813.5765125597088,1752.081408866328,12049.534883479497,104.79910368298468,152.12292692980205,-27.877073070197948,False,False,1693613.6293306614,1581541.546695656,False
5.4,37.995765,128.159754,4982.65704,-106.068,-49.275,283.48,1.0,37.888552,128.181162,4743.337224,21.975,-27.328,181.381,1.0,1817.7486562601755,1752.977706076533,12084.4102689649,103.52633729570887,151.99510988576435,-28.004890114235653,False,False,1700968.2623291528,1582981.6669884112,False
5.4166,37.995822,128.159534,4959.9975984,-101.547,-49.58,281.977,1.0,37.888318,128.18115,4729.980888,22.283,-27.386,181.406,1.0,1833.3366013579862,1764.5987079268002,12119.071629143755,102.57750420049854,151.86770749091875,-28.13229250908125,False,False,1729202.5073877752,1603289.5670837716,False
5.4333,37.995876,128.159313,4937.177222400001,-97.424,-49.767,280.725,1.0,37.888085,128.181138,4716.5916336,22.595,-27.445,181.431,1.0,1828.8263354340802,1749.0099025345685,12153.326939229722,-101.8232122689232,151.7389229704155,-28.261077029584516,False,False,1720720.0515966723,1575771.7829256337,False
5.45,37.995927,128.159092,4914.209323200001,-95.298,-49.905,280.107,1.0,37.887851,128.181127,4703.1700704,22.911,-27.503,181.456,1.0,1831.6188841247667,1755.6353532497494,12187.396818088984,-101.47810803881761,151.61069615874501,-28.38930384125499,False,False,1725605.799200587,1587250.0895610745,False
5.4666,37.995974,128.158871,4891.1170656,-98.422,-49.989,280.732,1.0,37.887617,128.181114,4689.7161984,23.231,-27.561,181.482,1.0,1843.5090283984373,1767.483679335934,12221.02028018097,-101.9176194898474,151.4822424519136,-28.517757548086397,False,False,1747228.2420646413,1607989.6837164848,False
5.4833,37.996018,128.15865,4867.9077648,-104.387,-50.07,281.018,1.0,37.887383,128.181102,4676.2300176,23.555,-27.618,181.508,1.0,1834.4607155977199,1757.591104848842,12254.349372865756,102.1471249103573,151.35445061977302,-28.645549380226978,False,False,1730360.926217325,1590421.3970239835,False
5.5,37.996059,128.158429,4844.567704800001,-109.071,-50.175,280.494,1.0,37.88715,128.18109,4662.711528000001,23.883,-27.676,181.535,1.0,1837.3184205146777,1752.5708415783688,12287.26030100161,101.87111002263384,151.2251872832951,-28.77481271670492,False,False,1735378.4690635519,1581477.857381417,False
5.5166,37.996099,128.158208,4821.0880464,-108.434,-50.534,278.871,1.0,37.886916,128.181077,4649.1607296,24.214,-27.733,181.562,1.0,1853.8089847238568,1770.1687378554186,12320.1781854039,100.853081021413,151.09682629800542,-28.903173701994596,False,False,1765582.599011677,1612341.3723092547,False
5.5333,37.996136,128.157987,4797.4569024,-107.166,-50.899,277.57,1.0,37.886683,128.181064,4635.5779272,24.55,-27.791,181.589,1.0,1846.8616077720285,1754.5501278606075,12352.677877545337,100.04051792525313,150.9672441125489,-29.0327558874511,False,False,1752495.879863062,1584682.5658676128,False
5.55,37.996171,128.157767,4773.6687864000005,-106.447,-51.211,276.513,1.0,37.886449,128.181051,4621.962816,24.889,-27.848,181.617,1.0,1849.0588692398999,1761.348175279028,12385.074508517402,99.39743011902885,150.83811602381712,-29.161883976182892,False,False,1756323.049961518,1596499.6689289073,False
5.5666,37.996203,128.157546,4749.7206504000005,-106.481,-51.492,275.627,1.0,37.886216,128.181038,4608.315700800001,25.232,-27.904,181.646,1.0,1868.5107629223874,1766.9190179022964,12417.06784129024,98.87187184330344,150.7090686470284,-29.29093135297162,False,False,1792245.083594646,1606193.5470796584,False
5.5833,37.996232,128.157326,4725.6106656,-107.313,-51.759,274.863,1.0,37.885982,128.181024,4594.6362768,25.58,-27.961,181.675,1.0,1859.3637256279512,1763.3459471895414,12448.83396199657,98.42782041856333,150.5790782062436,-29.420921793756406,False,False,1774959.141924334,1599752.4545787713,False
5.6,37.996259,128.157107,4701.337308,-108.968,-52.025,274.198,1.0,37.885749,128.18101,4580.9248488,25.931,-28.017,181.705,1.0,1862.3868648044859,1758.3463266333288,12480.277621699655,98.04798108867533,150.449451803013,-29.55054819698701,False,False,1780346.7866096394,1590814.428860945,False
5.6166,37.996283,128.156888,4676.8987488,-111.478,-52.298,273.62,1.0,37.885516,128.180997,4567.181112,26.287,-28.074,181.735,1.0,1879.5535840195093,1769.6347528952285,12511.428590362206,97.72339868052511,150.318417075461,-29.681582924538997,False,False,1812225.546715211,1610592.325979273,False
5.6333,37.996304,128.15667,4652.29194,-114.842,-52.585,273.113,1.0,37.885283,128.180982,4553.405676,26.647,-28.13,181.765,1.0,1871.3819915526021,1760.3672994667577,12542.227661948054,97.44174513757547,150.18835337710482,-29.811646622895164,False,False,1796658.6779070925,1594100.170288488,False
5.65,37.996323,128.156453,4627.5126144000005,-119.049,-52.891,272.665,1.0,37.88505,128.180968,4539.598236,27.011,-28.186,181.797,1.0,1875.3829372007422,1761.0382403789704,12572.829149940739,97.19530456189833,150.0572171328364,-29.942782867163633,False,False,1803910.9771518472,1595146.0930795996,False
5.6666,37.996339,128.156237,4602.5555904,-124.116,-53.217,272.285,1.0,37.884817,128.180953,4525.758487200001,27.379,-28.241,181.828,1.0,1890.7196970816613,1772.7906589721463,12603.093444971897,96.98851084728945,149.9272228673514,-30.072777132648636,False,False,1832546.1382468806,1615775.889737948,False
5.6833,37.996353,128.156022,4577.4150768,-130.051,-53.56,271.978,1.0,37.884584,128.180939,4511.887039200001,27.751,-28.297,181.86,1.0,1884.287106602934,1762.8409825709573,12633.160438722662,96.82472216201113,149.79554633083248,-30.204453669167528,False,False,1820158.0576179293,1598050.6619488397,False
5.7,37.996365,128.155808,4552.0849776000005,-136.796,-53.922,271.736,1.0,37.884351,128.180924,4497.9832824000005,28.128,-28.353,181.893,1.0,1889.6291317803807,1763.9809329276254,12662.999878944063,96.6977553256318,149.6633587188033,-30.33664128119671,False,False,1829989.8319821188,1599924.5136224558,False
5.7166,37.996376,128.155596,4526.5607208,-144.294,-54.305,271.562,1.0,37.884118,128.180908,4484.0478264,28.508,-28.408,181.926,1.0,1903.9041157309541,1775.7539513006732,12692.705838375787,96.60798772255657,149.53208032138247,-30.46791967861752,False,False,1856815.8376412666,1620624.5353967424,False
5.7333,37.996385,128.155386,4500.8380392,-152.494,-54.701,271.467,1.0,37.883885,128.180893,4470.0803664000005,28.894,-28.463,181.96,1.0,1895.5114218889012,1765.7845476061711,12722.199242062688,96.56259688655234,149.40010921378448,-30.59989078621555,False,False,1840619.9186127626,1602834.047907522,False
5.75,37.996393,128.155178,4474.9141896,-161.345,-55.099,271.462,1.0,37.883653,128.180877,4456.0809024,29.283,-28.518,181.995,1.0,1899.0504784532418,1761.0794887289703,12751.44917417914,96.56792411756456,149.26771416916287,-30.73228583083714,False,False,1847080.2770941842,1594399.7085924668,False
5.7666,37.9964,128.154971,4448.7882576,-170.786,-55.492,271.551,1.0,37.88342,128.180861,4442.0494344,29.677,-28.573,182.03,1.0,1917.2585013869577,1778.4956023867135,12780.705668431308,96.62621205380651,149.13503547750304,-30.86496452249696,False,False,1881567.7899366745,1625084.927940298,False
5.7833,37.996407,128.154767,4422.4614624000005,179.227,-55.865,271.738,1.0,37.883188,128.180845,4427.9859624,30.075,-28.628,182.065,1.0,1906.7625406506893,1762.9071941710802,12809.82789337753,96.74029824979321,149.00233226442217,-30.997667735577846,False,False,1861241.2249145806,1597344.5961682452,False
5.8,37.996414,128.154565,4395.938376,168.725,-56.201,272.016,1.0,37.882955,128.180828,4413.8907912,30.478,-28.682,182.102,1.0,1910.6370920743925,1769.9201490587252,12839.034549882124,96.90784043816429,148.86986848687502,-31.130131513124994,False,False,1868376.4778802458,1609594.1491495515,False
5.8166,37.99642,128.154364,4369.2266184,157.782,-56.492,272.371,1.0,37.882723,128.180812,4399.7633112,30.885,-28.737,182.138,1.0,1928.5378591205172,1775.3723029383234,12868.044284164569,97.12257136914717,148.7364360719581,-31.263563928041908,False,False,1902476.613247906,1619120.3458960424,False
5.8333,37.996428,128.154166,4342.3368576,146.469,-56.727,272.78,1.0,37.88249,128.180795,4385.6038272000005,31.296,-28.792,182.176,1.0,1917.6221991739392,1771.7598698520262,12897.34115523773,97.37278153827998,148.60262329556568,-31.39737670443434,False,False,1881221.2271269306,1612574.5999810451,False
5.85,37.996436,128.153969,4315.2818952,134.844,-56.901,273.21,1.0,37.882258,128.180778,4371.4123392,31.713,-28.846,182.214,1.0,1923.1040975591875,1766.8403924542667,12926.53451488803,97.64302387731836,148.46956754130218,-31.530432458697803,False,False,1891483.1442220316,1603731.3970201893,False
5.8666,37.996445,128.153774,4288.0778856,122.97,-57.016,273.634,1.0,37.882026,128.18076,4357.1885424,32.133,-28.9,182.252,1.0,1936.8115206122322,1778.6965993145086,12955.81111726842,97.91896640304532,148.33678187014314,-31.663218129856848,False,False,1917671.112184953,1624610.2192258257,False
5.8833,37.996456,128.15358,4260.7434216,110.923,-57.082,274.031,1.0,37.881794,128.180742,4342.9330464,32.558,-28.954,182.292,1.0,1929.5083277535882,1768.9609220758396,12985.312060609085,98.18884154284987,148.20335855162048,-31.796641448379532,False,False,1903284.8129106578,1607200.9962751807,False
5.9,37.996468,128.153388,4233.300448800001,98.747,-57.109,274.387,1.0,37.881562,128.180724,4328.6452416,32.988,-29.009,182.331,1.0,1929.7756032253496,1769.8953300761832,13014.911424624528,98.44385210361031,148.06970064126295,-31.93029935873703,False,False,1903531.4352481056,1608714.2485712774,False
5.9166,37.996482,128.153195,4205.7724368,86.474,-57.107,274.69,1.0,37.88133,128.180706,4314.325128,33.422,-29.063,182.372,1.0,1949.1258063971484,1781.4990175549162,13044.766826984654,98.6766528973472,147.93622184755313,-32.063778152446886,False,False,1940790.2428490117,1629178.451291067,False
5.9333,37.996499,128.153003,4178.1852936000005,74.137,-57.088,274.931,1.0,37.881098,128.180687,4299.9727056,33.861,-29.117,182.413,1.0,1938.7943151452616,1772.0580114488337,13074.938531449046,98.87951169527956,147.80332410415363,-32.1966758958464,False,False,1920435.6990292745,1612263.1253033697,False
5.95,37.996516,128.152811,4150.5661464,61.742,-57.061,275.11,1.0,37.880867,128.180669,4285.5882792,34.305,-29.171,182.455,1.0,1940.4273030413851,1766.8872342927157,13105.03740918786,-99.05130894662513,147.67017276284565,-32.32982723715436,False,False,1923332.2086938252,1602972.5136514977,False
5.9666,37.996536,128.152618,4122.942732,49.974,-56.983,275.817,1.0,37.880635,128.180649,4271.171544000001,34.753,-29.225,182.498,1.0,1956.3634743173266,1784.9213753104464,13135.577037812327,-99.51381925929908,147.5373513317738,-32.462648668226215,False,False,1954111.2781642482,1634858.0424420354,False
5.9833,37.996557,128.152424,4095.3263280000006,40.484,-56.684,276.865,1.0,37.880403,128.18063,4256.7221952,35.206,-29.279,182.541,1.0,1947.5035754427458,1774.8801796399725,13166.27824893543,-100.21275907036002,147.40474465500955,-32.59525534499045,False,False,1936546.5201156207,1616844.0107549687,False
6.0,37.99658,128.152228,4067.7608256000003,31.443,-56.366,277.617,1.0,37.880172,128.18061,4242.2405376,35.663,-29.332,182.585,1.0,1951.4434338300102,1770.3271517069006,13197.123962553715,-100.76471535173887,147.27319432075117,-32.72680567924885,False,False,1943956.844419501,1608631.280203389,False
6.0166,37.996605,128.15203,4040.2706088,22.336,-56.028,278.186,1.0,37.879941,128.18059,4227.7262664,36.125,-29.386,182.629,1.0,1966.0702663715256,1781.954979044026,13228.23952971019,-101.22864990874027,147.14126685821614,-32.85873314178386,False,False,1972337.6659208892,1629141.6054602892,False
6.0333,37.99663,128.15183,4012.8724416000005,13.119,-55.662,278.598,1.0,37.879709,128.18057,4213.1793816,36.592,-29.44,182.674,1.0,1955.2815753834066,1778.0383185511569,13259.515265589918,-101.61924933227142,147.0095127995563,-32.990487200443695,False,False,1950915.8550463247,1622027.3067006802,False
6.05,37.996657,128.151628,3985.5779064000003,3.764,-55.272,278.862,1.0,37.879478,128.18055,4198.600188,37.064,-29.494,182.72,1.0,1956.9386117027855,1773.1953821806048,13290.950842539794,-101.93864143756987,146.87797131500818,-33.12202868499183,False,False,1953889.5325624102,1613285.1342269608,False
6.0666,37.996684,128.151423,3958.3930992,-5.707,-54.859,278.974,1.0,37.879247,128.180529,4183.987771200001,37.541,-29.548,182.767,1.0,1971.8753429134877,1785.1852648944052,13322.436737626569,-102.18233653709643,146.7466217548605,-33.25337824513948,False,False,1982964.759681362,1634474.1186744922,False
6.0833,37.996711,128.151216,3931.3198488000003,-15.328,-54.432,278.93,1.0,37.879016,128.180507,4169.343045600001,38.022,-29.602,182.814,1.0,1960.3312329666046,1775.7855128530248,13353.955898659027,-102.34287168298953,146.6159789595952,-33.38402104040482,False,False,1960002.3492674185,1617594.3818074733,False
6.1,37.996738,128.151005,3904.3535832,-25.087,-54.003,278.724,1.0,37.878785,128.180486,4154.6650968,38.508,-29.656,182.862,1.0,1966.8005888517084,1776.4337966342837,13385.576005252455,-102.41148320158081,146.48508457084392,-33.514915429156076,False,False,1972440.9072204018,1618601.8633837814,False
6.1166,37.996764,128.150792,3877.4860728000003,-35.004,-53.588,278.354,1.0,37.878554,128.180464,4139.9542296,38.999,-29.71,182.911,1.0,1979.155398621385,1788.4540378928205,13417.12036985813,-102.37888541850978,146.3544103539198,-33.645589646080204,False,False,1996553.1947419108,1639883.0049732737,False
6.1333,37.996789,128.150577,3850.7020776000004,-45.063,-53.206,277.825,1.0,37.878324,128.180442,4125.2101392,39.494,-29.764,182.961,1.0,1968.6474508509934,1772.964040812643,13448.49705573544,-102.2404649935769,146.22370435476643,-33.77629564523357,False,False,1975548.8804003533,1612155.2370189333,False
6.15,37.996812,128.15036,3823.9833096,-55.251,-52.877,277.143,1.0,37.878093,128.18042,4110.432825600001,39.995,-29.818,183.011,1.0,1970.4400757757442,1779.7196831511965,13479.815704148066,-101.99263728953522,146.09331309816264,-33.90668690183736,False,False,1978817.512034649,1624010.6513670678,False
6.1666,37.996834,128.150141,3797.3069088,-65.635,-52.623,276.328,1.0,37.877863,128.180397,4095.6222888,40.5,-29.872,183.062,1.0,1985.8681544821718,1785.9942357852435,13510.95054511582,-101.64099956753527,145.96285049082692,-34.037149509173084,False,False,2009075.023290397,1635052.0394475185,False
6.1833,37.996853,128.14992,3770.6475768,-76.248,-52.463,275.408,1.0,37.877632,128.180374,4080.7785288,41.01,-29.927,183.114,1.0,1977.912109704971,1782.050891753516,13541.919518898432,-101.1990776060333,145.83117419549467,-34.16882580450534,False,False,1993045.5779178103,1627871.4571592074,False
6.2,37.99687,128.149699,3743.9763576000005,-87.098,-52.414,274.406,1.0,37.877402,128.180351,4065.900936,41.525,-29.981,183.166,1.0,1977.6778225999958,1777.308989771106,13572.579701411214,-100.67941834002586,145.7005762063128,-34.299423793687204,False,False,1992320.6507491884,1619286.4899746194,False
6.2166,37.996884,128.149477,3717.2630760000006,-98.208,-52.488,273.356,1.0,37.877172,128.180327,4050.9895103999997,42.045,-30.036,183.22,1.0,1993.693114974577,1789.40616781573,13602.931838717202,100.10431520161232,145.56836711096616,-34.43163288903385,False,False,2023860.0162927713,1640713.8529906524,False
6.2333,37.996896,128.149255,3690.4812144,-110.449,-52.76,272.687,1.0,37.876942,128.180303,4036.0445568,42.57,-30.09,183.274,1.0,1984.488809837564,1779.6998799397268,13633.085727656971,99.72119984700566,145.43704650054204,-34.56295349945796,False,False,2005289.1757864514,1623245.9076816817,False
6.25,37.996906,128.149034,3663.5951112000002,-125.263,-53.157,272.23,1.0,37.876712,128.180279,4021.0654656,43.099,-30.145,183.329,1.0,1985.9697834783135,1780.7286773323076,13663.024738155513,99.44533437140228,145.3044390270551,-34.69556097294489,False,False,2007965.5854416993,1624930.492785061,False
6.2666,37.996913,128.148814,3636.5709336,-141.795,-53.687,271.726,1.0,37.876482,128.180254,4006.0525416000005,43.633,-30.2,183.384,1.0,2001.0350179056556,1792.8663756919261,13692.623050374898,99.12310092020489,145.1717857320642,-34.82821426793583,False,False,2037733.1497883322,1646470.875700433,False
6.2833,37.996918,128.148597,3609.3788112,-159.492,-54.346,271.358,1.0,37.876253,128.180229,3991.0051752000004,44.172,-30.255,183.44,1.0,1987.8977488042174,1777.4440133736946,13721.863597008265,98.86344106780658,145.03871912195658,-34.96128087804343,False,False,2011264.6445692922,1618792.0012403685,False
6.3,37.996922,128.148382,3581.9964936,-177.729,-55.095,271.262,1.0,37.876023,128.180203,3975.9233664000003,44.716,-30.31,183.498,1.0,1991.1591276797376,1784.610620115329,13751.07363541242,98.74726393233969,144.90490348801956,-35.09509651198044,False,False,2017484.7217851293,1631408.0215953162,False
6.3166,37.996926,128.148169,3554.4063024,163.885,-55.862,271.546,1.0,37.875794,128.180178,3960.8071152,45.265,-30.366,183.556,1.0,2007.5332846350125,1790.2587429817581,13780.18023748577,98.83853949123836,144.76984277877258,-35.23015722122742,False,False,2049951.763024152,1641355.4325075883,False
6.3333,37.996931,128.14796,3526.6021416000003,145.372,-56.55,272.232,1.0,37.875565,128.180152,3945.6561168000003,45.819,-30.421,183.614,1.0,1994.5901300746234,1780.994330223719,13809.329672613076,99.15302864752297,144.63595436227575,-35.36404563772425,False,False,2023779.0463874731,1624664.0707023335,False
6.35,37.996937,128.147753,3498.5962032,126.845,-57.072,273.249,1.0,37.875336,128.180125,3930.4703712000005,46.377,-30.477,183.674,1.0,1999.074573868355,1782.4668066021748,13838.556955059319,99.66057964872473,144.50044041649937,-35.49955958350065,False,False,2032459.0843995837,1627138.7055850057,False
6.3666,37.996945,128.147549,3470.4217104,108.458,-57.37,274.445,1.0,37.875107,128.180098,3915.2492688,46.94,-30.533,183.734,1.0,2011.4128194131401,1794.2921123348167,13867.96957079334,100.29297734017544,144.36516517191833,-35.63483482808167,False,False,2056923.976116053,1648137.5714353467,False
6.3833,37.996956,128.147347,3442.1304792,90.276,-57.435,275.65,1.0,37.874878,128.180071,3899.9931144,47.508,-30.59,183.795,1.0,2000.3089754775458,1784.6214037117784,13897.692410971027,100.97233743183862,144.22895610043577,-35.771043899564255,False,False,2034373.7675518612,1630682.64476843,False
6.4,37.996971,128.147146,3413.7834696,72.321,-57.297,276.728,1.0,37.874649,128.180044,3884.7016032000006,48.081,-30.646,183.857,1.0,2001.5154620381406,1785.7061397712307,13927.850034638883,101.6321017983942,144.09373229792044,-35.90626770207957,False,False,2036509.8520510285,1632469.1177853562,False
6.4166,37.996989,128.146945,3385.445604,54.594,-57.002,277.585,1.0,37.87442,128.180016,3869.3744304000006,48.659,-30.703,183.92,1.0,2014.2109920181929,1797.994585641334,13958.330915311039,-102.21971734889527,143.9579174882033,-36.0420825117967,False,False,2061722.8403159229,1654337.8657556584,False
6.4333,37.997009,128.146742,3357.1696128,38.046,-56.694,278.412,1.0,37.874192,128.179988,3854.0112912000004,49.241,-30.761,183.984,1.0,2005.4215841266362,1782.6487153568432,13988.969995063,-102.80034782974577,143.82118886688275,-36.178811133117264,False,False,2043780.4524238585,1626713.1610105482,False
6.45,37.997032,128.146537,3328.9719552,24.08,-56.277,279.002,1.0,37.873964,128.179959,3838.6121856,49.828,-30.818,184.048,1.0,2008.507225085719,1784.2034261662764,14019.965776295754,-103.29148876399556,143.68601985998828,-36.31398014001174,False,False,2049696.6994352296,1629334.859161654,False
6.4666,37.997057,128.14633,3300.8937792,10.36,-55.782,279.37,1.0,37.873736,128.17993,3823.1768088000003,50.42,-30.876,184.113,1.0,2021.3309095752672,1796.0819001188067,14051.226006629966,-103.69128435971601,143.5502014582748,-36.4497985417252,False,False,2075260.0329819804,1650447.6528192102,False
6.4833,37.997082,128.146121,3272.9518488000003,-3.259,-55.237,279.491,1.0,37.873508,128.179901,3807.7051608,51.016,-30.934,184.179,1.0,2008.1293150962533,1786.4523451709751,14082.532309703261,-103.97465773612655,143.41456633884948,-36.58543366115054,False,False,2048388.366322508,1633046.822598598,False
6.5,37.997108,128.145908,3245.1504312,-16.781,-54.682,279.358,1.0,37.87328,128.179871,3792.196632,51.617,-30.993,184.246,1.0,2013.29120743901,1788.0555074103247,14114.011597951594,-104.12075141080003,143.27815881056378,-36.72184118943621,False,False,2058494.7974517406,1635759.9938913996,False
6.5166,37.997134,128.145692,3217.4828208000004,-30.226,-54.15,278.976,1.0,37.873052,128.179841,3776.6515272,52.223,-31.051,184.313,1.0,2027.6415839287954,1799.9723105706662,14145.555396043163,-104.11687212381047,143.1430599874474,-36.856940012552585,False,False,2087217.9243432353,1656986.4591097673,False
6.5333,37.997159,128.145474,3189.9325584,-43.636,-53.68,278.371,1.0,37.872825,128.179811,3761.0692368000005,52.833,-31.111,184.382,1.0,2015.1155318440708,1784.6984613646177,14176.928348813952,-103.96162191472084,143.0057783916849,-36.99422160831508,False,False,2061627.8554634396,1629457.7886296816,False
6.55,37.997182,128.145253,3162.4731263999997,-57.075,-53.304,277.578,1.0,37.872597,128.17978,3745.449456,53.448,-31.17,184.451,1.0,2018.625514867433,1791.9958893429314,14208.240225978181,-103.66367690178981,142.8697176249908,-37.13028237500919,False,False,2068437.7517219149,1642354.9456186641,False
6.5666,37.997203,128.14503,3135.0706920000002,-70.607,-53.051,276.653,1.0,37.87237,128.179748,3729.7921848000005,54.067,-31.23,184.521,1.0,2033.1218771089805,1798.7815001954348,14239.256407236106,-103.24843429187544,142.73260732207822,-37.26739267792179,False,False,2097536.824591274,1654384.2092517384,False
6.5833,37.997222,128.144805,3107.6865456,-84.287,-52.94,275.647,1.0,37.872143,128.179717,3714.0968136,54.691,-31.291,184.592,1.0,2025.2912242861041,1788.7202315022514,14270.124924089716,-102.74504688906399,142.59407981766205,-37.40592018233797,False,False,2081378.2658475614,1636182.8808098242,False
6.6,37.997238,128.14458,3080.2792344000004,-98.219,-52.975,274.633,1.0,37.871916,128.179685,3698.3636472,55.319,-31.352,184.663,1.0,2025.2627946367638,1790.3976515854272,14300.663747488461,102.20044916228149,142.45576415781872,-37.54423584218127,False,False,2081051.914023986,1639030.4332621202,False
6.6166,37.997251,128.144356,3052.8146208000003,-112.298,-53.396,273.083,1.0,37.87169,128.179652,3682.5920760000004,55.952,-31.413,184.736,1.0,2036.225568935203,1797.248376585388,14330.746653630325,101.26415524680272,142.31678921545594,-37.68321078454406,False,False,2103045.1682938137,1651164.7551515119,False
6.6333,37.997261,128.144132,3025.2433272000003,-127.667,-54.19,271.168,1.0,37.871463,128.17962,3666.7821000000004,56.589,-31.475,184.809,1.0,2028.4707960506862,1792.8222034849418,14360.649939834519,100.06697383012285,142.17661897089786,-37.82338102910213,False,False,2087014.3876899383,1643064.575335266,False
6.65,37.997268,128.143911,2997.505308,-144.32,-55.265,269.682,1.0,37.871237,128.179586,3650.9331096000005,57.23,-31.537,184.883,1.0,2026.9817481896202,1789.459964261966,14390.04490544466,99.10660576565124,142.03621492308713,-37.96378507691286,False,False,2083722.9891756226,1636886.905027477,False
6.6666,37.997272,128.143693,2969.5453944,-161.922,-56.56,268.76,1.0,37.871011,128.179553,3635.0451048000004,57.876,-31.6,184.957,1.0,2040.806878078353,1800.9662828855146,14419.099658262112,98.46505117625007,141.89456018485575,-38.10543981514426,False,False,2111567.6491479496,1657387.3911222205,False
6.6833,37.997275,128.14348,2941.3251816,179.768,-57.974,268.591,1.0,37.870785,128.179519,3619.1177807999998,58.525,-31.664,185.033,1.0,2026.7765556780798,1791.9521676546794,14447.956167938803,98.23226481488085,141.75135935695278,-38.248640643047224,False,False,2082756.149915288,1641037.7069662346,False
6.7,37.997277,128.143272,2912.8294296000004,160.65,-59.347,269.314,1.0,37.87056,128.179485,3603.1508328000004,59.179,-31.727,185.109,1.0,2026.2159988706935,1787.6198605402162,14476.525408457184,98.4564811750161,141.6089401704072,-38.3910598295928,False,False,2081340.735765568,1633127.2220133892,False
6.7166,37.997281,128.143069,2884.0706352,140.688,-60.494,270.934,1.0,37.870334,128.17945,3587.1436512,59.837,-31.792,185.186,1.0,2037.8832638890829,1805.8476216635236,14505.329420393147,99.11770938374761,141.46475849109828,-38.535241508901706,False,False,2104767.169914295,1665720.6786209429,False
6.7333,37.997287,128.14287,2855.0896416000005,120.03,-61.253,273.267,1.0,37.870109,128.179415,3571.0965408,60.499,-31.857,185.264,1.0,2026.3025597442193,1790.7254451113474,14534.18746609256,100.13147132439813,141.32031027065815,-38.67968972934186,False,False,2080949.8966467842,1638369.303776453,False
6.75,37.997296,128.142674,2825.9492376,98.99,-61.534,275.96,1.0,37.869884,128.179379,3555.0088920000003,61.165,-31.923,185.342,1.0,2026.924926093153,1792.5776819208386,14563.312915149987,101.3690549629004,141.1754971956088,-38.82450280439119,False,False,2081925.4230997772,1641530.1008110754,False
6.7666,37.997309,128.142481,2796.7265376,77.976,-61.329,278.572,1.0,37.869659,128.179343,3538.8804,61.835,-31.989,185.422,1.0,2036.3863531664088,1804.6998354125694,14592.82919828421,102.6791684624454,141.0305476596667,-38.96945234033331,False,False,2100861.207981148,1663175.3094437376,False
6.7833,37.997326,128.142289,2767.5020088,57.414,-60.713,280.722,1.0,37.869434,128.179307,3522.7110648,62.509,-32.056,185.501,1.0,2022.9795718516698,1795.2111850460433,14622.77061924533,-103.91601081827068,140.8858706862757,-39.11412931372432,False,False,2073363.0976391812,1645937.5939208304,False
6.8,37.997346,128.142096,2738.3375256000004,38.45,-60.179,281.821,1.0,37.86921,128.17927,3506.5002768,63.187,-32.123,185.582,1.0,2023.716908747807,1791.5543497939027,14652.936233327637,-104.66020564634756,140.74102880048963,-39.25897119951037,False,False,2074568.9810713152,1639220.5150722074,False
6.8166,37.99737,128.141902,2709.2544239999997,21.563,-59.849,281.935,1.0,37.868985,128.179233,3490.2477312,63.868,-32.191,185.663,1.0,2036.2811122557998,1809.299719951642,14683.669123408847,-104.88035140748086,140.59612230673312,-39.403877693266885,False,False,2099789.0939619783,1671010.3762217173,False
6.8333,37.997394,128.141706,2680.2652008000005,4.904,-59.303,282.069,1.0,37.868761,128.179195,3473.9531232000004,64.553,-32.26,185.746,1.0,2024.5754218240954,1794.8575578735988,14714.318125051414,-105.18543128161453,140.44997800905463,-39.550021990945375,False,False,2075737.2420585323,1644824.6689236187,False
6.85,37.99742,128.141508,2651.3756472,-11.313,-58.675,281.923,1.0,37.868538,128.179157,3457.6164528000004,65.241,-32.329,185.828,1.0,2025.9336422966483,1790.690828312028,14745.119033540415,-105.38287481546952,140.30473668749224,-39.69526331250779,False,False,2078204.6744852955,1637194.4556872598,False
6.8666,37.997446,128.141308,2622.586068,-27.119,-58.054,281.463,1.0,37.868314,128.179119,3441.2374152,65.933,-32.4,185.912,1.0,2038.4576168815245,1808.4400568123663,14776.07163137845,-105.41668292824173,140.15739432873104,-39.84260567126896,False,False,2103373.511574904,1668974.7304395284,False
6.8833,37.997472,128.141106,2593.889148,-42.593,-57.511,280.728,1.0,37.868091,128.17908,3424.8150960000003,66.628,-32.47,185.996,1.0,2027.0123410657645,1794.0921885002972,14806.939767162852,-105.27438678511501,140.011379126283,-39.988620873717004,False,False,2079826.87842969,1642969.3533800812,False
6.9,37.997496,128.140901,2565.266904,-57.878,-57.099,279.803,1.0,37.867868,128.179041,3408.3498,67.327,-32.542,186.08,1.0,2030.438000253583,1795.5041074026947,14837.655678479354,-104.97923804742884,139.86369758125406,-40.13630241874594,False,False,2086495.9111209959,1645341.9934161438,False
6.9166,37.997519,128.140695,2536.6903800000005,-73.149,-56.845,278.798,1.0,37.867645,128.179001,3391.8412224,68.028,-32.614,186.166,1.0,2042.6385402679987,1808.365776625137,14868.269850649182,-104.58191018867893,139.715589950713,-40.28441004928699,False,False,2111062.537809117,1668355.9907581664,False
6.9333,37.997539,128.140488,2508.1211712000004,-88.545,-56.747,277.792,1.0,37.867422,128.178961,3375.2887536,68.733,-32.687,186.252,1.0,2031.4324478741532,1798.9840136230814,14898.587740160476,-104.13116117809942,139.56665175835178,-40.433348241648225,False,False,2087955.1616215357,1651272.016091197,False
6.95,37.997557,128.14028,2479.5156912,-104.163,-56.789,276.848,1.0,37.8672,128.178921,3358.6920888000004,69.441,-32.761,186.338,1.0,2035.2462565351618,1794.9440291859908,14928.612020738847,103.67179016013236,139.41673190264416,-40.583268097355834,False,False,2095429.4049233014,1643849.55172785,False
6.9666,37.997573,128.140072,2450.8340112,-118.132,-57.227,275.137,1.0,37.866978,128.17888,3342.0512280000003,70.152,-32.836,186.425,1.0,2050.6259889421185,1807.8604364464672,14958.413467968843,102.71057820479598,139.2656001119919,-40.734399888008134,False,False,2126567.9446183555,1666954.0055092718,False
6.9833,37.997586,128.139866,2422.0304112,-129.403,-58.257,272.339,1.0,37.866756,128.178839,3325.3652568,70.865,-32.911,186.513,1.0,2037.9584473671812,1798.5342392851453,14987.866528499764,101.07830607881444,139.11403093087105,-40.88596906912895,False,False,2100389.3211296205,1649973.3981360958,False
7.0,37.997596,128.139663,2393.0573424000004,-140.807,-59.357,270.425,1.0,37.866534,128.178797,3308.6347848000005,71.582,-32.987,186.601,1.0,2037.5131282840218,1800.6543703638129,15016.933930386667,99.9483955487748,138.9617067433956,-41.03829325660438,False,False,2099197.7497517173,1653624.7040675087,False
7.0166,37.997603,128.139463,2363.8809720000004,-152.076,-60.523,269.117,1.0,37.866313,128.178755,3291.8585928,72.301,-33.064,186.69,1.0,2051.456111419689,1807.53315472759,15045.529517436673,99.1580790483185,138.8078813715412,-41.192118628458786,False,False,2127417.84187466,1665870.1577888192,False
7.0333,37.997608,128.139267,2334.4760016,-163.189,-61.69,268.387,1.0,37.866092,128.178713,3275.0369855999998,73.022,-33.142,186.779,1.0,2039.967115825753,1798.2315886182976,15073.851041010448,98.67919093882627,138.65316968582854,-41.34683031417146,False,False,2103626.305906311,1648935.5646071774,False
7.05,37.997612,128.139076,2304.8302392,-174.109,-62.831,268.199,1.0,37.865871,128.17867,3258.1693536,73.746,-33.221,186.869,1.0,2039.2785534606196,1800.4306874063423,15101.966842851201,98.47036210476388,138.49744041594437,-41.50255958405562,False,False,2101931.172767469,1652727.0565687185,False
7.0666,37.997615,128.138891,2274.9439896,175.088,-63.926,268.521,1.0,37.865651,128.178627,3241.2553920000005,74.473,-33.3,186.959,1.0,2048.7922567118662,1807.3658100592436,15129.768528749597,98.49286367274395,138.34192042860352,-41.65807957139649,False,False,2121084.435056862,1665071.4428755096,False
7.0833,37.997618,128.13871,2244.8270064,164.407,-64.943,269.325,1.0,37.86543,128.178583,3224.2951008000005,75.201,-33.381,187.049,1.0,2038.7927857955294,1804.2171728290677,15157.599794415522,98.71489409147898,138.18500029754802,-41.81499970245199,False,False,2100352.2444682606,1659219.3369159175,False
7.1,37.997621,128.138534,2214.4960536000003,154.019,-65.854,270.577,1.0,37.86521,128.178539,3207.2875656,75.932,-33.462,187.14,1.0,2038.0870642726593,1800.3774480370487,15185.243195589293,99.10730476965932,138.02788030185803,-41.97211969814198,False,False,2098616.2285018098,1652132.2243053892,False
7.1166,37.997627,128.138363,2183.9715528,144.047,-66.633,272.223,1.0,37.864991,128.178495,3190.2330912,76.664,-33.544,187.232,1.0,2049.268273290718,1807.3709088705912,15213.02143782849,99.64006019777032,137.86997663393066,-42.13002336606935,False,False,2121167.6725862264,1664580.30045967,False
7.1333,37.997634,128.138196,2153.2745352,134.407,-67.272,274.209,1.0,37.864771,128.17845,3173.1313728,77.399,-33.627,187.324,1.0,2037.2775346390288,1804.256971080115,15240.93287868679,100.28837175338572,137.7118015428557,-42.28819845714429,False,False,2096366.2862930584,1658789.3976226645,False
7.15,37.997643,128.138033,2122.4269464,125.091,-67.766,276.446,1.0,37.864552,128.178405,3155.9814960000003,78.135,-33.71,187.416,1.0,2036.8421777541844,1800.486550202815,15268.88812907532,101.02144055095214,137.5540815700765,-42.4459184299235,False,False,2095176.926753118,1651825.5146683652,False
7.1666,37.997655,128.137873,2091.4507320000002,116.207,-68.118,278.884,1.0,37.864333,128.178359,3138.7837656,78.873,-33.795,187.508,1.0,2050.241775348485,1813.6819961831034,15297.101588098554,101.8267915306621,137.39532597832968,-42.60467402167033,False,False,2122255.794013022,1675502.1454542845,False
7.1833,37.997669,128.137717,2060.367228,107.821,-68.332,281.435,1.0,37.864115,128.178313,3121.537572,79.612,-33.881,187.601,1.0,2035.831006553664,1799.0925897858085,15325.355538058791,102.68224963120251,137.23588703484046,-42.764112965159526,False,False,2092509.2438991189,1648978.8997415574,False
7.2,37.997687,128.137563,2029.1977704,100.006,-68.42,284.013,1.0,37.863896,128.178267,3104.2429152,80.352,-33.967,187.694,1.0,2037.7373757126525,1806.1434357485994,15354.121123810322,103.56625646692282,137.07712453279905,-42.92287546720096,False,False,2096086.438503237,1661519.2790332236,False
7.2166,37.997708,128.137412,1997.9624760000002,92.878,-68.391,286.538,1.0,37.863679,128.17822,3086.8991856,81.094,-34.055,187.787,1.0,2048.699831053521,1808.6284726659371,15382.923857674145,104.46135706848618,136.9174114981607,-43.082588501839304,False,False,2118178.8175946283,1665840.6159674246,False
7.2333,37.997733,128.137263,1966.679328,86.521,-68.264,288.941,1.0,37.863461,128.178173,3069.5060784,81.837,-34.143,187.881,1.0,2037.008281068345,1804.8706353502293,15412.234992532372,105.34866453744142,136.75806853677534,-43.24193146322468,False,False,2093987.904402438,1658880.5769585117,False
7.25,37.997761,128.137116,1935.3657,81.031,-68.065,291.213,1.0,37.863244,128.178126,3052.0635936000003,82.581,-34.232,187.975,1.0,2036.411873121354,1801.2211143044076,15441.729141328437,106.2226136748129,136.59854061757434,-43.40145938242567,False,False,2092466.1125367156,1652129.2707481831,False
7.2666,37.997792,128.13697,1904.0356128,76.453,-67.807,293.349,1.0,37.863027,128.178078,3034.5714264,83.326,-34.322,188.069,1.0,2049.537959571864,1814.5429367566367,15471.512979173642,107.08161777544579,136.4389442574424,-43.56105574255761,False,False,2118975.1347052655,1676042.0145454053,False
7.2833,37.997827,128.136826,1872.701868,72.726,-67.512,295.352,1.0,37.86281,128.17803,3017.0289672,84.072,-34.413,188.163,1.0,2036.4178238847708,1805.4280214419816,15501.693181433697,107.91917026379589,136.2793930785307,-43.72060692146934,False,False,2091863.708491615,1659372.117425146,False
7.3,37.997866,128.136683,1841.3751336,69.855,-67.195,297.236,1.0,37.862593,128.177981,2999.4365208000004,84.818,-34.505,188.257,1.0,2037.3156308853493,1807.9144191390785,15532.268667404307,108.73356386357548,136.1199215506092,-43.880078449390794,False,False,2093385.2113788028,1663691.697622199,False
7.3166,37.997909,128.136542,1810.0642488,67.807,-66.866,299.015,1.0,37.862377,128.177932,2981.7931728000003,85.565,-34.598,188.352,1.0,2048.4379753720145,1815.2383721449612,15563.130472344692,109.52443001236864,135.96005196660005,-44.039948033399966,False,False,2115799.7360385936,1676786.5758717833,False
7.3333,37.997955,128.136401,1778.7753096000001,66.532,-66.541,300.718,1.0,37.862162,128.177883,2964.0995328000004,86.312,-34.692,188.446,1.0,2037.874640567274,1800.8243179268197,15594.210996833128,110.29113686054522,135.80034570240008,-44.199654297599935,False,False,2093910.3522234866,1650551.9987016309,False
7.35,37.998004,128.136262,1747.5128880000002,66.058,-66.225,302.367,1.0,37.861946,128.177834,2946.3543816,87.059,-34.786,188.541,1.0,2035.7299113270328,1807.944959780435,15625.68431639989,111.03613024743234,135.64119039217505,-44.35880960782498,False,False,2089235.3831988897,1663226.354994057,False
7.3666,37.998058,128.136124,1716.2788128000002,66.384,-65.929,303.983,1.0,37.861731,128.177784,2928.5583288,87.807,-34.882,188.635,1.0,2050.1880904345967,1816.0736317875455,15657.550016729974,111.75717371414765,135.48178134464436,-44.51821865535563,False,False,2118466.548699474,1677781.0645721292,False
7.3833,37.998115,128.135987,1685.0736936000003,67.474,-65.659,305.582,1.0,37.861516,128.177733,2910.7107647999997,88.554,-34.978,188.73,1.0,2038.0893091113967,1807.7954143715942,15689.699809670574,112.45310966803942,135.32285792535393,-44.67714207464607,False,False,2093428.9438944277,1662606.451833108,False
7.4,37.998175,128.135852,1653.8953968,69.297,-65.428,307.185,1.0,37.861302,128.177683,2892.8113848000003,89.302,-35.076,188.824,1.0,2036.760438860145,1803.5817286933343,15722.04620109687,113.11856306756201,135.16340447674315,-44.83659552325685,False,False,2090415.7159459142,1654822.314804967,False
7.4166,37.998239,128.135718,1622.7396552,71.875,-65.24,308.797,1.0,37.861088,128.177632,2874.8604936,90.048,-35.174,188.919,1.0,2051.3932763928015,1817.0717725721656,15754.784552167097,113.74868465219214,135.00448145182074,-44.99551854817925,False,False,2120020.8270544633,1679067.6639988385,False
7.4333,37.998306,128.135586,1591.6006776000002,75.116,-65.104,310.425,1.0,37.860874,128.17758,2856.8571768,90.795,-35.273,189.013,1.0,2038.873486054411,1808.849926319598,15787.786622200545,114.335118988246,134.8461705237803,-45.15382947621969,False,False,2094110.8168528192,1663985.2264060732,False
7.45,37.998377,128.135457,1560.4714536000001,78.915,-65.025,312.079,1.0,37.860661,128.177529,2838.8017392,91.541,-35.373,189.107,1.0,2039.0558290728168,1804.674937335826,15821.073314537929,114.87267117564558,134.6878730957443,-45.31212690425572,False,False,2094177.3344183625,1656264.9497997593,False
7.4666,37.99845,128.13533,1529.3428392000003,83.205,-65.013,313.762,1.0,37.860448,128.177477,2820.6938760000003,92.286,-35.474,189.201,1.0,2050.977231310456,1818.2345049984172,15854.516811412264,115.34953041655592,134.52961904964496,-45.47038095035504,False,False,2118251.5316309924,1680649.9151824948,False
7.4833,37.998527,128.135206,1498.2041664000003,87.953,-65.07,315.47,1.0,37.860235,128.177424,2802.5332824,93.031,-35.576,189.295,1.0,2040.688306022976,1810.0465855274572,15888.313084541169,115.75776256418717,134.3716425690048,-45.62835743099522,False,False,2096896.7450578879,1665617.7839036512,False
7.5,37.998606,128.135086,1467.0438528000002,93.102,-65.203,317.183,1.0,37.860023,128.177372,2784.3196536,93.774,-35.679,189.389,1.0,2038.6699049091606,1805.9329643427425,15922.159917282966,116.08211979570312,134.21356224126882,-45.786437758731175,False,False,2092474.2761902239,1658001.784180859,False
7.5166,37.998687,128.134969,1435.8490968,98.642,-65.416,318.872,1.0,37.859811,128.177319,2766.0532943999997,94.516,-35.782,189.482,1.0,2051.518546664255,1819.5413093156665,15956.145775306497,116.30838819366396,134.05681274138132,-45.9431872586187,False,False,2118445.0431988426,1682491.0046926127,False
7.5333,37.99877,128.134855,1404.606792,104.531,-65.709,320.516,1.0,37.859599,128.177265,2747.7339,95.258,-35.887,189.575,1.0,2040.7283534257567,1811.3865342727538,15990.27179513619,116.42929567290517,133.89922756724948,-46.10077243275054,False,False,2096060.593434667,1667506.6529227642,False
7.55,37.998855,128.134746,1373.3050512,110.628,-66.078,322.094,1.0,37.859388,128.177212,2729.3608608,95.997,-35.992,189.668,1.0,2040.1139075625636,1807.3241433377204,16024.431191900125,116.4428941045114,133.7423765858488,-46.257623414151205,False,False,2094499.8998954464,1659976.166231277,False
7.5666,37.998942,128.13464,1341.9313776000001,116.835,-66.521,323.58,1.0,37.859177,128.177158,2710.9347864,96.736,-36.098,189.761,1.0,2055.76726568784,1820.9821276029695,16058.73309879854,116.34645225455402,133.58544375916463,-46.41455624083537,False,False,2126249.37668097,1684573.1431477682,False
7.5833,37.999029,128.134539,1310.4760176000002,123.126,-67.027,324.952,1.0,37.858966,128.177104,2692.4547624,97.473,-36.205,189.853,1.0,2040.970737764618,1812.0491846994132,16092.94238687328,116.14820577543696,133.42882277284696,-46.571177227153065,False,False,2095632.1558437217,1668165.085380594,False
7.6,37.999116,128.134442,1278.9298272,129.493,-67.579,326.162,1.0,37.858756,128.177049,2673.9210936000004,98.207,-36.313,189.945,1.0,2040.6436794011086,1809.6836483523825,16126.952339369582,115.86006202214921,133.27196870966952,-46.72803129033048,False,False,2094655.330329758,1663699.6618495474,False
7.6166,37.999203,128.134348,1247.2864056,135.964,-68.158,327.178,1.0,37.858547,128.176994,2655.3334752,98.941,-36.421,190.037,1.0,2054.46919027224,1817.4038122487802,16160.804547086696,115.50082685812103,133.11544139616814,-46.88455860383188,False,False,2122653.5281184143,1677518.23441277,False
7.6333,37.99929,128.134258,1215.5411808000001,142.596,-68.749,327.988,1.0,37.858337,128.176939,2636.6919072,99.672,-36.53,190.128,1.0,2042.859872455392,1813.6533609156204,16194.695047645253,115.08918584016942,132.95908905647792,-47.040910943522064,False,False,2098558.6161649222,1670526.3714720057,False
7.65,37.999377,128.134172,1183.6917144000001,149.404,-69.339,328.586,1.0,37.858128,128.176884,2617.9963896000004,100.401,-36.641,190.219,1.0,2043.922996972637,1810.5093298788074,16228.408697518345,114.64266988306584,132.8014822135455,-47.19851778645448,False,False,2100418.659127824,1664645.791083175,False
7.6666,37.999462,128.134089,1151.737092,156.395,-69.923,328.974,1.0,37.857919,128.176828,2599.2466176,101.128,-36.751,190.309,1.0,2054.9514313343693,1824.2919017104507,16261.838059644579,114.17135906588666,132.64549749409025,-47.35450250590977,False,False,2122707.3751248484,1689510.3731656533,False
7.6833,37.999547,128.134008,1119.6788376000002,163.67,-70.51,329.164,1.0,37.857711,128.176772,2580.4422864000003,101.852,-36.863,190.399,1.0,2046.250198481918,1810.2822888751211,16295.131682934576,113.67201631175145,132.48800164349748,-47.51199835650251,False,False,2104550.2358663944,1663866.4770553983,False
7.7,37.99963,128.13393,1087.517256,171.221,-71.112,329.161,1.0,37.857503,128.176716,2561.5840056,102.574,-36.975,190.488,1.0,2045.1996692437287,1812.293591615878,16328.161735794434,113.13664571754518,132.3311596691146,-47.6688403308854,False,False,2102085.7446358814,1667324.588894507,False
7.7166,37.999712,128.133854,1055.254176,179.018,-71.712,328.917,1.0,37.857296,128.17666,2542.6708608,103.294,-37.088,190.577,1.0,2059.392534034103,1820.1528853813231,16360.948444133632,112.57843764542245,132.1735774663149,-47.82642253368509,False,False,2130897.3129827725,1681413.3462780423,False
7.7333,37.999793,128.133779,1022.8911216,-172.864,-72.286,328.417,1.0,37.857089,128.176603,2523.7031568,104.01,-37.202,190.665,1.0,2049.9305982628575,1812.1645250532767,16393.599773986694,112.02001913615652,132.01576136737114,-47.98423863262884,False,False,2111138.8640647973,1666719.2064934168,False
7.75,37.999871,128.133707,990.4308360000001,-164.415,-72.817,327.651,1.0,37.856882,128.176546,2504.6808936,104.724,-37.316,190.753,1.0,2047.3036666065211,1814.214083781308,16425.87983024153,111.47681625286262,131.85810495826087,-48.14189504173914,False,False,2105438.9602081124,1670248.899780448,False
7.7666,37.999948,128.133635,957.8769768000001,-155.66,-73.286,326.646,1.0,37.856675,128.176489,2485.6040712,105.435,-37.431,190.84,1.0,2063.300845112997,1827.208574873959,16458.06455412532,110.96843136516104,131.69998079534122,-48.30001920465879,False,False,2137998.75297654,1693721.0372112955,False
7.7833,38.000024,128.133564,925.2344208,-146.685,-73.704,325.415,1.0,37.856469,128.176432,2466.4723848,106.143,-37.546,190.927,1.0,2053.379905690029,1813.282261298649,16490.02554960097,-110.48390857705151,131.54186310017474,-48.4581368998253,False,False,2117257.968678534,1668184.11098257,False
7.8,38.000097,128.133494,892.4690304,-139.455,-74.631,323.021,1.0,37.856264,128.176374,2447.2858344,106.848,-37.662,191.013,1.0,2054.6106548782977,1811.202483601355,16521.530344073577,-109.40626352092335,131.38322003614513,-48.61677996385488,False,False,2119464.602986686,1664226.893929777,False
7.8166,38.000165,128.133423,859.510092,-138.471,-75.956,318.436,1.0,37.856059,128.176316,2428.0447248,107.55,-37.779,191.098,1.0,2071.4331275271315,1824.2000980995197,16552.537965802556,-107.7298005211438,131.22339117099816,-48.77660882900186,False,False,2153846.5155521287,1687663.9837536083,False
7.8333,38.000228,128.133353,826.3640064000001,-143.013,-76.953,314.859,1.0,37.855854,128.176258,2408.7484464,108.248,-37.897,191.183,1.0,2061.7872435674967,1815.377747716518,16583.007936021804,106.47761626482418,131.06221308578472,-48.9377869142153,False,False,2133587.1814521905,1671419.9364040373,False
7.85,38.000286,128.133284,793.0664352,-146.059,-77.395,312.683,1.0,37.855649,128.1762,2389.397304,108.943,-38.014,191.267,1.0,2063.089783254066,1817.4706905528503,16612.93713036111,105.87567746234076,130.90190229152964,-49.09809770847037,False,False,2135947.0518404087,1675031.8385805988,False
7.8666,38.00034,128.133216,759.6859584,-142.646,-77.44,312.425,1.0,37.855445,128.176141,2369.9912976,109.634,-38.133,191.35,1.0,2074.575482541107,1826.395750689097,16642.299231778223,105.84207890815998,130.74027405108725,-49.259725948912745,False,False,2159381.6906842766,1691102.394226204,False
7.8833,38.000392,128.133149,726.2305008000001,-138.901,-77.714,311.473,1.0,37.855242,128.176083,2350.5304272000003,110.322,-38.252,191.433,1.0,2063.3222597528134,1811.688025942457,16671.34913290058,105.53582112422002,130.5784973190593,-49.42150268094069,False,False,2135771.2621363983,1664157.5808855393,False
7.9,38.00044,128.133082,692.709816,-136.49,-78.061,310.023,1.0,37.855039,128.176024,2331.014388,111.006,-38.371,191.515,1.0,2062.811115761943,1814.7080198648976,16699.958102626624,105.11120728087076,130.4170802528538,-49.58291974714621,False,False,2134388.012372592,1669442.0409290688,False
7.9166,38.000484,128.133017,659.1306096000001,-135.559,-78.457,308.211,1.0,37.854836,128.175965,2311.4437896,111.686,-38.491,191.596,1.0,2072.906265614281,1827.7584217321823,16728.105786650765,104.60725476583359,130.25531903718374,-49.74468096281626,False,False,2154934.0562041057,1693017.94434574,False
7.9333,38.000525,128.132952,625.4995872000001,-136.347,-78.905,306.1,1.0,37.854633,128.175905,2291.8180224000002,112.362,-38.612,191.677,1.0,2060.7742915143517,1819.8524119384163,16755.91924608119,104.03319840124986,130.09275685549588,-49.90724314450412,False,False,2129529.395810054,1678406.4578284046,False
7.95,38.000563,128.132888,591.8207112,-139.14,-79.426,303.716,1.0,37.854431,128.175846,2272.1370864,113.034,-38.732,191.757,1.0,2060.1577692378874,1816.1351575606575,16783.30994823824,103.3826631503092,129.9313180284377,-50.06868197156233,False,False,2127928.7956531034,1671455.5084222816,False
7.9666,38.000596,128.132826,558.0973344,-144.217,-80.043,301.152,1.0,37.85423,128.175786,2252.4015912,113.702,-38.854,191.836,1.0,2069.6432083490686,1825.1640119282997,16810.0026251217,102.66085579367034,129.76870628367357,-50.231293716326455,False,False,2147184.570157107,1687700.349283445,False
7.9833,38.000626,128.132766,524.3315904000001,-151.781,-80.809,298.511,1.0,37.854029,128.175726,2232.611232,114.367,-38.975,191.914,1.0,2056.0643097338516,1816.3767228906136,16836.34058998832,101.85929962673804,129.60753180208465,-50.39246819791536,False,False,2118842.159271666,1671506.6366677152,False
8.0,38.000651,128.132709,490.5262224,-162.207,-81.743,296.11,1.0,37.853828,128.175666,2212.765704,115.026,-39.097,191.992,1.0,2053.0701670551657,1818.5338987410016,16862.088188837133,101.02220108727798,129.4456756022015,-50.55432439779852,False,False,2112358.9744048617,1675232.5892262054,False
8.0166,38.000672,128.132658,456.684888,-175.957,-82.862,294.726,1.0,37.853627,128.175606,2192.8656168,115.682,-39.22,192.069,1.0,2061.18755513814,1831.6385169071502,16887.29436355592,100.22994273999895,129.28398473854998,-50.71601526145002,False,False,2128725.6175850765,1698954.4939099043,False
8.0333,38.000691,128.132612,422.8142928,166.25,-84.105,295.888,1.0,37.853427,128.175545,2172.9106656,116.333,-39.342,192.145,1.0,2046.444298168538,1818.850335490578,16912.066790596706,99.61342462728095,129.12421838574426,-50.87578161425576,False,False,2098113.524537747,1675417.2458359,False
8.05,38.000708,128.132573,388.9263240000001,141.795,-85.324,302.732,1.0,37.853228,128.175485,2152.9011552,116.98,-39.466,192.22,1.0,2042.679494459764,1815.2009563526944,16936.404784584916,99.31093762932967,128.9638835545272,-51.03611644547282,False,False,2090083.8228784532,1668590.0040855103,False
8.0666,38.000725,128.132542,355.04109840000007,106.65,-86.129,319.634,1.0,37.853028,128.175424,2132.8367808000003,117.622,-39.589,192.295,1.0,2051.011993369592,1834.1448111008744,16960.679893505836,99.44787671361473,128.80575775415224,-51.19424224584776,False,False,2106806.8622605777,1702959.5778605635,False
8.0833,38.000744,128.132517,321.1826952,65.381,-85.927,342.519,1.0,37.85283,128.175363,2112.7178472,118.26,-39.713,192.368,1.0,2035.6412682708542,1815.6023715353908,16984.841016821407,100.1144353862006,128.64864224980505,-51.35135775019495,False,False,2075067.412821569,1668924.6702387114,False
8.1,38.000766,128.132499,287.3812896,33.136,-84.696,356.318,1.0,37.852631,128.175302,2092.5443544,118.893,-39.836,192.441,1.0,2031.5432528831943,1822.6176186472208,17009.297820782016,101.32768729019767,128.4938554512762,-51.506144548723796,False,False,2066402.241891271,1681488.3419947096,False
