time_sec,own_lat,own_lon,own_alt_m,own_roll_deg,own_pitch_deg,own_yaw_deg,own_health,target_lat,target_lon,target_alt_m,target_roll_deg,target_pitch_deg,target_yaw_deg,target_health,derived_own_speed_ms,derived_target_speed_ms,derived_distance_m,derived_own_ata_deg,derived_target_ata_deg,derived_target_aa_deg,derived_own_in_wez,derived_target_in_wez,derived_own_specific_energy,derived_target_specific_energy,derived_ata_sign_degenerate
0.0,37.92387,128.181881,7000.2068784,0.046,-0.074,359.987,1.0,37.968239,128.181881,7002.7290984,0.0,-0.075,180.0,1.0,1810.6196095041905,1810.6412205537335,4939.135131005117,-0.10407379416191469,-0.04574132141326083,-179.95425867858677,False,False,1707820.2639446151,1707884.1280969814,True
0.0166,37.92414,128.181881,7000.244064,0.212,-0.226,359.971,1.0,37.967969,128.181881,7002.5776128,0.0,-0.185,180.0,1.0,1810.6196095041905,1810.6412205537335,4879.022520025118,-0.2550575457125673,-0.1575964571628127,-179.8424035428372,False,False,1707820.6286107793,1707882.6425307223,True
0.0333,37.924409,128.181881,7000.236444,0.537,-0.438,359.97,1.0,37.9677,128.181881,7002.3919896,0.0,-0.287,180.0,1.0,1793.110418703525,1793.1448107400627,4819.132558008078,-0.46459735462926793,-0.26137221988190623,-179.73862778011812,False,False,1676271.355555118,1676354.1635468183,True
0.05,37.924679,128.181881,7000.1815799999995,0.943,-0.635,359.965,1.0,37.967431,128.181881,7002.1704,0.001,-0.381,180.0,1.0,1799.7791968714841,1793.1594540607462,4759.131285953622,-0.6598724812812856,-0.357056345438111,-179.6429436545619,False,False,1688250.9094371893,1676378.2481968766,True
0.0666,37.924949,128.181881,7000.076119200001,1.377,-0.814,359.958,1.0,37.967162,128.181881,7001.9122344,0.001,-0.469,180.0,1.0,1810.629369448436,1803.9792692251804,4699.1300235742565,-0.8374412769037991,-0.4466125253384425,-179.55338747466158,False,False,1707836.653228973,1695835.9045105868,True
0.0833,37.925218,128.181881,6999.9167088,1.823,-0.98,359.95,1.0,37.966893,128.181881,7001.616273600001,0.002,-0.553,180.0,1.0,1793.1357681358222,1793.197937238711,4639.240090123425,-1.0022379189387058,-0.532009947678313,-179.4679900523217,False,False,1676313.6746763762,1676441.8212880832,True
0.1,37.925488,128.181881,6999.700605600001,2.276,-1.136,359.941,1.0,37.966625,128.181881,7001.2822128,0.004,-0.634,180.0,1.0,1799.8227179793205,1786.5565144058576,4579.350165889036,-1.1572934317421013,-0.6142112928851553,-179.38578870711487,False,False,1688324.5220211416,1664551.2137951588,True
0.1166,37.925757,128.181881,6999.4259808,2.735,-1.284,359.931,1.0,37.966357,128.181881,7000.909747200001,0.005,-0.714,180.0,1.0,1803.98808958572,1797.346295984103,4519.57156976624,-1.3046357148869836,-0.695189908662712,-179.3048100913373,False,False,1695827.43447818,1683882.3254162665,True
0.1333,37.926027,128.181881,6999.091310400001,3.199,-1.427,359.921,1.0,37.966089,128.181881,7000.498572,0.007,-0.793,180.001,1.0,1799.8877664609943,1786.614183430179,4459.681662192139,-1.447237144867715,-0.7749208453709785,-179.22507915462904,False,False,1688435.6247271076,1664646.5595380466,True
0.15,37.926296,128.181881,6998.6953752,3.668,-1.567,359.911,1.0,37.965822,128.181881,7000.0483824,0.008,-0.871,180.001,1.0,1793.2670932733738,1779.982829305642,4400.01440112046,-1.5871152451036332,-0.8533820972882843,-179.14661790271174,False,False,1676537.1899097727,1652816.4607807223,True
0.1666,37.926566,128.181881,6998.236956000001,4.143,-1.704,359.9,1.0,37.965555,128.181881,6999.558873600001,0.01,-0.949,180.001,1.0,1810.8288087091973,1790.7430559604866,4340.235827849084,-1.7243519683224704,-0.9315498027852752,-179.06845019721473,False,False,1708179.7476701427,1672022.5702631406,True
0.1833,37.926835,128.181881,6997.715748,4.624,-1.839,359.888,1.0,37.965289,128.181881,6999.0303504,0.012,-1.028,180.001,1.0,1793.3819541030998,1773.395266618332,4280.679900822777,-1.8599696204133667,-1.0104048856450425,-178.98959511435498,False,False,1676733.5657914507,1641102.4268179028,True
0.2,37.927105,128.181881,6997.130532,5.111,-1.974,359.876,1.0,37.965022,128.181881,6998.4622032,0.014,-1.107,180.002,1.0,1800.1173204910083,1780.1038122106318,4220.901342476058,-1.9959305522550774,-1.0889253322715742,-178.91107466772843,False,False,1688829.5938975015,1653016.2604884233,True
0.2166,37.927374,128.181882,6996.4810032,5.605,-2.107,359.864,1.0,37.964756,128.18188,6997.854736800001,0.016,-1.186,180.002,1.0,1804.3442948096254,1784.1774085849277,4161.345435287101,-2.130105155154716,-1.1670940124989941,-178.83290598750102,False,False,1696441.2075360534,1660270.0248070536,True
0.2333,37.927644,128.181882,6995.766552000001,6.105,-2.24,359.852,1.0,37.964491,128.18188,6997.2070368,0.018,-1.266,180.002,1.0,1800.2845947680955,1766.8727372847302,4101.789533957681,-2.2648006235625013,-1.245886568687911,-178.7541134313121,False,False,1689117.3451368338,1629538.7952674523,True
0.25,37.927913,128.181882,6994.986873600001,6.612,-2.373,359.839,1.0,37.964225,128.18188,6996.5200176,0.021,-1.346,180.003,1.0,1793.7180581646455,1773.590024926934,4042.233644247302,-2.3999685463064826,-1.3242801515220808,-178.6757198484779,False,False,1677309.6241169628,1641423.211290758,True
0.2666,37.928183,128.181882,6994.1413584,7.127,-2.505,359.825,1.0,37.96396,128.18188,6995.7927648,0.023,-1.426,180.003,1.0,1811.334505486717,1777.6282018006063,3982.677768359106,-2.534628768486553,-1.4022533501076262,-178.59774664989237,False,False,1709055.4417357584,1648586.3030353545,True
0.2833,37.928453,128.181883,6993.230006400001,7.649,-2.637,359.811,1.0,37.963696,128.18188,6995.0252784,0.026,-1.507,180.003,1.0,1800.6110380616394,1760.3811642169314,3923.233233630389,-2.669642418011759,-1.480797270916214,-178.5192027290838,False,False,1689680.2142369698,1618068.6863113008,True
0.3,37.928722,128.181883,6992.252208,8.179,-2.77,359.797,1.0,37.963431,128.18188,6994.217558400001,0.028,-1.588,180.004,1.0,1794.066041727036,1767.1090381744414,3863.7887147707793,-2.806210050058434,-1.5588760376162276,-178.44112396238376,False,False,1677907.0511546407,1629927.020017983,True
0.3166,37.928992,128.181883,6991.207658400001,8.717,-2.902,359.783,1.0,37.963167,128.18188,6993.3696048,0.031,-1.669,180.004,1.0,1811.7113089494235,1771.1190479565435,3804.3442212801892,-2.9422760472139666,-1.6364591372608108,-178.3635408627392,False,False,1709709.260070865,1637012.8690521584,True
0.3333,37.929262,128.181884,6990.095748,9.264,-3.034,359.768,1.0,37.962903,128.18188,6992.4811128,0.034,-1.751,180.004,1.0,1801.0150194183677,1760.5852277093904,3744.899765943797,-3.078839630049453,-1.7145302896866386,-178.28546971031338,False,False,1690376.972552396,1618402.9869191032,True
0.35,37.929532,128.181884,6988.9167816,9.82,-3.166,359.753,1.0,37.96264,128.18188,6991.5520824000005,0.037,-1.834,180.005,1.0,1801.160256976991,1753.9977576748854,3685.5666600844233,-3.216042407891197,-1.7930621409158347,-178.20693785908418,False,False,1690626.9964129876,1606817.771193131,True
0.3666,37.929801,128.181885,6987.6701496000005,10.384,-3.298,359.737,1.0,37.962376,128.18188,6990.5822088,0.039,-1.916,180.005,1.0,1805.4825032725967,1771.3460896978006,3626.2336084411368,-3.353790405478799,-1.8700265116381807,-178.12997348836183,False,False,1698409.1702843157,1637387.6777617729,True
0.3833,37.930071,128.181885,6986.355242400001,10.957,-3.431,359.721,1.0,37.962113,128.18188,6989.571492000001,0.042,-1.999,180.005,1.0,1801.4976750517485,1754.1597083897275,3566.900601056386,-3.4932522516923674,-1.9473740680652583,-178.05262593193476,False,False,1691209.6772463096,1607082.4225409888,True
0.4,37.930341,128.181886,6984.972060000001,11.54,-3.563,359.705,1.0,37.961851,128.18188,6988.5196272,0.045,-2.083,180.006,1.0,1801.6886627907754,1747.5849245924744,3507.678988420953,-3.632241320943046,-2.025105311568101,-177.9748946884319,False,False,1691540.1950666052,1595560.5003335231,True
0.4166,37.930611,128.181886,6983.5206024,12.132,-3.695,359.689,1.0,37.961588,128.18188,6987.4269192,0.049,-2.167,180.006,1.0,1812.7282247820372,1764.90425191912,3448.3461191092542,-3.772017359440053,-2.1021465757876716,-177.89785342421234,False,False,1711476.7507762439,1625966.759418267,True
0.4333,37.930881,128.181887,6981.999955200001,12.734,-3.827,359.672,1.0,37.961326,128.18188,6986.293063200001,0.052,-2.251,180.006,1.0,1802.0858286966234,1747.768763680867,3389.1246720504673,-3.9124722319388225,-2.1784832989561025,-177.8215167010439,False,False,1692226.69685526,1595859.9565175036,True
0.45,37.931151,128.181888,6980.410423200001,13.346,-3.959,359.655,1.0,37.961064,128.18188,6985.1177544,0.055,-2.335,180.007,1.0,1802.2989587509164,1747.8669497084622,3329.903329471052,4.053668591129593,-2.2540843353241664,-177.74591566467583,False,False,1692595.2102339931,1596020.0419677687,False
0.4666,37.931421,128.181888,6978.751092,13.965,-4.091,359.637,1.0,37.960803,128.18188,6983.9009928000005,0.058,-2.42,180.007,1.0,1813.375387482336,1751.7984438074216,3270.7934082189854,4.195869748574015,-2.329867056057795,-177.67013294394224,False,False,1712603.317359718,1602887.566534094,False
0.4833,37.931692,128.181889,6977.0225712,14.587,-4.226,359.618,1.0,37.960541,128.18188,6982.642778400001,0.062,-2.506,180.008,1.0,1809.4125015179848,1748.073879176859,3211.4610049553835,4.341857407405281,-2.40583109010951,-177.5941689098905,False,False,1705408.018722644,1596357.4773330123,False
0.5,37.931962,128.18189,6975.2239464,15.216,-4.36,359.599,1.0,37.96028,128.181879,6981.342806400001,0.065,-2.591,180.008,1.0,1803.003534672813,1741.532163184618,3152.3514267733476,4.487594594964238,-2.479917763929332,-177.5200822360707,False,False,1693814.4529352924,1584930.72313563,False
0.5166,37.932232,128.181891,6973.354608,15.855,-4.494,359.58,1.0,37.960019,128.181879,6980.0010768,0.069,-2.677,180.008,1.0,1814.1244469437518,1752.1295835737847,3093.24201082067,4.6344133951740565,-2.554036238637795,-177.4459637613622,False,False,1713909.00246603,1603429.4663770227,False
0.5333,37.932503,128.181892,6971.414556000001,16.503,-4.627,359.561,1.0,37.959758,128.181879,6978.6175896,0.072,-2.764,180.009,1.0,1810.181240195724,1741.7549286197695,3034.0214866570523,4.781244640499507,-2.6281521663444765,-177.37184783365552,False,False,1706744.2837338622,1585291.97587068,False
0.55,37.932773,128.181893,6969.4031808,17.162,-4.759,359.541,1.0,37.959498,128.181879,6977.19204,0.076,-2.85,180.009,1.0,1803.809355920153,1735.2187454232385,2975.0238414143187,4.928226528789258,-2.7001922768187856,-177.29980772318123,False,False,1695210.5939555308,1573914.9275531648,False
0.5666,37.933044,128.181894,6967.3201776000005,17.831,-4.891,359.522,1.0,37.959238,128.181879,6975.724123200001,0.08,-2.937,180.009,1.0,1821.658872797702,1745.7992863222962,2915.9151498499805,5.076258700952164,-2.772087137357346,-177.22791286264265,False,False,1727546.5948409582,1592316.0590344986,False
0.5833,37.933315,128.181895,6965.1655464000005,18.511,-5.022,359.502,1.0,37.958978,128.181879,6974.2144488,0.083,-3.024,180.01,1.0,1811.0512386358532,1735.4738487975335,2856.8067689031272,5.22459877188597,-2.8427721046954644,-177.15722789530454,False,False,1708258.2351878325,1574328.4200543866,False
0.6,37.933585,128.181896,6962.9386776,19.202,-5.153,359.482,1.0,37.958718,128.181879,6972.6621024,0.087,-3.112,180.01,1.0,1804.716878547769,1735.6088238084326,2797.8100566601915,5.37421675555252,-2.913157801957253,-177.08684219804275,False,False,1696784.6084402876,1574547.4514473462,False
0.6166,37.933856,128.181897,6960.6395712,19.904,-5.283,359.462,1.0,37.958458,128.181879,6971.0673888,0.091,-3.2,180.011,1.0,1822.601888044717,1746.2028500822844,2738.702421043713,5.524220081392592,-2.9821666918690757,-177.01783330813092,False,False,1729199.377202992,1592975.014826122,False
0.6333,37.934127,128.181898,6958.2676176,20.617,-5.413,359.441,1.0,37.958199,128.181879,6969.430308,0.095,-3.288,180.011,1.0,1812.0248030399257,1729.2328048073052,2679.7065517455967,5.6757828657877365,-3.0496825236102305,-176.95031747638978,False,False,1709954.2385480779,1563469.810340818,False
0.65,37.934398,128.1819,6955.8228168,21.341,-5.543,359.421,1.0,37.95794,128.181879,6967.7502504,0.099,-3.377,180.011,1.0,1812.3948149610742,1729.3806008154816,2620.711243368777,5.828638048331412,-3.116655363337044,-176.88334463666297,False,False,1710600.802475265,1563708.919231543,False
0.6666,37.934669,128.181901,6953.304864000001,22.076,-5.671,359.4,1.0,37.957681,128.181878,6966.0278256,0.103,-3.466,180.012,1.0,1823.6510882034945,1739.9569256371742,2561.7165132848004,5.981273282283414,-3.1819479434789995,-176.818052056521,False,False,1731040.2728974405,1582038.4483123037,False
0.6833,37.93494,128.181903,6950.7134544,22.823,-5.8,359.379,1.0,37.957422,128.181878,6964.2624240000005,0.107,-3.555,180.012,1.0,1813.125046111789,1729.6854101854594,2502.722430093889,6.13669518856571,-3.245413139862557,-176.75458686013744,False,False,1711874.4305165305,1564201.89320454,False
0.7,37.935212,128.181904,6948.047978400001,23.582,-5.928,359.359,1.0,37.957164,128.181878,6962.453740800001,0.112,-3.644,180.013,1.0,1820.127178205643,1723.1930317487258,2443.7289897316896,6.293147334640108,-3.3069082245881845,-176.6930917754118,False,False,1724568.5471287947,1552975.459310899,False
0.7166,37.935483,128.181906,6945.3087408,24.352,-6.055,359.338,1.0,37.956905,128.181878,6960.6023856,0.116,-3.734,180.013,1.0,1824.831205894827,1740.4293333244293,2384.736439948772,6.450587822463796,-3.3673219493454467,-176.63267805065456,False,False,1733114.6769667505,1582807.3235328028,False
0.7333,37.935755,128.181907,6942.495132,25.134,-6.181,359.317,1.0,37.956647,128.181878,6958.7077488,0.12,-3.824,180.014,1.0,1820.9264586678141,1723.5241756164276,2325.74470508332,6.609470310241163,-3.425449782937474,-176.57455021706252,False,False,1725969.2038244812,1553509.4033119127,False
0.75,37.936026,128.181909,6939.606847200001,25.928,-6.307,359.295,1.0,37.956389,128.181878,6956.7695256,0.125,-3.914,180.014,1.0,1814.7329008113525,1723.6979443518558,2266.8653966937313,6.77063880292408,-3.4811866842267896,-176.5188133157732,False,False,1714682.046131687,1553789.905549632,False
0.7666,37.936298,128.181911,6936.6438864,26.734,-6.432,359.274,1.0,37.956132,128.181878,6954.7883256,0.129,-4.005,180.014,1.0,1832.7731336196255,1727.5678795433016,2207.9872354842996,6.933332521114322,-3.5352821238524332,-176.46471787614757,False,False,1747553.9184275153,1560448.564148115,False
0.7833,37.93657,128.181912,6933.6059448000005,27.551,-6.556,359.253,1.0,37.955874,128.181878,6952.7635392,0.134,-4.096,180.015,1.0,1822.2184341855634,1724.0547152179186,2148.998917724641,7.0980968028195655,-3.586466382420612,-176.4135336175794,False,False,1728235.4576814163,1554365.649094265,False
0.8,37.936842,128.181914,6930.4924128,28.381,-6.679,359.232,1.0,37.955617,128.181877,6950.6951664,0.138,-4.187,180.015,1.0,1822.6986133272676,1717.5997173292349,2090.123605384444,7.264481336275087,-3.6346679427801774,-176.36533205721983,False,False,1729080.0309325573,1543237.4292383103,False
0.8166,37.937114,128.181916,6927.3035952,29.222,-6.802,359.211,1.0,37.955359,128.181877,6948.5829023999995,0.143,-4.278,180.016,1.0,1834.148175332348,1734.8191469585577,2031.1384666524743,7.434444770045813,-3.6794473170795987,-176.3205526829204,False,False,1749983.406339359,1572941.0568468298,False
0.8333,37.937386,128.181918,6924.0388824,30.076,-6.924,359.19,1.0,37.955102,128.181877,6946.427052000001,0.148,-4.37,180.016,1.0,1823.64682842323,1717.9773423130894,1972.266458869827,7.6070367950278435,-3.7215434510285235,-176.27845654897146,False,False,1730745.503315141,1543844.2532000686,False
0.85,37.937658,128.18192,6920.698274400001,30.942,-7.044,359.169,1.0,37.954845,128.181877,6944.2273104000005,0.153,-4.461,180.017,1.0,1824.1396001203095,1718.1768313209295,1913.3964880034014,7.781619408328738,-3.7586621416037285,-176.2413378583963,False,False,1731611.506096186,1544165.4185975492,False
0.8666,37.93793,128.181922,6917.2814664,31.82,-7.164,359.149,1.0,37.954589,128.181877,6941.9836776,0.158,-4.553,180.017,1.0,1835.6374453527799,1722.0466192975969,1854.6401205193708,7.960437259026578,-3.792391878850279,-176.20760812114975,False,False,1752617.7736831116,1550799.883749077,False
0.8833,37.938203,128.181924,6913.7881536,32.71,-7.282,359.129,1.0,37.954332,128.181877,6939.6958488,0.163,-4.644,180.017,1.0,1831.786929947511,1718.5892526519624,1795.663717271364,8.142157306472699,-3.8201998846615903,-176.17980011533842,False,False,1745522.7789597653,1544829.6779610498,False
0.9,37.938475,128.181926,6910.218336,33.611,-7.4,359.109,1.0,37.954075,128.181876,6937.364433600001,0.168,-4.736,180.018,1.0,1825.6956775098558,1718.8073089048548,1736.8017655496717,8.328887342505716,-3.8438762742701855,-176.15612372572983,False,False,1734348.4460838202,1545181.587495138,False
0.9166,37.938748,128.181929,6906.5720136,34.525,-7.516,359.09,1.0,37.953819,128.181876,6934.9885176,0.173,-4.827,180.018,1.0,1843.93503657787,1722.6903911797724,1677.943139571276,8.5193700623845,-3.860676236834095,-176.13932376316592,False,False,1767778.5439968861,1551840.0970776808,False
0.9333,37.939021,128.181931,6902.8485768,35.45,-7.631,359.071,1.0,37.953563,128.181876,6932.569015200001,0.179,-4.919,180.019,1.0,1833.4116289805047,1712.5937003378792,1619.0880410284299,8.71565334773085,-3.871850634342992,-176.128149365657,False,False,1748392.9206361496,1534473.869151406,False
0.95,37.939294,128.181934,6899.0483304,36.386,-7.746,359.052,1.0,37.953307,128.181876,6930.105012,0.184,-5.01,180.019,1.0,1834.0143122508043,1712.821185662786,1560.2374626509884,8.918899001870107,-3.8749118562755016,-176.1250881437245,False,False,1749460.8010797123,1534839.321343566,False
0.9666,37.939567,128.181936,6895.170969600001,37.334,-7.859,359.034,1.0,37.953051,128.181876,6927.5971176,0.189,-5.102,180.02,1.0,1845.6068535373329,1723.3691612745301,1501.3914616355032,9.128462760436397,-3.870762768630761,-176.12923723136925,False,False,1770750.857301015,1552937.1532893507,False
0.9833,37.93984,128.181939,6891.2164944,38.293,-7.971,359.016,1.0,37.952796,128.181876,6925.0447224,0.195,-5.194,180.02,1.0,1835.1830775195444,1706.6460846775192,1442.662597292819,9.345746060025169,-3.857809901397435,-176.14219009860258,False,False,1751528.2122418608,1524231.9189994768,False
1.0,37.940113,128.181941,6887.1846000000005,39.264,-8.082,358.999,1.0,37.95254,128.181875,6922.448436000001,0.201,-5.286,180.021,1.0,1835.74936758054,1713.5297602773492,1383.8288359209298,9.572337846831894,-3.8346459899518552,-176.16535401004813,False,False,1752528.0791437663,1535978.1486329744,False
1.0166,37.940387,128.181944,6883.074981600001,40.246,-8.193,358.982,1.0,37.952285,128.181875,6919.8076488,0.206,-5.378,180.021,1.0,1854.1130403558857,1717.412135885063,1325.0024228672085,9.810593541063161,-3.799919692284355,-176.20008030771567,False,False,1786367.4904771808,1542612.3539217515,False
1.0333,37.94066,128.181947,6878.8876392,41.239,-8.302,358.966,1.0,37.95203,128.181875,6917.122970400001,0.212,-5.47,180.022,1.0,1837.0343400334518,1707.3736875337654,1266.2957837014142,-10.059956426534109,-3.75233629771306,-176.24766370228696,False,False,1754806.4266980304,1525396.2584189973,False
1.05,37.940934,128.181949,6874.622268,42.249,-8.409,358.953,1.0,37.951775,128.181875,6914.3937912,0.218,-5.562,180.022,1.0,1844.24157314453,1707.626646968189,1207.4872575618576,-10.322809323077584,-3.689249386907245,-176.31075061309278,False,False,1768030.5045217879,1525801.4225903817,False
1.0666,37.941207,128.181952,6870.278868,43.283,-8.513,358.944,1.0,37.95152,128.181875,6911.620416,0.224,-5.655,180.023,1.0,1849.407422336546,1718.1703972633197,1148.801932975784,-10.599565823901694,-3.6106196443792284,-176.38938035562077,False,False,1777528.327157626,1543834.5993685634,False
1.0833,37.941481,128.181955,6865.857744,44.335,-8.616,358.934,1.0,37.951265,128.181874,6908.8028448000005,0.23,-5.747,180.023,1.0,1845.5937628715826,1708.1494058256267,1090.0194371124815,-10.895802577843734,-3.5114656392063606,-176.48853436079364,False,False,1770439.2326204414,1526639.4077291787,False
1.1,37.941755,128.181958,6861.3582864,45.399,-8.719,358.924,1.0,37.951011,128.181874,6905.940772800001,0.237,-5.84,180.023,1.0,1846.2724381242508,1701.7744956160818,1031.3636369981507,-11.216140591222144,-3.3901498870839446,-176.60985011291606,False,False,1771647.8971279573,1515742.361044264,False
1.1166,37.942029,128.181962,6856.7811048,46.475,-8.822,358.915,1.0,37.950756,128.181874,6903.034504800001,0.243,-5.932,180.024,1.0,1858.1362920495135,1718.9673075280002,972.6163564600585,-11.564791486781708,-3.2417143300901397,-176.75828566990987,False,False,1793577.2923371443,1545119.9455015282,False
1.1333,37.942303,128.181965,6852.1255896,47.563,-8.924,358.906,1.0,37.950502,128.181874,6900.0837360000005,0.249,-6.025,180.024,1.0,1847.6592574252604,1702.317573529149,914.0025455115851,-11.946321431139793,-3.062431964373555,-176.93756803562644,False,False,1774118.7631878832,1516609.2667427293,False
1.15,37.942577,128.181968,6847.391740800001,48.662,-9.026,358.898,1.0,37.950248,128.181874,6897.0887712,0.256,-6.118,180.025,1.0,1848.3727923924728,1702.5942992920493,855.4165484840489,-12.368657589454578,2.846470493550222,177.1535295064498,False,False,1775390.96404329,1517051.0095889808,False
1.1666,37.942851,128.181971,6842.5807776,49.774,-9.06,358.965,1.0,37.949994,128.181873,6894.0496104,0.263,-6.211,180.025,1.0,1860.2256511963988,1713.1415380304843,796.8655882923434,-12.76996128747204,2.5887609459648386,177.41123905403518,False,False,1797322.531467184,1535034.4962745558,False
1.1833,37.943125,128.181975,6837.697272,50.899,-9.009,359.131,1.0,37.94974,128.181873,6890.9659488,0.269,-6.303,180.026,1.0,1849.8205970132828,1703.1619312902062,738.3569401313833,-13.147311485717784,2.2822977181162067,177.7177022818838,False,False,1777973.024519748,1517957.5733198922,False
1.2,37.9434,128.181979,6832.746100800001,52.034,-8.981,359.275,1.0,37.949486,128.181873,6887.8377864,0.276,-6.396,180.026,1.0,1857.0450468174595,1703.4528897906966,679.7904121245683,-13.629612597511239,1.9258439423004927,178.07415605769953,False,False,1791314.5025040405,1518422.4882961372,False
1.2166,37.943674,128.181983,6827.7312264,53.182,-8.978,359.395,1.0,37.949233,128.181873,6884.665428,0.283,-6.49,180.027,1.0,1862.2315238290455,1707.345444195601,621.5136742803687,-14.236909822190913,1.5370719312646461,178.46292806873538,False,False,1800910.2946027,1525029.737127233,False
1.2333,37.943949,128.181987,6822.6556968,54.343,-8.993,359.499,1.0,37.948979,128.181872,6881.4485688,0.29,-6.583,180.028,1.0,1858.2484370605794,1704.0532024556337,563.1057327353803,-14.99546001236194,1.2085760500804947,178.7914239499195,False,False,1793451.0234080667,1519382.616006873,False
1.25,37.944224,128.181992,6817.5207312,55.518,-9.021,359.591,1.0,37.948726,128.181872,6878.1872088,0.298,-6.676,180.028,1.0,1858.900743542939,1697.7266114678941,504.92885930420175,-15.941403856482921,1.2443377772021553,178.75566222279787,False,False,1794613.026850868,1508589.7982343077,False
1.2666,37.944499,128.181998,6812.327244,56.707,-9.057,359.677,1.0,37.948473,128.181872,6874.8816528,0.305,-6.769,180.029,1.0,1870.7675351704845,1708.2621868806136,446.92143868947585,-17.138650072384017,1.931734222402129,178.0682657775979,False,False,1816691.6942912976,1526499.4077234995,False
1.2833,37.944775,128.182003,6807.0752352,57.91,-9.1,359.76,1.0,37.94822,128.181872,6871.531596000001,0.312,-6.863,180.029,1.0,1866.6424185387177,1698.3457568101371,389.0448048430798,-18.694661227133807,3.1840566390626464,176.81594336093735,False,False,1808931.5636993106,1509575.860163412,False
1.3,37.94505,128.18201,6801.765009600001,59.126,-9.147,359.841,1.0,37.947967,128.181872,6868.137038400001,0.32,-6.956,180.03,1.0,1860.8436560466757,1698.6625642217537,331.6541765153429,-20.78450395291753,5.062069594385049,174.93793040561496,False,False,1798072.0849559733,1510080.669631837,False
1.3166,37.945326,128.182016,6796.3959576,60.352,-9.197,359.922,1.0,37.947715,128.181871,6864.69798,0.328,-7.05,180.03,1.0,1879.1698739162587,1702.5701884205105,274.86828888954483,-23.732620283805797,7.826296765080004,172.17370323492,False,False,1832289.5839348217,1516692.3136946934,False
1.3333,37.945602,128.182024,6790.968079200001,61.587,-9.25,0.005,1.0,37.947462,128.181871,6861.2144208,0.335,-7.143,180.031,1.0,1868.7338934979937,1699.3085378159767,219.05825131964784,-28.19320949780139,12.120672171577136,167.87932782842287,False,False,1812679.829467972,1511110.2817468746,False
1.35,37.945878,128.182031,6785.480460000001,62.828,-9.305,0.09,1.0,37.94721,128.181871,6857.686665600001,0.343,-7.237,180.031,1.0,1869.2485302790262,1693.0214805955588,165.52151350869798,-35.57393317583413,19.336111602203538,160.66388839779646,False,False,1813587.8659282087,1500411.7998181954,False
1.3666,37.946154,128.182039,6779.9324904000005,64.069,-9.361,0.177,1.0,37.946957,128.18187,6854.114104800001,0.351,-7.331,180.032,1.0,1881.2630654960683,1710.219938759984,117.1052340406493,-49.478265249367084,-33.08653447060813,146.91346552939189,False,False,1836063.7857568131,1529642.0175519388,False
1.3833,37.94643,128.182048,6774.324170400001,65.301,-9.418,0.266,1.0,37.946705,128.18187,6850.497348,0.36,-7.424,180.032,1.0,1870.7689533509388,1693.6947030370752,83.56921392300013,-77.7976171622104,-61.25458858770214,118.74541141229787,False,False,1816321.6645365364,1501481.3033656874,False
1.4,37.946706,128.182058,6768.6548904,66.487,-9.47,0.351,1.0,37.946453,128.18187,6846.8360904,0.368,-7.518,180.033,1.0,1871.5679328830333,1694.0375014642095,84.72329540592412,-118.74347079601529,-102.06025526906159,77.93974473093841,False,False,1817761.0931789763,1502026.053329472,False
1.4166,37.946983,128.182067,6762.9261744000005,67.501,-9.515,0.428,1.0,37.946202,128.18187,6843.130332000001,0.377,-7.612,180.034,1.0,1889.9447985642141,1697.9435469651053,119.54336066046771,-146.01864954121413,-129.20338754991312,50.796612450086904,False,False,1852267.3207781436,1508614.328410529,False
1.4333,37.947259,128.182078,6757.1389368,68.213,-9.557,0.499,1.0,37.94595,128.181869,6839.380072800001,0.385,-7.706,180.034,1.0,1873.016902951859,1694.7436120299028,168.32686117769683,-159.33951026309728,-142.41154534682056,37.588454653179454,False,False,1820361.0559262566,1503149.361849005,False
1.45,37.947536,128.182089,6751.292872800001,68.686,-9.607,0.562,1.0,37.945698,128.181869,6835.5853128,0.394,-7.8,180.035,1.0,1880.2174815545752,1695.0906146948303,222.12996763622496,-166.4866324867412,149.44433735934857,30.555662640651416,False,False,1833816.455222759,1503700.2887210187,False
1.4666,37.947813,128.182101,6745.3858488,69.082,-9.665,0.626,1.0,37.945447,128.181869,6831.746052,0.403,-7.894,180.035,1.0,1892.4011893664679,1699.0196215922208,277.9265216637444,-170.7933954122701,153.64431857007668,26.35568142992332,False,False,1856740.7688919455,1510330.3796985324,False
1.4833,37.94809,128.182113,6739.4181696000005,69.466,-9.727,0.693,1.0,37.945195,128.181868,6827.8625952,0.412,-7.988,180.036,1.0,1881.7557849434056,1695.8189074196102,334.8778441924286,-173.6344169661548,156.39829512031068,23.601704879689322,False,False,1836593.5322768942,1504859.3421001385,False
1.5,37.948367,128.182126,6733.3889208,69.859,-9.791,0.763,1.0,37.944944,128.181868,6823.9343328,0.421,-8.082,180.036,1.0,1882.642845509678,1689.5795760680714,392.3114410446718,175.60572073263467,158.31457882766705,21.68542117233296,False,False,1838204.0303345518,1494259.507557935,False
1.5166,37.948644,128.18214,6727.297797600001,70.323,-9.89,0.817,1.0,37.944693,128.181868,6819.961569600001,0.431,-8.176,180.037,1.0,1894.901621880279,1700.1330590051923,450.1128780530679,176.9959823372221,159.71250340904427,20.287496590955733,False,False,1861298.3332490898,1512107.1852876942,False
1.5333,37.948921,128.182154,6721.141752,70.996,-10.022,0.846,1.0,37.944442,128.181868,6815.944305600001,0.44,-8.271,180.038,1.0,1884.3115565714606,1690.3297854530153,508.1537240381192,177.86698820639754,160.76713944208734,19.232860557912677,False,False,1841226.9058766314,1495448.9720193306,False
1.55,37.949199,128.182168,6714.920174400001,71.757,-10.144,0.888,1.0,37.944191,128.181867,6811.8828456,0.45,-8.365,180.038,1.0,1891.6127929920249,1690.7166117227766,566.4744119577881,178.17835380827927,161.58537748726113,18.414622512738873,False,False,1854950.3512338244,1496063.0814854763,True
1.5666,37.949476,128.182183,6708.631845600001,72.534,-10.26,0.942,1.0,37.943941,128.181867,6807.77658,0.46,-8.459,180.039,1.0,1897.4515473823324,1694.6493369095049,624.6956469263292,178.0315479165153,162.22809940017743,17.771900599822583,False,False,1865950.391820457,1502679.6697421693,False
1.5833,37.949754,128.182198,6702.276460800001,73.313,-10.372,1.007,1.0,37.94369,128.181867,6803.6261184,0.47,-8.553,180.04,1.0,1893.418697227994,1691.4832785890874,683.2257695893404,177.66335005240586,162.74620584614286,17.253794153857143,False,False,1858244.0609605813,1497278.6209472513,False
1.6,37.950032,128.182214,6695.852191200001,74.089,-10.482,1.078,1.0,37.94344,128.181866,6799.430851200001,0.48,-8.648,180.04,1.0,1894.4781195039666,1685.2961117296961,741.7218774840514,177.2272823520061,163.1617612045687,16.83823879543129,False,False,1860187.5515304743,1486791.1306625367,False
1.6166,37.950309,128.18223,6689.3590368000005,74.863,-10.59,1.154,1.0,37.943189,128.181866,6795.191388000001,0.49,-8.742,180.041,1.0,1900.1814756443252,1702.4689716863977,800.2678497725639,176.79924761555432,163.5029809568987,16.497019043101282,False,False,1870945.0229891576,1515838.3634026004,False
1.6333,37.950587,128.182247,6682.796083200001,75.634,-10.697,1.233,1.0,37.942939,128.181865,6790.907424000001,0.501,-8.836,180.041,1.0,1896.4221994489617,1686.0959869818116,858.8635777735569,176.3900624947801,163.78160919603388,16.218390803966127,False,False,1863744.421490732,1488055.8909476541,False
1.65,37.950865,128.182264,6676.162416,76.403,-10.804,1.316,1.0,37.942689,128.181865,6786.5786544,0.511,-8.931,180.042,1.0,1897.3041798183644,1686.498069478955,917.4906003924277,176.01030660397367,164.01099995460962,15.989000045390402,False,False,1865352.3635349846,1488691.4707392927,False
1.6666,37.951143,128.182281,6669.4580352,77.171,-10.911,1.4,1.0,37.942439,128.181865,6782.2059936,0.522,-9.025,180.043,1.0,1909.6301067817353,1697.0660867215515,976.1464474571006,175.65639770204638,164.2009535662437,15.799046433756294,False,False,1888748.613004505,1506527.3717573378,False
1.6833,37.951421,128.182299,6662.6820264,77.937,-11.018,1.485,1.0,37.94219,128.181864,6777.7885272,0.533,-9.119,180.043,1.0,1899.3615045124993,1680.7476668899087,1034.7223143722401,175.3255199208779,164.3552420216435,15.644757978356486,False,False,1869125.6531061882,1478923.7597382017,False
1.7,37.9517,128.182317,6655.8340848,78.703,-11.125,1.572,1.0,37.94194,128.181864,6773.32656,0.544,-9.214,180.044,1.0,1906.7871981947808,1687.7423339028549,1093.536364286072,175.0158566941745,164.48261994229506,15.517380057704948,False,False,1883190.1449274549,1490660.7357335517,False
1.7166,37.951978,128.182336,6648.9136008000005,79.468,-11.232,1.66,1.0,37.94169,128.181864,6768.820396800001,0.556,-9.308,180.045,1.0,1912.9519740965725,1698.3329726733525,1152.2605381944381,174.7253478485463,164.5858281487418,15.414171851258203,False,False,1894896.1961632723,1508546.895579032,False
1.7333,37.952256,128.182355,6641.920574400001,80.232,-11.34,1.749,1.0,37.941441,128.181863,6764.2697328,0.567,-9.402,180.045,1.0,1902.4485482389666,1682.0213705268036,1210.8922035396931,174.45082998454785,164.66747435172582,15.332525648274203,False,False,1874790.2297492155,1480932.7712295963,False
1.75,37.952535,128.182375,6634.8537864,80.995,-11.449,1.84,1.0,37.941191,128.181863,6759.674568,0.579,-9.497,180.046,1.0,1910.1978543994267,1689.0233460372335,1269.7584081151053,174.18911394082264,164.73182900648132,15.268170993518671,False,False,1889493.6103604862,1492689.6943316832,False
1.7666,37.952813,128.182395,6627.7132368,81.758,-11.558,1.931,1.0,37.940942,128.181863,6755.0352072,0.591,-9.591,180.047,1.0,1916.1693072096398,1693.0195981690292,1328.4148217723482,173.9412518401252,164.78091868225542,15.219081317744594,False,False,1900848.0709598002,1499401.9459068985,False
1.7833,37.953092,128.182415,6620.4986208,82.52,-11.667,2.023,1.0,37.940693,128.181862,6750.3513456,0.603,-9.685,180.047,1.0,1912.1782485295648,1683.3319019182497,1387.1953279662664,173.70420802274063,164.8166367843511,15.183363215648894,False,False,1893137.7398744654,1483001.4790311842,False
1.8,37.953371,128.182436,6613.209024000001,83.283,-11.778,2.116,1.0,37.940444,128.181862,6745.622983200001,0.615,-9.78,180.048,1.0,1913.4936063488997,1683.769731349768,1445.9850958815186,173.47523246864117,164.83981597736357,15.160184022636447,False,False,1895582.3170442684,1483692.2177330335,False
1.8166,37.95365,128.182458,6605.8444464,84.044,-11.889,2.21,1.0,37.940195,128.181861,6740.850424800001,0.628,-9.874,180.049,1.0,1926.3681502968484,1694.3709083306064,1504.789331107394,173.25529971109458,164.8528267753469,15.147173224653114,False,False,1920228.329679339,1501551.5483169071,False
1.8333,37.953928,128.182479,6598.4042784,84.806,-12.001,2.305,1.0,37.939947,128.181861,6736.033365600001,0.641,-9.968,180.05,1.0,1909.0994517603124,1678.1039570014068,1563.373391636855,173.04281847419855,164.85679026806795,15.143209731932078,False,False,1887038.599672534,1474074.366856651,False
1.85,37.954207,128.182502,6590.887910400001,85.567,-12.114,2.401,1.0,37.939698,128.18186,6731.171805600001,0.654,-10.062,180.05,1.0,1917.2708789969863,1685.1374669744523,1622.195169812819,172.8359903633837,164.85205341077594,15.147946589224055,False,False,1902598.3426514624,1485854.3872879238,False
1.8666,37.954486,128.182524,6583.295037600001,86.328,-12.228,2.497,1.0,37.939449,128.18186,6726.2660496,0.667,-10.157,180.051,1.0,1929.5817811527927,1695.7426152804308,1681.0172754652256,172.63419250558434,164.8399208984335,15.160079101566529,False,False,1926202.995358872,1503733.6455943673,False
1.8833,37.954765,128.182548,6575.625050400001,87.088,-12.343,2.595,1.0,37.939201,128.18186,6721.316097600001,0.68,-10.251,180.052,1.0,1919.7892605434113,1679.4900808107768,1739.7405913002003,172.43763332189926,164.8211247207643,15.178875279235712,False,False,1907280.255849414,1476257.0602794238,False
1.9,37.955044,128.182571,6567.877644,87.849,-12.459,2.693,1.0,37.938953,128.181859,6716.3216448,0.694,-10.345,180.053,1.0,1920.5655742999463,1679.9706358625176,1798.4694252219401,172.2451616782183,164.79644081039388,15.203559189606125,False,False,1908694.9398905737,1477015.2843381339,False
1.9166,37.955324,128.182596,6560.052208800001,88.609,-12.576,2.792,1.0,37.938705,128.181859,6711.282996000001,0.708,-10.439,180.053,1.0,1940.458362651122,1690.55866141871,1857.3174144777176,172.05615974053455,164.76622760295547,15.233772397044545,False,False,1947021.464584765,1494809.4972416337,False
1.9333,37.955603,128.18262,6552.14844,89.369,-12.694,2.892,1.0,37.938457,128.181858,6706.200151200001,0.722,-10.534,180.054,1.0,1923.1862254732857,1680.9209554223162,1916.059448335452,171.87052424555463,164.72999131242096,15.27000868757902,False,False,1913577.2554242178,1478512.9869017017,False
1.95,37.955882,128.182645,6544.165728000001,90.128,-12.813,2.993,1.0,37.938209,128.181858,6701.073110400001,0.736,-10.628,180.055,1.0,1924.7066291096019,1681.3939432471684,1974.8061549226704,171.6875404649192,164.6903090566584,15.309690943341597,False,False,1916424.1469057146,1479257.8748122351,False
1.9666,37.956161,128.182671,6536.103768,90.887,-12.934,3.094,1.0,37.937961,128.181857,6695.901568800001,0.751,-10.722,180.056,1.0,1937.8602972676545,1692.0226274152521,2033.5634411904573,171.5065577860843,164.64595840668164,15.354041593318362,False,False,1941748.5478795983,1497134.648962279,False
1.9833,37.956441,128.182697,6527.9616456,91.645,-13.055,3.197,1.0,37.937713,128.181857,6690.6858312,0.766,-10.816,180.056,1.0,1933.8974184725662,1682.3718253155896,2092.4328609755685,171.32790483772087,164.59831818744817,15.401681812551818,False,False,1933997.0476592511,1480800.6935143918,False
2.0,37.95672,128.182724,6519.739360800001,92.403,-13.178,3.3,1.0,37.937465,128.181856,6685.425897600001,0.781,-10.91,180.057,1.0,1929.0641708135688,1682.8733428023902,2151.2016796722205,171.15098024220643,164.54654226309367,15.453457736906358,False,False,1924581.0895609101,1481592.9758361445,False
2.0166,37.957,128.182751,6511.4359992,93.159,-13.302,3.403,1.0,37.937218,128.181856,6680.121768,0.796,-11.004,180.058,1.0,1948.399075867691,1686.9181173039424,2209.9713979835437,170.97535677395393,164.4919077411568,15.508092258843217,False,False,1961984.8532625907,1488355.983380296,False
2.0333,37.957279,128.182779,6503.051256000001,93.915,-13.427,3.507,1.0,37.93697,128.181855,6674.773442400001,0.811,-11.098,180.059,1.0,1931.9631102185526,1683.871994217407,2268.7512461171896,170.80164317639517,164.43380081443024,15.566199185569769,False,False,1930013.877222324,1483169.6134337657,False
2.05,37.957559,128.182807,6494.5845216,94.67,-13.553,3.612,1.0,37.936723,128.181855,6669.3812256,0.827,-11.193,180.06,1.0,1939.6581520693571,1677.8239036306454,2327.531770665578,170.62864957654241,164.3722781017669,15.627721898233098,False,False,1944826.9907433053,1472950.813193219,False
2.0666,37.957838,128.182835,6486.0354912,95.424,-13.681,3.717,1.0,37.936476,128.181854,6663.9445080000005,0.843,-11.287,180.061,1.0,1946.1968157376791,1688.4575079773429,2386.2081712155823,170.45623525691022,164.3087739279975,15.691226072002527,False,False,1957447.3027435173,1490795.3495319076,False
2.0833,37.958118,128.182865,6477.4035552000005,96.177,-13.81,3.823,1.0,37.936229,128.181854,6658.4638992,0.86,-11.38,180.061,1.0,1943.0919052798856,1678.8505318594023,2445.00233582235,170.28466143242144,164.2437577264043,15.75624227359569,False,False,1951324.70575671,1474566.7791593887,False
2.1,37.958398,128.182894,6468.688104,96.929,-13.94,3.929,1.0,37.935982,128.181853,6652.9387896,0.876,-11.474,180.062,1.0,1944.0089998333647,1679.381691006021,2503.8000671759078,170.1138124555464,164.17571730308467,15.824282696915324,False,False,1953021.655911651,1475404.474224152,False
2.1166,37.958678,128.182925,6459.888528,97.681,-14.072,4.036,1.0,37.935735,128.181853,6647.3700936,0.893,-11.568,180.063,1.0,1957.9433113792456,1690.009403397767,2562.604601145296,169.94277805568746,164.1053867634863,15.89461323651372,False,False,1980120.8711204738,1493254.323714841,False
2.1333,37.958957,128.182955,6451.0045224000005,98.432,-14.205,4.142,1.0,37.935488,128.181852,6641.7568968000005,0.91,-11.662,180.064,1.0,1940.7727273278663,1680.4287816765566,2621.3016649116275,169.7726059647288,164.03298617426293,15.967013825737084,False,False,1946562.1330694163,1477053.830415482,False
2.15,37.959237,128.182987,6442.0354776,99.183,-14.339,4.25,1.0,37.935242,128.181852,6636.099808800001,0.928,-11.756,180.065,1.0,1949.437293874679,1674.4196859021988,2680.005472217869,169.60279918272468,163.9585754784052,16.04142452159479,False,False,1963327.668591122,1466918.5504583775,False
2.1666,37.959517,128.183018,6432.980784000001,99.933,-14.475,4.357,1.0,37.934995,128.181851,6630.3988296,0.945,-11.85,180.066,1.0,1962.159817245886,1691.617507245068,2738.8237175605577,169.4323206826584,163.88267886822308,16.117321131776947,False,False,1988121.565212618,1495806.896091306,False
2.1833,37.959797,128.183051,6423.839832000001,100.683,-14.612,4.465,1.0,37.934749,128.18185,6624.6536544,0.963,-11.944,180.067,1.0,1952.757974945171,1675.5030054645367,2797.5410666811363,169.26276986912652,163.80458390738139,16.195416092618633,False,False,1969628.2032444656,1468620.8204202694,False
2.2,37.960077,128.183083,6414.6123168,101.432,-14.75,4.573,1.0,37.934502,128.18185,6618.864588,0.982,-12.037,180.068,1.0,1953.757756388119,1682.5586413694855,2856.3662119166565,169.09243303174074,163.72663046258742,16.273369537412563,False,False,1971490.5431999152,1480410.6792354747,False
2.2166,37.960356,128.183117,6405.297324000001,102.18,-14.89,4.681,1.0,37.934256,128.181849,6613.0313256,1.0,-12.131,180.069,1.0,1961.5646083938536,1686.6939404350928,2914.9829058124483,168.9226435601354,163.64529317275475,16.354706827245277,False,False,1986682.3654540707,1487319.9079994254,False
2.2333,37.960636,128.183151,6395.8948536,102.927,-15.031,4.789,1.0,37.93401,128.181849,6607.1544768,1.019,-12.224,180.07,1.0,1957.67771085121,1677.1314318396153,2973.7107008527373,168.75231087078362,163.56402354579933,16.43597645420068,False,False,1978973.3120478732,1471178.9712821099,False
2.25,37.960916,128.183185,6386.4036864,103.673,-15.173,4.898,1.0,37.933764,128.181848,6601.233432,1.038,-12.318,180.071,1.0,1959.2117331716977,1677.696964901509,3032.4453655176535,168.5820695564218,163.48030406005472,16.5196959399453,False,False,1981884.5334100584,1472069.5388557906,False
2.2666,37.961196,128.18322,6376.823822400001,104.418,-15.317,5.007,1.0,37.933518,128.181847,6595.268496000001,1.058,-12.411,180.072,1.0,1973.0596024669794,1688.364326991029,3091.1869458719984,168.41111041338414,163.3961943782643,16.603805621735685,False,False,2009017.3767815162,1489964.5401242333,False
2.2833,37.961476,128.183256,6367.1543472,105.161,-15.463,5.116,1.0,37.933272,128.181847,6589.2599736,1.078,-12.505,180.073,1.0,1963.3204862167531,1678.8035423626052,3149.9321092090927,168.2390284018543,163.30996919221278,16.690030807787224,False,False,1989754.119978163,1473809.2332447204,False
2.3,37.961756,128.183292,6357.394956000001,105.902,-15.609,5.225,1.0,37.933026,128.181846,6583.207255200001,1.098,-12.598,180.074,1.0,1964.9150249647787,1679.3809376360869,3208.684268572906,168.06807687756753,163.22347955456056,16.776520445439434,False,False,1992790.274911426,1474719.3762769382,False
2.3166,37.962036,128.183328,6347.5447343999995,106.642,-15.757,5.334,1.0,37.93278,128.181846,6577.110950400001,1.119,-12.691,180.075,1.0,1978.386057371634,1690.0580250259495,3267.436571636921,167.89555083912242,163.136166348094,16.863833651905992,False,False,2019253.845570843,1492647.4890790465,False
2.3333,37.962316,128.183365,6337.6033776,107.379,-15.907,5.443,1.0,37.932535,128.181845,6570.9707544,1.139,-12.785,180.076,1.0,1968.6951978368886,1674.015534435308,3326.088525874675,167.7226694787294,163.0463627317206,16.953637268279408,False,False,2000031.049155954,1465603.2151140017,False
2.35,37.962596,128.183403,6327.5705808,108.115,-16.057,5.552,1.0,37.932289,128.181844,6564.7866672,1.161,-12.878,180.077,1.0,1970.8832833680972,1681.0961837319087,3384.8586376007547,167.55065350044148,162.95659373531257,17.043406264687423,False,False,2004242.728366108,1477420.7546488906,False
2.3666,37.962876,128.183441,6317.4451248000005,108.848,-16.209,5.661,1.0,37.932044,128.181844,6558.5586888,1.182,-12.971,180.078,1.0,1984.4645908133537,1685.2610252326663,3443.517978889852,167.37710904091034,162.8659927757428,17.13400722425719,False,False,2031002.8293291254,1484369.8511496494,False
2.3833,37.963155,128.18348,6307.2267048,109.578,-16.363,5.77,1.0,37.931799,128.181843,6552.2874288,1.204,-13.064,180.079,1.0,1968.5394327065842,1675.756771733886,3502.077321845376,167.20311235491687,162.77403734395696,17.225962656043063,False,False,1999426.5138250072,1468336.368519629,False
2.4,37.963435,128.183519,6296.915016,110.306,-16.518,5.878,1.0,37.931553,128.181842,6545.9719728,1.226,-13.157,180.08,1.0,1976.5756502811573,1682.8464530572019,3560.8623577217945,167.02868019045823,162.6815660075133,17.31843399248671,False,False,2015177.2922838463,1480180.1483306617,False
2.4166,37.963715,128.183559,6286.509144,111.031,-16.674,5.987,1.0,37.931308,128.181841,6539.6132352,1.249,-13.25,180.081,1.0,1990.8170501287095,1687.040417444728,3619.5439939069765,166.85408132480293,162.58800251359827,17.41199748640174,False,False,2043325.858438596,1487184.3831790152,False
2.4333,37.963995,128.183599,6276.008784000001,111.753,-16.831,6.095,1.0,37.931063,128.181841,6533.210606400001,1.272,-13.343,180.082,1.0,1980.684739797905,1677.5288505680614,3678.2258510088104,166.67893510181173,162.49388445349095,17.506115546509058,False,False,2023102.6407757609,1471120.4320373533,False
2.45,37.964275,128.18364,6265.4130216,112.472,-16.99,6.203,1.0,37.930818,128.18184,6526.7643912,1.295,-13.436,180.083,1.0,1983.0696735736326,1678.1355049817635,3736.9190560709008,166.50309425033907,162.3987010217663,17.601298978233725,False,False,2027725.3777319905,1472075.0805571605,False
2.4666,37.964555,128.183681,6254.721552000001,113.187,-17.15,6.31,1.0,37.930574,128.181839,6520.2748944,1.319,-13.528,180.084,1.0,1996.867909291015,1682.323285427564,3795.5053736309005,166.32718126585388,162.30369789576991,17.696302104230085,False,False,2055078.5886860553,1479047.8721390644,False
2.4833,37.964834,128.183723,6243.933765600001,113.898,-17.311,6.418,1.0,37.930329,128.181839,6513.741506400001,1.343,-13.621,180.086,1.0,1981.0961237997442,1679.3356338949548,3854.095738650231,166.1504947532526,162.20718641819568,17.79281358180433,False,False,2023602.998929607,1473962.0687784222,False
2.5,37.965114,128.183766,6233.0490528,114.606,-17.474,6.525,1.0,37.930084,128.181838,6507.164532000001,1.368,-13.713,180.087,1.0,1989.8390367795841,1679.9538005219347,3912.808741106481,165.97318921200932,162.11069124214856,17.889308757851442,False,False,2040855.0266395926,1474935.871001784,False
2.5166,37.965394,128.183809,6222.066804,115.309,-17.638,6.631,1.0,37.92984,128.181837,6500.544276,1.393,-13.806,180.088,1.0,2003.7582063035006,1684.1711609727474,3971.415066670533,165.79576764959788,162.01247246534308,17.987527534656913,False,False,2068541.1060877577,1481964.8122503813,False
2.5333,37.965673,128.183852,6210.986714400001,116.009,-17.803,6.737,1.0,37.929595,128.181836,6493.880433600001,1.418,-13.898,180.089,1.0,1987.4626592702868,1681.1808321927601,4030.0256489037133,165.61780431441636,161.9146626693962,18.085337330603803,False,False,2035912.883859631,1476867.7078203342,False
2.55,37.965953,128.183897,6199.8078696,116.705,-17.969,6.843,1.0,37.929351,128.181835,6487.1730048,1.444,-13.991,180.09,1.0,1996.8946448074535,1675.3300553654074,4088.6483186649198,165.43998244320048,161.81497368681562,18.185026313184373,False,False,2054593.4570747558,1466982.8323528515,False
2.5666,37.966232,128.183941,6188.52966,117.397,-18.137,6.948,1.0,37.929107,128.181835,6480.4222944,1.47,-14.083,180.092,1.0,2004.05776842452,1686.041086423652,4147.156709484932,165.26036517637237,161.7160588025667,18.283941197433315,False,False,2068812.5139815724,1484918.505847702,False
2.5833,37.966512,128.183986,6177.1517808,118.084,-18.306,7.052,1.0,37.928862,128.181834,6473.6283023999995,1.497,-14.175,180.093,1.0,2000.9211242074866,1683.0476400987047,4205.899244081697,165.08090542371548,161.6163948277539,18.383605172246117,False,False,2062419.8381610583,1479809.2864126405,False
2.6,37.966791,128.184032,6165.673622400001,118.768,-18.475,7.156,1.0,37.928618,128.181833,6466.790724,1.524,-14.267,180.094,1.0,1997.3927991301673,1677.2155030440624,4264.428416950439,164.90239773164254,161.5158358070719,18.484164192928095,False,False,2055253.6002376315,1469943.4750791884,False
2.6166,37.967071,128.184078,6154.09488,119.446,-18.646,7.26,1.0,37.928374,128.181832,6459.909864,1.551,-14.359,180.096,1.0,2017.7571973389017,1687.9575955657256,4323.073142060767,164.72222023427145,161.41503107182012,18.58496892817987,False,False,2096023.1082614218,1487950.4972818084,False
2.6333,37.96735,128.184125,6142.4143343999995,120.12,-18.818,7.363,1.0,37.92813,128.181831,6452.9860272000005,1.579,-14.451,180.097,1.0,2002.236599090252,1678.48388050354,4381.6157108601565,164.54219420620194,161.3133378971318,18.686662102868222,False,False,2064712.206900693,1471936.2439787518,False
2.65,37.967629,128.184172,6130.6319856,120.79,-18.991,7.465,1.0,37.927886,128.18183,6446.018604,1.608,-14.543,180.098,1.0,2004.3741152911464,1679.1304704936492,4440.163031363646,164.36184470152332,161.2111846534802,18.78881534651982,False,False,2068878.7591861673,1472953.4168130285,False
2.6666,37.967909,128.18422,6118.747224000001,121.455,-19.166,7.567,1.0,37.927643,128.18183,6439.0078992,1.636,-14.634,180.1,1.0,2025.5009989232333,1683.3948014914854,4498.7151700732165,164.17992957518365,161.1097027849789,18.89029721502111,False,False,2111331.5607837476,1480054.1256589685,False
2.6833,37.968188,128.184269,6106.7591352,122.116,-19.341,7.668,1.0,37.927399,128.181829,6431.9542176,1.666,-14.726,180.101,1.0,2010.062815972612,1680.4213015031187,4557.280471603039,163.99929424310025,161.00635604558943,18.99364395441057,False,False,2080063.1115510825,1474983.7991007445,False
2.7,37.968467,128.184317,6094.667719200001,122.772,-19.517,7.768,1.0,37.927155,128.181828,6424.8572544,1.695,-14.817,180.102,1.0,2011.6149398142395,1681.0746035881346,4615.84662643918,163.81799758092419,160.9037202681329,19.096279731867117,False,False,2083065.6062304159,1476012.2378083637,False
2.7166,37.968746,128.184367,6082.4720615999995,123.424,-19.694,7.868,1.0,37.926912,128.181827,6417.717314400001,1.726,-14.909,180.104,1.0,2027.353123890007,1685.373123430183,4674.3152967829565,163.6368221461269,160.79941561112156,19.20058438887845,False,False,2114729.019116175,1483177.5900916662,False
2.7333,37.969025,128.184417,6070.1718576,124.072,-19.873,7.967,1.0,37.926668,128.181826,6410.5340928000005,1.757,-15.0,180.105,1.0,2017.490204702565,1682.3877578499246,4732.900048326397,163.45423459823903,160.69567118548343,19.304328814516563,False,False,2094661.413882732,1478080.1480428053,False
2.75,37.969303,128.184467,6057.766192800001,124.716,-20.052,8.066,1.0,37.926425,128.181825,6403.3078944,1.788,-15.091,180.107,1.0,2013.668095202954,1676.6066889089122,4791.268269005475,163.2721742134202,160.59145325045637,19.408546749543632,False,False,2086835.9916537686,1468299.9940096708,False
2.7666,37.969582,128.184518,6045.2550672,125.354,-20.232,8.164,1.0,37.926182,128.181824,6396.038719200001,1.82,-15.182,180.108,1.0,2035.0102704498036,1687.3767550004627,4849.756957482074,163.08995640810642,160.48668320334824,19.513316796651768,False,False,2129917.1010228484,1486343.8697635885,False
2.7833,37.969861,128.18457,6032.6375664,125.988,-20.414,8.261,1.0,37.925939,128.181823,6388.7265672,1.852,-15.273,180.11,1.0,2025.894282927682,1677.9423988082256,4908.255381183458,162.90674078640475,160.38153510763055,19.618464892369452,False,False,2111283.78799007,1470397.352249383,False
2.8,37.970139,128.184622,6019.9133856,126.617,-20.596,8.358,1.0,37.925696,128.181822,6381.3714384,1.885,-15.364,180.111,1.0,2022.1748905514437,1678.6157731592168,4966.648433067201,162.7239127142281,160.27578538850642,19.7242146114936,False,False,2103630.827591266,1471455.3331658428,False
2.8166,37.970418,128.184674,6007.0816104000005,127.241,-20.779,8.454,1.0,37.925453,128.181821,6373.9733328,1.918,-15.455,180.113,1.0,2042.9472502774997,1689.409043182582,5025.157970192001,162.54061166480642,160.16991160416882,19.83008839583119,False,False,2145726.080582828,1489558.7831776468,False
2.8333,37.970696,128.184727,5994.141936,127.86,-20.963,8.549,1.0,37.92521,128.18182,6366.5322504000005,1.952,-15.545,180.114,1.0,2027.7868739570793,1679.9735387454994,5083.566666649721,162.35734732800984,160.0643081538926,19.935691846107424,False,False,2114742.255112986,1473589.8989359231,False
2.85,37.970974,128.184781,5981.0940576,128.474,-21.148,8.644,1.0,37.924967,128.181819,6359.048496,1.986,-15.636,180.116,1.0,2030.9988482603349,1680.6530542892688,5141.985563543564,162.1736992522067,159.95737827155884,20.042621728441187,False,False,2121132.656857366,1474658.3073792222,False
2.8666,37.971253,128.184835,5967.937060800001,129.083,-21.334,8.738,1.0,37.924724,128.181818,6351.522069600001,2.021,-15.726,180.118,1.0,2051.884246360236,1691.4647098069206,5200.521236670174,161.9895686307228,159.85119847951444,20.148801520485584,False,False,2163639.9502079505,1492813.586164948,False
2.8833,37.971531,128.184889,5954.6706408,129.687,-21.52,8.832,1.0,37.924481,128.181817,6343.9526663999995,2.057,-15.817,180.119,1.0,2036.0685903237875,1682.0278251826608,5258.951955813211,161.80580082868235,159.74346692613034,20.256533073869644,False,False,2131183.023091149,1476821.7257603074,False
2.9,37.971809,128.184944,5941.294492800001,130.285,-21.708,8.924,1.0,37.924239,128.181816,6336.340591200001,2.093,-15.907,180.121,1.0,2039.3790421713957,1676.3025607474638,5317.282332595076,161.6213982618589,159.6363172920119,20.3636827079881,False,False,2137797.634461777,1467133.4120429438,False
2.9166,37.972086,128.185,5927.8073976000005,130.877,-21.896,9.016,1.0,37.923996,128.181815,6328.6861488,2.129,-15.997,180.123,1.0,2048.971862348085,1693.5481661490978,5375.623465947839,161.43753705435628,159.5287196060924,20.471280393907605,False,False,2157274.778762764,1496115.9055546157,False
2.9333,37.972364,128.185056,5914.209355200001,131.464,-22.085,9.108,1.0,37.923754,128.181814,6320.9887296,2.167,-16.087,180.125,1.0,2045.3831343530555,1677.6993716384966,5433.970826082843,161.252971368398,159.4208183088734,20.579181691126614,False,False,2149794.664321137,1469325.314923235,False
2.95,37.972642,128.185112,5900.499756000001,132.046,-22.275,9.198,1.0,37.923511,128.181813,6313.248638400001,2.204,-16.177,180.126,1.0,2048.0514264190588,1684.8107959330025,5492.435351657889,161.06821358587507,159.31257130928682,20.687428690713162,False,False,2155121.458560748,1481205.5288059642,False
2.9666,37.972919,128.185169,5886.6779904,132.622,-22.465,9.288,1.0,37.923269,128.181811,6305.466179999999,2.243,-16.266,180.128,1.0,2057.816424940923,1689.245450608138,5550.693913737092,160.88445332914907,159.20471660705724,20.795283392942796,False,False,2175032.8100928767,1488610.5961142427,False
2.9833,37.973196,128.185227,5872.7434488,133.192,-22.657,9.377,1.0,37.923027,128.18181,6297.641354400001,2.282,-16.356,180.13,1.0,2049.0107395891378,1679.811379159541,5608.9590899453415,160.6993446963228,159.09557910203284,20.904420897967142,False,False,2156814.445017987,1472641.8993650663,False
3.0,37.973474,128.185285,5858.6961312,133.758,-22.849,9.466,1.0,37.922785,128.181809,6289.7738568,2.322,-16.445,180.132,1.0,2057.770636328049,1680.5258992814406,5667.341715759427,160.51436113747565,158.9872435660719,21.01275643392811,False,False,2174664.1782820043,1473765.259870635,False
3.0166,37.973751,128.185343,5844.5348184,134.318,-23.041,9.554,1.0,37.922543,128.181808,6281.8639920000005,2.362,-16.535,180.134,1.0,2066.954526865776,1691.3668021442725,5725.620257870895,160.33001769489377,158.87753786715513,21.122462132844888,False,False,2193465.815442325,1491964.8712150182,False
3.0333,37.974027,128.185402,5830.2595104,134.873,-23.235,9.641,1.0,37.922301,128.181807,6273.911760000001,2.403,-16.624,180.136,1.0,2052.2111022485146,1681.9553396250512,5783.799551071729,160.14468338476547,158.7683349918619,21.231665008138098,False,False,2162960.518523696,1476012.9390078147,False
3.05,37.974304,128.185461,5815.869597600001,135.423,-23.429,9.727,1.0,37.922059,128.181805,6265.917160800001,2.444,-16.713,180.138,1.0,2061.048472123907,1682.6999898416955,5842.101421270304,159.9600384147971,158.65883580708538,21.341164192914636,False,False,2180994.599811449,1477187.2844315802,False
3.0666,37.974581,128.185521,5801.364470400001,135.967,-23.623,9.813,1.0,37.921817,128.181804,6257.8801944,2.487,-16.802,180.14,1.0,2077.17612918394,1693.5398164601374,5900.410353175162,159.77561173274458,158.54906810360276,21.450931896397243,False,False,2214222.286709436,1495407.3957763307,False
3.0833,37.974857,128.185581,5786.7435192,136.506,-23.819,9.898,1.0,37.921575,128.181803,6249.801165600001,2.53,-16.89,180.142,1.0,2061.7144673353146,1684.120644968083,5958.615638107409,159.58992355069623,158.43993025008913,21.56006974991087,False,False,2182081.8407424325,1479420.7860044874,False
3.1,37.975133,128.185642,5772.0064391999995,137.04,-24.015,9.983,1.0,37.921333,128.181802,6241.6797696,2.573,-16.979,180.144,1.0,2065.4857086892357,1684.8511544468017,6016.833049036995,159.40470297418997,158.32943034110318,21.670569658896838,False,False,2189719.653346718,1480571.6752329082,False
3.1166,37.97541,128.185703,5757.152925599999,137.57,-24.212,10.066,1.0,37.921092,128.1818,6233.516311200001,2.618,-17.068,180.146,1.0,2086.9013570196093,1689.3421700189617,6075.062762215452,159.2196091793252,158.21856296775863,21.78143703224138,False,False,2234037.0207029786,1488068.3964354168,False
3.1333,37.975685,128.185765,5742.181759200001,138.094,-24.409,10.15,1.0,37.92085,128.181799,6225.3107904,2.663,-17.156,180.148,1.0,2066.4168255349678,1686.3120377909804,6133.189224077475,159.03451887624138,158.1083380416471,21.89166195835291,False,False,2191350.815175866,1482873.5884620606,False
3.15,37.975961,128.185827,5727.0932448,138.614,-24.607,10.232,1.0,37.920609,128.181798,6217.0629024,2.708,-17.244,180.15,1.0,2075.3815680275384,1680.6803556195944,6191.323225795147,158.84929532019717,157.9978692883422,22.002130711657802,False,False,2209767.9254233395,1473311.7887946242,False
3.1666,37.976237,128.18589,5711.886468000001,139.129,-24.805,10.314,1.0,37.920367,128.181796,6208.773256800001,2.755,-17.332,180.152,1.0,2091.8300543183495,1697.9788037524127,6249.585806838918,158.66466866865971,157.8870213152401,22.112978684759913,False,False,2243890.9595061666,1502453.2752550347,False
3.1833,37.976512,128.185953,5696.561124000001,139.64,-25.005,10.395,1.0,37.920126,128.181795,6200.4415488,2.802,-17.42,180.155,1.0,2076.5361641892086,1682.1621302399744,6307.629602290793,158.47860715407253,157.7760037230613,22.22399627693871,False,False,2211865.4017394907,1475640.2763212838,False
3.2,37.976787,128.186016,5681.1166032,140.147,-25.204,10.475,1.0,37.919885,128.181793,6192.068083200001,2.85,-17.508,180.157,1.0,2079.69958568426,1682.930068968986,6365.686433071149,158.2942296853319,157.66449829717192,22.335501702828093,False,False,2218287.905484413,1476850.2529880914,False
3.2166,37.977063,128.18608,5665.552296000001,140.65,-25.404,10.554,1.0,37.919644,128.181792,6183.6525552,2.898,-17.596,180.159,1.0,2102.194965950299,1693.8000789941411,6423.862077048902,158.10931391563386,157.5528440989883,22.4471559010117,False,False,2265171.925856957,1495120.2701307314,False
3.2333,37.977337,128.186145,5649.8682024,141.15,-25.605,10.633,1.0,37.919402,128.181791,6175.195269600001,2.948,-17.683,180.161,1.0,2081.9612778648143,1690.766231756701,6481.940243232057,157.92397489343438,157.44175447052245,22.558245529477567,False,False,2222687.661271311,1489903.203915,False
3.25,37.977612,128.186209,5634.063408,141.647,-25.806,10.711,1.0,37.919161,128.181789,6166.6962264,2.998,-17.771,180.164,1.0,2090.2206632434304,1685.1857204766632,6540.026702798347,157.73913018196998,157.329583331809,22.67041666819098,False,False,2239762.4984449665,1480400.0877978508,False
3.2666,37.977887,128.186275,5618.137608,142.14,-26.008,10.788,1.0,37.91892,128.181788,6158.1554256,3.049,-17.858,180.166,1.0,2107.846657873998,1696.0740707910927,6598.126767066868,157.5540605656594,157.21793069090535,22.782069309094645,False,False,2276603.8757287846,1498724.5017093946,False
3.2833,37.978161,128.18634,5602.0901928,142.629,-26.21,10.865,1.0,37.91868,128.181786,6149.573172,3.101,-17.945,180.169,1.0,2091.8647421320666,1680.3496288965428,6656.013894412738,157.36936555669416,157.10601776938427,22.893982230615748,False,False,2242886.7874768507,1472094.1494135682,False
3.3,37.978435,128.186406,5585.9208576,143.115,-26.413,10.94,1.0,37.918439,128.181785,6140.949160800001,3.153,-18.032,180.171,1.0,2096.0910684639493,1687.4361135902786,6714.020370564537,157.1844192217394,156.9938301504835,23.006169849516542,False,False,2251578.0544253537,1483942.4578120913,False
3.3166,37.978709,128.186473,5569.628992800001,143.598,-26.616,11.016,1.0,37.918198,128.181783,6132.283392,3.206,-18.118,180.174,1.0,2113.017150100891,1698.3976244312446,6772.046224575293,156.9997967873253,156.88235025562506,23.117649744374933,False,False,2287040.1404724875,1502414.402263004,False
3.3333,37.978982,128.18654,5553.2142936,144.077,-26.82,11.09,1.0,37.917957,128.181781,6123.5764752,3.261,-18.205,180.176,1.0,2098.006128258977,1688.9865481095578,6829.970307745004,156.8150998609761,156.7694373447768,23.23056265522322,False,False,2255273.2860584436,1486389.55108804,False
3.35,37.979256,128.186607,5536.675845600001,144.553,-27.025,11.164,1.0,37.917717,128.18178,6114.827800800001,3.316,-18.291,180.179,1.0,2107.262630733554,1683.3994555243185,6887.898023698003,156.6294243726487,156.65753711072716,23.342462889272827,False,False,2274574.1396243027,1476882.8394825011,False
3.3666,37.979529,128.186675,5520.0136488,145.026,-27.23,11.237,1.0,37.917476,128.181778,6106.037673600001,3.372,-18.378,180.182,1.0,2118.560750311588,1700.715209239379,6945.845660899903,156.44464966080167,156.54423844273265,23.45576155726736,False,False,2298282.668229404,1506095.8858208817,False
3.3833,37.979802,128.186743,5503.2267888,145.496,-27.435,11.309,1.0,37.917236,128.181776,6097.2063984,3.428,-18.464,180.185,1.0,2109.421531754659,1684.9698705221642,7003.69192742443,156.26043909520484,156.43162976842788,23.568370231572125,False,False,2278797.8183034714,1479354.9014106088,False
3.4,37.980075,128.186811,5486.3146560000005,145.961,-27.641,11.38,1.0,37.916995,128.181775,6088.333670400001,3.486,-18.55,180.187,1.0,2113.0062191701923,1692.053308759175,7061.652812075159,156.07545927564252,156.31885001673908,23.681149983260916,False,False,2286200.0087472177,1491228.3572302642,False
3.4166,37.980347,128.18688,5469.2772504,146.423,-27.847,11.451,1.0,37.916755,128.181773,6079.4197944,3.545,-18.636,180.19,1.0,2124.500375901215,1696.688545897853,7119.412809427739,155.89124713176054,156.20564140483415,23.794358595165846,False,False,2310386.2113498375,1498994.753017238,False
3.4333,37.980619,128.18695,5452.1136576,146.882,-28.054,11.522,1.0,37.916514,128.181771,6070.464770400001,3.604,-18.721,180.193,1.0,2116.346073687641,1693.631615265674,7177.298765817742,155.70637770763443,156.0932024004983,23.906797599501676,False,False,2292927.32220685,1493724.9474543512,False
3.45,37.980891,128.187019,5434.8235728,147.337,-28.262,11.591,1.0,37.916274,128.181769,6061.4685984,3.664,-18.807,180.196,1.0,2119.1293323028644,1688.0948264181504,7235.078299343662,155.52120806973252,155.97958050395064,24.02041949604935,False,False,2298651.976103391,1484274.772520362,False
3.4666,37.981163,128.187089,5417.4060816,147.789,-28.47,11.66,1.0,37.916034,128.181768,6052.4312784,3.726,-18.892,180.199,1.0,2136.5642511983137,1699.0320024858534,7292.867767778119,155.33621305235494,155.86673995953635,24.133260040463647,False,False,2335580.0050994284,1502708.9479318657,False
3.4833,37.981435,128.18716,5399.861184000001,148.238,-28.678,11.728,1.0,37.915794,128.181766,6043.3531152000005,3.788,-18.977,180.202,1.0,2128.4417564892274,1689.6679672882465,7350.678573136775,155.1520733542598,155.7535097706217,24.24649022937831,False,False,2318086.7040635473,1486753.9686671733,False
3.5,37.981706,128.187231,5382.187965600001,148.683,-28.887,11.795,1.0,37.915554,128.181764,6034.233804,3.851,-19.062,180.205,1.0,2126.579471170845,1690.4622837140232,7408.388987198382,154.9675340870349,155.639995188765,24.36000481123501,False,False,2313951.3572154865,1488006.9852638121,False
3.5166,37.981977,128.187302,5364.3864264,149.126,-29.096,11.862,1.0,37.915314,128.181762,6025.0733448,3.915,-19.147,180.208,1.0,2143.247297611338,1701.4481290200947,7466.109738398369,154.7831567148666,155.52628419453754,24.47371580546245,False,False,2349361.149507608,1506548.6533897733,False
3.5333,37.982248,128.187373,5346.455652000001,149.565,-29.306,11.928,1.0,37.915074,128.18176,6015.872347200001,3.98,-19.231,180.211,1.0,2134.295813009678,1692.0486757838921,7523.841024774314,154.59829357423584,155.41335889559235,24.586641104407647,False,False,2330040.1280350075,1490509.9151646805,False
3.55,37.982518,128.187445,5328.3950328,150.001,-29.516,11.993,1.0,37.914834,128.181758,6006.630506400001,4.046,-19.316,180.215,1.0,2133.51432165711,1692.84661427204,7581.4780924046,154.4141603335183,155.2992127407407,24.70078725925931,False,False,2328195.3855064074,1491769.752781742,False
3.5666,37.982789,128.187517,5310.204568800001,150.434,-29.726,12.057,1.0,37.914595,128.181756,5997.3478224,4.113,-19.4,180.218,1.0,2155.99166011627,1697.5174250700852,7639.125931434488,154.23047292868375,155.1857208806619,24.81427911933813,False,False,2376225.3368800776,1499596.5952308252,False
3.5833,37.983059,128.18759,5291.8833456,150.864,-29.937,12.121,1.0,37.914355,128.181754,5988.024600000001,4.182,-19.484,180.221,1.0,2142.400583161122,1694.4459407290246,7696.790565348729,154.04618868855877,155.07194231435355,24.92805768564646,False,False,2346835.7771756863,1494295.9844701246,False
3.6,37.983328,128.187663,5273.4310584,151.291,-30.148,12.183,1.0,37.914115,128.181752,5978.6605344,4.251,-19.568,180.225,1.0,2140.8435822166653,1695.2533097228625,7754.355671501602,153.86271728987978,154.95802965262774,25.041970347372263,False,False,2343320.314448,1495572.5233928335,False
3.6166,37.983598,128.187736,5254.847097600001,151.715,-30.359,12.245,1.0,37.913876,128.18175,5969.2559304,4.321,-19.652,180.228,1.0,2163.4537909519913,1699.9510280677866,7811.932026001562,153.67940524112802,154.84378200277465,25.156217997225365,False,False,2391798.5990819503,1503455.1525842196,False
3.6333,37.983867,128.18781,5236.1314632,152.136,-30.571,12.306,1.0,37.913636,128.181748,5959.810788000001,4.392,-19.735,180.232,1.0,2149.9682175408793,1696.8653031294693,7869.525640219192,153.49576284520137,154.73038730603645,25.269612693963538,False,False,2362530.576831543,1498121.706946473,False
3.65,37.984136,128.187884,5217.2832408,152.554,-30.783,12.367,1.0,37.913397,128.181746,5950.325412,4.465,-19.819,180.235,1.0,2154.1171238871134,1691.3897367555392,7927.020237360774,153.31236508161578,154.61558891154218,25.38441108845784,False,False,2371274.362405236,1488752.3795025758,False
3.6666,37.984404,128.187958,5198.301820799999,152.969,-30.995,12.426,1.0,37.913157,128.181744,5940.799497600001,4.538,-19.902,180.239,1.0,2165.7402402025086,1708.7153424748196,7984.52652012564,153.12968300774747,154.5017286742918,25.498271325708227,False,False,2396193.3205671585,1518113.4021975591,False
3.6833,37.984673,128.188033,5179.1872032,153.381,-31.208,12.485,1.0,37.912918,128.181741,5931.2330448,4.613,-19.985,180.243,1.0,2163.467877280081,1693.0670782365437,8042.0566286305375,152.94654753839632,154.38751389857228,25.61248610142774,False,False,2391087.104197651,1491403.5922430013,False
3.7,37.984941,128.188107,5159.938778400001,153.791,-31.421,12.543,1.0,37.912679,128.181739,5921.626663200001,4.688,-20.067,180.247,1.0,2161.255323272617,1693.8367191230086,8099.476126379017,152.7635889068443,154.27418500019755,25.72581499980245,False,False,2386113.999808308,1492612.7356413694,False
3.7166,37.985208,128.188183,5140.5562416,154.199,-31.635,12.6,1.0,37.912439,128.181737,5911.9797432,4.765,-20.15,180.251,1.0,2174.992725405199,1711.1772019118237,8156.919829598752,152.58044419009514,154.15951744921517,25.840482550784813,False,False,2415708.3136494546,1522040.4243200414,False
3.7333,37.985476,128.188258,5121.0386784,154.604,-31.849,12.657,1.0,37.9122,128.181735,5902.2928944000005,4.843,-20.233,180.255,1.0,2170.8398458068227,1695.4791192473365,8214.369773565733,152.39728573347185,154.04474317074164,25.955256829258357,False,False,2406493.0520268264,1495206.4425147297,False
3.75,37.985743,128.188334,5101.3860888,155.006,-32.063,12.712,1.0,37.911961,128.181732,5892.5661168,4.923,-20.315,180.259,1.0,2170.6922994504434,1696.3393496612425,8271.733876654507,152.2152367273671,153.93052880437372,26.0694711956263,False,False,2405980.037334457,1496569.9281138803,False
3.7666,37.98601,128.18841,5081.5975584,155.407,-32.278,12.767,1.0,37.911722,128.18173,5882.7988008,5.003,-20.397,180.263,1.0,2188.2189407197543,1707.3573065142991,8329.104430617093,152.03222122867115,153.81621380227512,26.18378619772489,False,False,2443984.514958425,1515225.0349137466,False
3.7833,37.986276,128.188486,5061.673087200001,155.805,-32.493,12.821,1.0,37.911483,128.181727,5872.991860800001,5.084,-20.479,180.267,1.0,2174.12102834133,1697.993475325309,8386.383428723359,151.84986926684584,153.7015536827589,26.2984463172411,False,False,2413039.1793185715,1499185.2967553746,False
3.8,37.986542,128.188563,5041.612065600001,156.201,-32.708,12.874,1.0,37.911244,128.181725,5863.1449920000005,5.167,-20.56,180.271,1.0,2179.587547200168,1698.7811506114858,8443.675366125786,151.66792981872652,153.58770076321014,26.41229923678987,False,False,2424742.2629181384,1500426.5096722387,False
3.8166,37.986808,128.18864,5021.4141887999995,156.594,-32.924,12.927,1.0,37.911005,128.181723,5853.2584992,5.251,-20.642,180.275,1.0,2197.2718488369146,1709.844741378313,8500.98038914551,151.48518621096767,153.47267717800813,26.527322821991874,False,False,2463245.040300192,1519185.3772707148,False
3.8333,37.987073,128.188717,5001.0785424000005,156.986,-33.141,12.979,1.0,37.910767,128.18172,5843.3317728,5.337,-20.723,180.28,1.0,2183.296643919303,1694.2440647604824,8558.083939280526,151.3022281115509,153.35836378413524,26.641636215864768,False,False,2432435.9445624724,1492534.98501779,False
3.85,37.987339,128.188794,4980.6051264,157.375,-33.358,13.03,1.0,37.910528,128.181717,5833.3657272,5.423,-20.804,180.284,1.0,2193.293541253425,1701.3119219649732,8615.421931305758,151.11950718908773,153.24388955909745,26.756110440902546,False,False,2454111.330314805,1504436.9039187212,False
3.8666,37.987603,128.188872,4959.9930264,157.763,-33.575,13.08,1.0,37.910289,128.181715,5823.3597528,5.511,-20.885,180.289,1.0,2201.364805866312,1712.3651269315112,8672.552543306341,150.93735964192547,153.12921563925426,26.870784360745745,False,False,2471644.4198657586,1523204.8148853814,False
3.8833,37.987868,128.18895,4939.2419376,158.149,-33.794,13.13,1.0,37.910051,128.181712,5813.3144592,5.6,-20.965,180.293,1.0,2198.2408295501914,1696.7480229427977,8729.703333488631,150.75360401946836,153.01513311646244,26.984866883537578,False,False,2464568.789298122,1496486.06692146,False
3.9,37.988132,128.189028,4918.351555200001,158.533,-34.012,13.179,1.0,37.909812,128.181709,5803.229541600001,5.691,-21.046,180.298,1.0,2197.624717469826,1703.8217730347887,8786.868062441301,150.57119464976364,152.90002436785517,27.099975632144844,False,False,2463009.7516959687,1508414.5581178372,False
3.9166,37.988396,128.189107,4897.3212696,158.916,-34.232,13.227,1.0,37.909574,128.181707,5793.1053048,5.782,-21.126,180.303,1.0,2216.6607266613473,1708.6201391814475,8843.936473264597,150.38736964106383,152.78564560750482,27.214354392495196,False,False,2504818.704189929,1516502.3461455314,False
3.9333,37.988659,128.189185,4876.150166400001,159.297,-34.451,13.274,1.0,37.909335,128.181704,5782.941444,5.875,-21.206,180.308,1.0,2201.924882479924,1705.502946315257,8901.019188874141,150.2048899983155,152.67108741109354,27.328912588906473,False,False,2472055.29207144,1511081.4326568139,False
3.95,37.988922,128.189264,4854.8382456,159.677,-34.672,13.321,1.0,37.909097,128.181701,5772.7385688,5.97,-21.286,180.313,1.0,2207.7716723793774,1700.1160873486142,8958.012455329997,150.02087328916758,152.55619600852359,27.443803991476415,False,False,2484737.57816163,1501808.581916503,False
3.9666,37.989185,128.189343,4833.3848976,160.055,-34.892,13.366,1.0,37.908858,128.181698,5762.496374400001,6.066,-21.366,180.318,1.0,2226.0067438894425,1717.4666708964903,9015.130813607551,149.8383685277516,152.4412070628171,27.55879293718287,False,False,2524952.3259266885,1531356.6678901464,False
3.9833,37.989447,128.189422,4811.7895128,160.432,-35.113,13.411,1.0,37.90862,128.181695,5752.214860800001,6.163,-21.445,180.323,1.0,2212.3600012259653,1701.8139385392385,9072.043180876552,149.6552127264069,152.32687084910987,27.673129150890148,False,False,2494455.923137977,1504495.2985678818,False
4.0,37.989709,128.189502,4790.0517864,160.808,-35.335,13.454,1.0,37.908382,128.181692,5741.8943328000005,6.262,-21.524,180.328,1.0,2218.3418233727202,1702.6604880731977,9128.977172299596,-149.47188197512997,152.2122847922168,27.787715207783204,False,False,2507494.5840134025,1505835.1168815831,True
4.0166,37.98997,128.189582,4768.1653176,161.015,-35.542,13.557,1.0,37.908144,128.181689,5731.5347904,6.362,-21.603,180.334,1.0,2231.711332808331,1713.7719282865964,9185.816638827248,-149.28789657544826,152.0975455343688,27.9024544656312,False,False,2537027.4649044108,1524714.2667438558,True
4.0333,37.990231,128.189662,4746.1301064,160.862,-35.751,13.659,1.0,37.907906,128.181686,5721.136538400001,6.464,-21.682,180.339,1.0,2223.6210857436913,1704.35526479621,9242.672136444677,-149.10249511011565,151.98245754305592,28.0175424569441,False,False,2518789.0032899035,1508518.6179535799,True
4.05,37.990492,128.189742,4723.9495056000005,160.729,-35.962,13.763,1.0,37.907668,128.181683,5710.6989672,6.567,-21.761,180.345,1.0,2228.7978489825077,1705.2168192593927,9299.543363746274,-148.91489267223793,151.86732549560244,28.13267450439756,False,False,2530096.045233619,1509885.026369252,True
4.0666,37.990752,128.189822,4701.6226008,160.612,-36.173,13.865,1.0,37.907429,128.18168,5700.2229912,6.672,-21.839,180.351,1.0,2242.2688730943732,1722.5762124630141,9356.430628467626,-148.7280136430937,151.75299219021647,28.247007809783526,False,False,2559992.0169020905,1539534.495668363,True
4.0833,37.991012,128.189903,4679.1490872,160.51,-36.385,13.965,1.0,37.907192,128.181677,5689.7080008,6.778,-21.917,180.356,1.0,2235.113022770424,1700.7277628707404,9413.12006058369,-148.54120512818278,151.63810865464748,28.361891345352532,False,False,2543751.8896749606,1502034.436665702,True
4.1,37.991271,128.189983,4656.528660000001,160.423,-36.599,14.064,1.0,37.906954,128.181673,5679.154605600001,6.885,-21.995,180.362,1.0,2234.273774161509,1707.8277598192824,9469.825926350126,148.35296852218718,151.52317746444848,28.47682253555151,False,False,2541654.5957365464,1514031.3101176815,False
4.1166,37.99153,128.190065,4633.7665008,160.528,-36.829,14.1,1.0,37.906716,128.18167,5668.562500800001,6.995,-22.073,180.368,1.0,2254.9269268617472,1718.923105711722,9526.55454333164,-148.16582721499938,151.40802809430545,28.591971905694567,False,False,2587789.4489981523,1532937.930123286,True
4.1333,37.991788,128.190146,4610.8568184000005,160.831,-37.042,14.199,1.0,37.906478,128.181667,5657.9316864,7.106,-22.15,180.374,1.0,2240.6852177759993,1709.491947182717,9583.18277701325,-147.9790248299629,151.2936764803573,28.706323519642712,False,False,2555552.1815981013,1516666.7145137133,True
4.15,37.992046,128.190227,4587.7959552,160.75,-37.259,14.292,1.0,37.90624,128.181663,5647.262772,7.218,-22.227,180.381,1.0,2246.2387902456085,1710.3994187995618,9639.835169967113,-147.790307269406,151.17919189608534,28.820808103914654,False,False,2567785.2606060896,1518113.8153779733,True
4.1666,37.992303,128.190309,4564.5869592,160.689,-37.477,14.389,1.0,37.906003,128.18166,5636.5551479999995,7.332,-22.304,180.387,1.0,2261.15612558581,1715.3031578195105,9696.284066367063,-147.6000113863797,151.06423524303707,28.935764756962943,False,False,2601176.8188405544,1526408.1851549265,True
4.1833,37.99256,128.190391,4541.229525600001,160.638,-37.696,14.485,1.0,37.905765,128.181656,5625.809424000001,7.448,-22.381,180.393,1.0,2253.122789563818,1712.1226654695186,9752.867508136445,-147.40927960780573,150.94911230069764,29.050887699302372,False,False,2582815.4009531457,1520852.354795094,True
4.2,37.992817,128.190474,4517.7233496,160.595,-37.916,14.581,1.0,37.905527,128.181653,5615.0256,7.565,-22.458,180.4,1.0,2259.670019754935,1712.9248682651587,9809.468500147645,-147.2178156861692,150.8339494745449,29.166050525455077,False,False,2597358.0307759885,1522120.3929608455,True
4.2166,37.993072,128.190556,4494.0681264,160.561,-38.136,14.675,1.0,37.90529,128.181649,5604.2033712,7.684,-22.534,180.407,1.0,2267.744004057221,1717.9683130273063,9865.756388625774,-147.02731921269785,150.7193651734532,29.280634826546788,False,False,2615403.1871604994,1530666.0232731227,True
4.2333,37.993328,128.190639,4470.2635512,160.533,-38.358,14.769,1.0,37.905052,128.181645,5593.343347200001,7.805,-22.61,180.413,1.0,2265.8181519417203,1714.7066538376844,9922.28973715065,-146.83510221265604,150.6045618050612,29.395438194938798,False,False,2610804.2588886716,1524961.4148934332,True
4.25,37.993583,128.190723,4446.309319200001,160.512,-38.581,14.863,1.0,37.904815,128.181641,5582.4452232,7.928,-22.686,180.42,1.0,2267.47917954195,1709.4108621069463,9978.627741636745,-146.64244143803177,150.48950098582918,29.51049901417082,False,False,2614334.31411325,1515787.834192701,True
4.2666,37.993837,128.190806,4422.2051256,160.496,-38.804,14.957,1.0,37.904578,128.181638,5571.5089992,8.052,-22.762,180.427,1.0,2280.8314123532305,1720.5290785115114,10034.85980758876,-146.44983297685806,150.3743192370548,29.625680762945205,False,False,2644462.983683581,1534747.99372884,True
4.2833,37.994091,128.19089,4397.9509704,160.485,-39.029,15.05,1.0,37.90434,128.181634,5560.5352848,8.178,-22.837,180.435,1.0,2273.914395548294,1717.300064170082,10091.234724682883,-146.25595889648673,150.26004258106838,29.739957418931635,False,False,2628472.505024755,1529089.9785499675,True
4.3,37.994344,128.190974,4373.546244,160.478,-39.254,15.143,1.0,37.904103,128.18163,5549.5234704,8.306,-22.913,180.442,1.0,2274.7369669443733,1712.0213668684876,10147.407948009522,-146.06246415744445,150.14431600528488,29.855683994715122,False,False,2630103.971665366,1519930.8146481204,True
4.3166,37.994596,128.191059,4348.9909464,160.475,-39.48,15.236,1.0,37.903866,128.181626,5538.474165600001,8.435,-22.988,180.449,1.0,2290.3536552288006,1723.205861536571,10203.497070956813,-145.868440417572,150.02926966134572,29.970730338654278,False,False,2665508.9650744777,1539033.0982930793,True
4.3333,37.994849,128.191143,4324.284772800001,160.474,-39.707,15.329,1.0,37.903629,128.181622,5527.387370400001,8.567,-23.063,180.457,1.0,2286.3745709754426,1713.7556635805822,10259.708427922542,-145.67348278454105,149.914333556023,30.085666443977004,False,False,2656161.086668749,1522684.390583194,True
4.35,37.9951,128.191228,4299.4271136,160.477,-39.934,15.422,1.0,37.903391,128.181617,5516.26278,8.7,-23.137,180.465,1.0,2283.4850156472453,1720.8496168983681,10315.84328963065,-145.4790589233944,149.80001925103983,30.199980748960186,False,False,2649314.885246335,1534757.7603811172,True
4.3666,37.995351,128.191314,4274.4185784,160.483,-40.162,15.515,1.0,37.903154,128.181613,5505.101004,8.835,-23.211,180.473,1.0,2304.21209020311,1725.8342951675684,10371.88757262456,-145.28398350044424,149.68546487061926,30.314535129380726,False,False,2696614.4052709593,1543238.6059491453,True
4.3833,37.995601,128.191399,4249.2582528,160.492,-40.391,15.608,1.0,37.902917,128.181609,5493.9017376,8.972,-23.285,180.481,1.0,2290.4851369689504,1716.3758449220222,10427.834283591363,-145.0881431609331,149.5707301202616,30.429269879738403,False,False,2664832.0697826566,1526849.791990928,True
4.4,37.995851,128.191485,4223.945832,160.503,-40.62,15.701,1.0,37.90268,128.181605,5482.6649808,9.111,-23.359,180.489,1.0,2297.512841101814,1717.2542199073027,10483.80821648392,-144.89263295048875,149.45577373404632,30.544226265953696,False,False,2680705.385907247,1528247.6044286818,True
4.4166,37.9961,128.191572,4198.4819256,160.517,-40.849,15.794,1.0,37.902444,128.1816,5471.3913432,9.252,-23.433,180.497,1.0,2313.5811073948817,1722.3799041232212,10539.596655561389,-144.69772931918618,149.3403822970288,30.659617702971197,False,False,2717501.813022949,1536952.2869795505,True
4.4333,37.996349,128.191658,4172.8653144,160.532,-41.079,15.888,1.0,37.902207,128.181596,5460.080215200001,9.395,-23.506,180.506,1.0,2304.7645085185336,1719.0040354438502,10595.50107913701,-144.5015346812661,149.2261539008299,30.773846099170125,False,False,2696891.5494987997,1531032.5325785119,True
4.45,37.996596,128.191745,4147.096608,160.549,-41.31,15.981,1.0,37.90197,128.181591,5448.732511200001,9.54,-23.58,180.514,1.0,2302.3156508208394,1719.9405609748546,10651.220590584237,-144.30524918508257,149.11036913427057,30.889630865729433,False,False,2690997.802958136,1532531.5793242082,True
4.4666,37.996844,128.191832,4121.1751968,160.567,-41.542,16.075,1.0,37.901733,128.181586,5437.3473168,9.687,-23.652,180.523,1.0,2327.1477470666837,1731.195150439864,10707.071018309038,-144.10789862377123,148.99662345351493,31.003376546485057,False,False,2748223.2410824695,1551840.4865175483,True
4.4833,37.99709,128.19192,4095.100776,160.585,-41.774,16.17,1.0,37.901496,128.181582,5425.925546400001,9.836,-23.725,180.532,1.0,2310.932130553093,1721.625270562489,10762.72242068635,-143.91068361875878,148.881573907201,31.11842609279901,False,False,2710362.876036289,1535206.9388792852,True
4.5,37.997336,128.192007,4068.8733456000004,160.604,-42.006,16.265,1.0,37.90126,128.181577,5414.4668952,9.987,-23.798,180.541,1.0,2316.0897627895547,1716.4647706506641,10818.285037049754,-143.71376517370803,148.76629284823338,31.233707151766623,False,False,2722037.911443916,1526223.4362202317,True
4.5166,37.997581,128.192096,4042.4929056000005,160.623,-42.24,16.36,1.0,37.901023,128.181572,5402.971668,10.141,-23.87,180.55,1.0,2333.6786542184386,1733.8318705663457,10873.88405506484,-143.5153915226364,148.65173613024817,31.348263869751822,False,False,2762671.3436300936,1556071.5298037888,True
4.5333,37.997826,128.192184,4015.9585416000004,160.642,-42.473,16.456,1.0,37.900787,128.181567,5391.439560000001,10.296,-23.942,180.56,1.0,2324.9404765950003,1718.2278227239347,10929.387369601527,-143.3179048635472,148.53713841355975,31.462861586440244,False,False,2742057.2096868753,1529025.3861523904,True
4.55,37.99807,128.192273,3989.2705584,160.661,-42.708,16.552,1.0,37.90055,128.181562,5379.870876,10.453,-24.013,180.569,1.0,2327.6208761006724,1725.2111418860077,10984.920135035623,-143.11885375865978,148.42319249533,31.576807504670008,False,False,2748030.851551364,1540935.2527699368,True
4.5666,37.998313,128.192362,3962.4286512,160.68,-42.942,16.648,1.0,37.900314,128.181557,5368.2659208,10.613,-24.085,180.579,1.0,2343.3500610679544,1730.3469269522009,11040.255119433014,-142.9211278995502,148.30808150769326,31.691918492306726,False,False,2784502.905285883,1549694.9487986758,True
4.5833,37.998556,128.192451,3935.4322104,160.699,-43.178,16.745,1.0,37.900077,128.181552,5356.6240848,10.775,-24.156,180.589,1.0,2335.712517888508,1726.9746789928624,11095.722509362844,-142.72140422618156,148.19389203775108,31.806107962248912,False,False,2766369.889396656,1543751.308522454,True
4.6,37.998798,128.192541,3908.2818456000005,160.72,-43.414,16.841,1.0,37.899841,128.181546,5344.9462824,10.939,-24.227,180.599,1.0,2338.5518769810174,1721.840947154735,11151.007748246444,-142.5225169165087,148.07928819365443,31.92071180634555,False,False,2772739.5928268726,1534784.1411096554,True
4.6166,37.999039,128.192631,3880.9763376,160.741,-43.65,16.938,1.0,37.899604,128.181541,5333.2322088,11.105,-24.298,180.61,1.0,2354.5381427665784,1739.139306347316,11206.308379743903,-142.3234991021374,147.96472246530828,32.03527753469173,False,False,2809984.309472469,1564603.9050815403,True
4.6333,37.999279,128.192721,3853.5162960000002,160.764,-43.887,17.035,1.0,37.899368,128.181536,5321.481864,11.273,-24.368,180.62,1.0,2342.3550173964245,1723.5213504225082,11261.41217067379,-142.12392086391023,147.85071307043205,32.149286929567964,False,False,2781103.5993452705,1537448.8328027087,True
4.65,37.999519,128.192811,3825.901416,160.787,-44.124,17.133,1.0,37.899132,128.18153,5309.695248,11.444,-24.438,180.631,1.0,2348.872686860578,1724.497405603478,11316.54694281575,-141.92442004046327,147.7366388241271,32.26336117587288,False,False,2796120.7256610324,1539015.9738703624,True
4.6666,37.999758,128.192902,3798.131088,160.811,-44.362,17.23,1.0,37.898896,128.181524,5297.872970400001,11.617,-24.508,180.642,1.0,2366.142711704677,1735.7662835619124,11371.603183899168,-141.7246242789021,147.62228627068538,32.377713729314614,False,False,2836562.608310716,1558396.6815403397,True
4.6833,37.999996,128.192993,3770.2053120000005,160.836,-44.6,17.328,1.0,37.89866,128.181519,5286.0144216,11.793,-24.578,180.653,1.0,2354.0667663136746,1726.176601381604,11426.565613502493,-141.52478523153323,147.50776663040128,32.492233369598715,False,False,2807788.2540541855,1541680.9229062563,True
4.7,38.000234,128.193085,3742.124088,160.861,-44.839,17.426,1.0,37.898424,128.181513,5274.120211200001,11.97,-24.647,180.664,1.0,2361.7568265869554,1727.1442523466985,11481.567627861148,-141.3244252686461,147.39399086309334,32.606009136906685,False,False,2825645.355152628,1543235.0851762826,True
4.7166,38.00047,128.193177,3713.887416,160.885,-45.078,17.524,1.0,37.898188,128.181507,5262.1903391999995,12.15,-24.716,180.676,1.0,2373.697060530091,1738.435736353316,11536.374219894833,-141.12444858297485,147.2800473728415,32.719952627158506,False,False,2853639.661612714,1562683.8636050639,True
4.7333,38.000706,128.193269,3685.4946864000003,160.909,-45.318,17.622,1.0,37.897952,128.181501,5250.224805600001,12.333,-24.785,180.688,1.0,2366.1884757292037,1728.909818676888,11591.205428103214,-140.9237494251377,147.165964296549,32.83403570345103,False,False,2835566.307803231,1546051.6976485124,True
4.75,38.000941,128.193361,3656.946204,160.932,-45.557,17.721,1.0,37.897716,128.181495,5238.2236104,12.518,-24.853,180.699,1.0,2368.4844222086263,1729.795880245557,11645.951534936934,-140.72405315116313,147.0525259472194,32.947474052780606,False,False,2840721.6206139214,1547466.31922618,True
4.7666,38.001176,128.193453,3628.241664,160.954,-45.798,17.821,1.0,37.89748,128.181489,5226.1870584,12.706,-24.922,180.712,1.0,2389.5463023511143,1741.1022843022045,11700.722653797355,-140.5224584692693,146.9382190362498,33.0617809637502,False,False,2890546.661654207,1566969.9695174356,True
4.7833,38.001409,128.193546,3599.3810664000002,160.975,-46.039,17.92,1.0,37.897244,128.181482,5214.1148448,12.896,-24.99,180.724,1.0,2374.337482570354,1731.670784118022,11755.315117846074,140.32168112599328,146.82437914379858,33.175620856201405,False,False,2854037.1109040747,1550474.8516267207,False
4.8,38.001642,128.193639,3570.369288,161.252,-46.297,17.93,1.0,37.897008,128.181476,5202.007579200001,13.088,-25.058,180.737,1.0,2380.9343638332466,1732.4442247918998,11809.924522458356,140.12596284091617,146.71060725761217,33.28939274238782,False,False,2869437.584419179,1551695.763633965,False
4.8166,38.001874,128.193733,3541.2051096000005,161.89,-46.549,17.962,1.0,37.896772,128.181469,5189.8652616,13.283,-25.125,180.749,1.0,2398.7157049217494,1743.8697126370287,11864.465239706138,139.93099111156027,146.59740318555384,33.40259681444615,False,False,2911645.875607182,1571435.979494046,False
4.8333,38.002105,128.193826,3511.885788,162.483,-46.803,17.985,1.0,37.896537,128.181463,5177.6875872,13.481,-25.192,180.763,1.0,2385.777710099545,1728.1683576531457,11918.796230729366,139.73624043754765,146.48426870617428,33.51573129382572,False,False,2880407.4757668045,1544058.7061738004,False
4.85,38.002336,128.19392,3482.4110184,163.055,-47.058,18.006,1.0,37.896301,128.181456,5165.474860800001,13.682,-25.259,180.776,1.0,2393.7133852024476,1735.2000433367357,11973.279008217374,139.54112156076974,146.37086282610517,33.62913717389483,False,False,2899082.671262273,1556115.599241569,False
4.8666,38.002565,128.194014,3452.7804960000003,163.61,-47.313,18.026,1.0,37.896065,128.181449,5153.227082400001,13.885,-25.326,180.789,1.0,2406.4786724716355,1746.5440285698096,12027.56860944316,139.34640300937457,146.25717162914765,33.74282837085237,False,False,2929430.0103815207,1575743.9162340479,False
4.8833,38.002794,128.194108,3422.9939160000004,164.148,-47.568,18.047,1.0,37.89583,128.181442,5140.944556800001,14.09,-25.393,180.803,1.0,2399.0078373817255,1730.9308562909118,12081.775095310202,139.15154939933205,146.14340093181073,33.856599068189276,False,False,2911187.405195813,1548476.2585679372,False
4.9,38.003022,128.194202,3393.0506688000005,164.673,-47.823,18.067,1.0,37.895594,128.181435,5128.627284000001,14.299,-25.459,180.817,1.0,2401.7669356529523,1737.8477150553101,12136.008464544866,138.95693185872335,146.03049262772183,33.96950737227815,False,False,2917516.666939074,1560351.9931161196,False
4.9166,38.00325,128.194296,3362.9501448,165.184,-48.078,18.087,1.0,37.895359,128.181428,5116.275264000001,14.51,-25.525,180.832,1.0,2423.3163667226436,1743.1411001020663,12190.159297181746,138.76241133604174,145.91750131709026,34.08249868290975,False,False,2969210.38165042,1569443.9682502267,False
4.9333,38.003476,128.194391,3332.6920392,165.683,-48.332,18.107,1.0,37.895124,128.181421,5103.888801600001,14.724,-25.59,180.846,1.0,2408.592052511601,1733.5845234878993,12244.126410370443,138.56910473400418,145.805036070911,34.19496392908899,False,False,2933340.3820972447,1552709.701154594,False
4.95,38.003702,128.194485,3302.2754376,166.17,-48.587,18.126,1.0,37.894888,128.181413,5091.467592000001,14.941,-25.656,180.861,1.0,2414.659794703198,1740.617507289155,12298.230988008232,138.37500484068335,145.69165664461156,34.30834335538847,False,False,2947675.221498185,1564804.8940018422,False
4.9666,38.003927,128.194579,3271.7000352000005,166.645,-48.842,18.144,1.0,37.894653,128.181406,5079.0122448,15.161,-25.721,180.876,1.0,2432.2637721109254,1745.8072578865253,12352.13618451423,138.18122396404647,145.57901850327193,34.42098149672807,False,False,2990037.9457118283,1573729.5862751023,False
4.9833,38.004151,128.194673,3240.9652224,167.11,-49.096,18.161,1.0,37.894418,128.181398,5066.5221504,15.383,-25.786,180.892,1.0,2420.818485579216,1736.3681064576065,12405.968310672606,137.98878502049385,145.46624671580466,34.53375328419533,False,False,2961964.0816592732,1557172.710007807,False
5.0,38.004374,128.194768,3210.0709992,167.565,-49.351,18.177,1.0,37.894182,128.181391,5053.9979184,15.609,-25.851,180.907,1.0,2425.0648574031948,1743.1434714922798,12459.829084740519,137.795626922273,145.35321706102005,34.646782938979946,False,False,2971949.8240702935,1568837.3697895557,False
5.0166,38.004596,128.194862,3179.0161464000003,168.012,-49.606,18.192,1.0,37.893947,128.181383,5041.4395488,15.837,-25.915,180.923,1.0,2441.890371184394,1748.6036880102156,12513.499720071313,137.60286332885514,145.24100365668684,34.75899634331318,False,False,3012589.7911336226,1578247.0620127032,False
5.0333,38.004818,128.194956,3147.8012736000005,168.449,-49.862,18.207,1.0,37.893712,128.181375,5028.8470416,16.068,-25.979,180.939,1.0,2434.6167215919004,1739.0183902237732,12567.199530820719,137.40916416489074,145.1286576093124,34.87134239068759,False,False,2994548.6758871963,1561408.6236087484,False
5.05,38.005038,128.19505,3116.4248568000003,168.879,-50.117,18.22,1.0,37.893477,128.181366,5016.2207016,16.303,-26.043,180.956,1.0,2433.995340184257,1740.0329722987658,12620.71825815757,137.2170869071647,145.01608980294452,34.98391019705547,False,False,2992728.345841277,1563049.6930867843,False
5.0666,38.005258,128.195144,3084.8875056000006,169.302,-50.373,18.232,1.0,37.893242,128.181358,5003.560224000001,16.54,-26.107,180.973,1.0,2456.148948786069,1751.2737268599376,12674.258410278559,137.0241961202205,144.9034320462341,35.09656795376591,False,False,3046586.241368248,1582547.9970656373,False
5.0833,38.005477,128.195237,3053.1883056000006,169.717,-50.629,18.243,1.0,37.893007,128.18135,4990.865913600001,16.781,-26.17,180.99,1.0,2443.9042722511126,1741.6703020636996,12727.710777479988,136.8315266377894,144.7915888243721,35.20841117562792,False,False,3016275.5950607327,1565651.3957569348,False
5.1,38.005695,128.195331,3021.326952,170.125,-50.885,18.252,1.0,37.892772,128.181341,4978.137770400001,17.024,-26.233,181.007,1.0,2448.54319423348,1742.6904294705896,12781.1008936698,-136.63949690175426,144.6794407281724,35.32055927182761,False,False,3027310.982967377,1567303.8212502871,False
5.1166,38.005912,128.195424,2989.298568,170.22,-51.124,18.369,1.0,37.892537,128.181333,4965.3760992,17.271,-26.296,181.025,1.0,2466.1217847356156,1753.9371280425626,12834.396098155625,-136.44216859661734,144.56725992384878,35.43274007615123,False,False,3070193.3333756663,1586841.4300863158,False
5.1333,38.006128,128.195517,2957.1055920000003,169.983,-51.368,18.453,1.0,37.892302,128.181324,4952.5805952,17.521,-26.359,181.043,1.0,2455.15776520395,1744.4582923359633,12887.621549238147,-136.24705631124579,144.4548095204093,35.54519047959071,False,False,3042899.125574414,1570135.5913437705,False
5.15,38.006343,128.19561,2924.7504624000003,169.774,-51.613,18.544,1.0,37.892068,128.181315,4939.7515632,17.774,-26.421,181.062,1.0,2458.8975853488396,1739.3608176966452,12940.659301694574,-136.04999377687506,144.34317318843688,-35.65682681156312,False,False,3051770.6717392723,1561130.4417364264,False
5.1666,38.006557,128.195703,2892.2340936,169.563,-51.808,18.638,1.0,37.891833,128.181306,4926.889003200001,18.03,-26.483,181.08,1.0,2477.47997171427,1756.7450637422974,12993.728344315554,135.8999499209846,144.2312865590468,-35.768713440953206,False,False,3097316.6325966725,1591392.8855346956,False
5.1833,38.00677,128.195796,2859.5662392000004,169.617,-52.042,18.618,1.0,37.891598,128.181296,4913.99322,18.29,-26.545,181.099,1.0,2465.9787318573017,1747.2544917919845,13046.72656148437,135.73558007742426,144.11931093709896,-35.880689062901055,False,False,3068568.3182459236,1574638.9411545459,False
5.2,38.006982,128.195889,2826.7462896,169.981,-52.275,18.63,1.0,37.891364,128.181287,4901.0639088,18.552,-26.607,181.119,1.0,2469.3885681919264,1742.0212129918539,13099.527741805412,-135.56594253624445,144.00724443311756,-35.99275556688243,False,False,3076660.861859392,1565381.9716380385,False
5.2166,38.007194,128.195981,2793.769368,170.028,-52.475,18.751,1.0,37.891129,128.181277,4888.1013744,18.819,-26.668,181.139,1.0,2490.7597515693215,1759.5609869316716,13152.469604319002,-135.4065639982104,143.89614113907683,-36.103858860923175,False,False,3129339.5883915313,1595963.3327092389,False
5.2333,38.007404,128.196073,2760.6394368,169.768,-52.683,18.836,1.0,37.890895,128.181268,4875.1056168000005,19.088,-26.729,181.159,1.0,2475.5957196586137,1743.7931822395383,13205.105657353162,-135.24690820080957,143.78473946017124,-36.21526053982874,False,False,3091359.7083289195,1568215.7857095397,False
5.25,38.007614,128.196165,2727.3592392000005,169.526,-52.893,18.924,1.0,37.89066,128.181258,4862.076940800001,19.361,-26.79,181.179,1.0,2482.811857166663,1750.7859646304787,13257.890387769445,135.08491154171753,143.67329967996372,-36.32670032003628,False,False,3108923.616526787,1580306.4338050343,False
5.2666,38.007823,128.196257,2693.9354808,169.599,-53.146,18.9,1.0,37.890426,128.181248,4849.015041600001,19.637,-26.851,181.2,1.0,2500.950848632759,1756.231202385638,13310.486263456158,134.9038225452328,143.56176333852895,-36.438236661471045,False,False,3153796.056021246,1589726.6114741585,False
5.2833,38.008031,128.196349,2660.3648088,169.968,-53.393,18.908,1.0,37.890191,128.181238,4835.919919200001,19.917,-26.911,181.221,1.0,2489.3439755023887,1752.562582157558,13363.11265305086,-134.72221716033002,143.4511539418455,-36.54884605815452,False,False,3124505.9807372373,1583161.976265006,False
5.3,38.008238,128.19644,2626.6408224,170.012,-53.602,19.03,1.0,37.889957,128.181227,4822.7921832,20.2,-26.971,181.243,1.0,2492.054991969655,1747.6510053438496,13415.552351752875,-134.55547104004137,143.34040352101945,-36.65959647898054,False,False,3130927.5887214276,1574437.4532030625,False
5.3166,38.008444,128.196532,2592.7671792,169.763,-53.816,19.117,1.0,37.889723,128.181217,4809.6315288,20.487,-27.031,181.265,1.0,2511.699453191711,1758.9046959109855,13467.91424415823,-134.39080933555053,143.22949403762254,-36.77050596237747,False,False,3179743.4318396724,1594039.2376807649,False
5.3333,38.008649,128.196623,2558.7454032000005,169.526,-54.033,19.204,1.0,37.889489,128.181206,4796.437956,20.777,-27.091,181.288,1.0,2499.2116964972665,1749.4278145932856,13520.198308707668,-134.22353244748487,143.1185483007318,-36.88145169926823,False,False,3148122.2725626635,1577285.827517527,False
5.35,38.008853,128.196714,2524.5770184000003,169.301,-54.251,19.294,1.0,37.889255,128.181195,4783.2117696000005,21.071,-27.15,181.31,1.0,2502.744741544764,1750.3106140909285,13572.40456990508,134.05497387558384,143.00833142414498,-36.99166857585502,False,False,3156623.2638824764,1578700.9066000297,False
5.3666,38.009056,128.196805,2490.2669016000004,169.401,-54.513,19.265,1.0,37.88902,128.181184,4769.9529696,21.369,-27.21,181.334,1.0,2521.17875729124,1767.720234696445,13624.641613063224,133.86684005752906,142.8973097006696,-37.1026902993304,False,False,3202592.339018876,1609194.673366955,False
5.3833,38.009258,128.196896,2455.8117,169.773,-54.767,19.267,1.0,37.888786,128.181173,4756.661556,21.67,-27.269,181.357,1.0,2509.62603751323,1752.081408866328,13676.691841375075,-133.6805978156898,142.7869412725229,-37.213058727477105,False,False,3173194.7098899833,1581541.546695656,False
5.4,38.00946,128.196987,2421.2050128,169.809,-54.979,19.391,1.0,37.888552,128.181162,4743.337224,21.975,-27.328,181.381,1.0,2517.088429712584,1752.977706076533,13728.774840391077,-133.51205143811023,142.67660503453024,-37.32339496546978,False,False,3191610.991635256,1582981.6669884112,False
5.4166,38.00966,128.197078,2386.4495832000002,169.569,-55.197,19.48,1.0,37.888318,128.18115,4729.980888,22.283,-27.386,181.406,1.0,2532.5049347836843,1764.5987079268002,13780.681159641137,-133.34457971310246,142.5670978516285,-37.43290214837152,False,False,3230193.698156945,1603289.5670837716,False
5.4333,38.009859,128.197168,2351.5478496,169.335,-55.417,19.569,1.0,37.888085,128.181138,4716.5916336,22.595,-27.445,181.431,1.0,2520.0834707735116,1749.0099025345685,13832.39272293911,-133.17546319678837,142.45640683980406,-37.54359316019595,False,False,3198471.156552214,1575771.7829256337,False
5.45,38.010058,128.197258,2316.5007264,169.11,-55.639,19.658,1.0,37.887851,128.181127,4703.1700704,22.911,-27.503,181.456,1.0,2527.307834436986,1755.6353532497494,13884.236915923493,133.00444653057923,142.3467663461386,-37.653233653861435,False,False,3216359.5568518345,1587250.0895610745,False
5.4666,38.010255,128.197348,2281.3127856,169.217,-55.906,19.625,1.0,37.887617,128.181114,4689.7161984,23.231,-27.561,181.482,1.0,2542.5864674768545,1767.483679335934,13935.91277155496,132.81299158385536,142.23696106048698,-37.76303893951304,False,False,3254745.008327119,1607989.6837164848,False
5.4833,38.010452,128.197438,2245.9806744,169.572,-56.165,19.623,1.0,37.887383,128.181102,4676.2300176,23.555,-27.618,181.508,1.0,2534.5629463231403,1757.591104848842,13987.61233477855,-132.62336913688927,142.1281280260464,-37.87187197395362,False,False,3234030.2108177235,1590421.3970239835,False
5.5,38.010647,128.197528,2210.497992,169.585,-56.378,19.748,1.0,37.88715,128.18109,4662.711528000001,23.883,-27.676,181.535,1.0,2535.2327067011465,1752.5708415783688,14039.018816961485,-132.45537387508165,142.01808254926755,-37.98191745073247,False,False,3235380.0186968576,1581477.857381417,False
5.5166,38.010841,128.197618,2174.8683960000003,169.347,-56.599,19.842,1.0,37.886916,128.181077,4649.1607296,24.214,-27.733,181.562,1.0,2554.5048975934264,1770.1687378554186,14090.467962615525,-132.28545534123484,141.90893078955634,-38.091069210443685,False,False,3284075.8090700344,1612341.3723092547,False
5.5333,38.011035,128.197707,2139.0937152,169.11,-56.821,19.934,1.0,37.886683,128.181064,4635.5779272,24.55,-27.791,181.589,1.0,2545.5426015646735,1754.5501278606075,14141.83262631423,132.11511473563803,141.79867747607756,-38.20132252392243,False,False,3260870.9115724894,1584682.5658676128,False
5.55,38.011227,128.197797,2103.1788264,169.212,-57.091,19.902,1.0,37.886449,128.181051,4621.962816,24.889,-27.848,181.617,1.0,2546.8532907204785,1761.348175279028,14193.13024613744,131.92099318524347,141.68937092382254,-38.31062907617747,False,False,3263855.980864781,1596499.6689289073,False
5.5666,38.011418,128.197886,2067.1197672000003,169.543,-57.352,19.899,1.0,37.886216,128.181038,4608.315700800001,25.232,-27.904,181.646,1.0,2565.205934066639,1766.9190179022964,14244.234706302961,-131.73035268372777,141.58097359531507,-38.41902640468492,False,False,3310412.262150361,1606193.5470796584,False
5.5833,38.011608,128.197975,2030.911356,169.53,-57.566,20.025,1.0,37.885982,128.181024,4594.6362768,25.58,-27.961,181.675,1.0,2554.110861959399,1763.3459471895414,14295.383195250879,-131.56246329980164,141.47147689901075,-38.528523100989254,False,False,3281657.584438809,1599752.4545787713,False
5.6,38.011797,128.198063,1994.5572504000002,169.286,-57.788,20.124,1.0,37.885749,128.18101,4580.9248488,25.931,-28.017,181.705,1.0,2557.277074869111,1758.3463266333288,14346.339268220685,-131.39185731333748,141.3628809747221,-38.6371190252779,False,False,3289392.943685193,1590814.428860945,False
5.6166,38.011985,128.198152,1958.0589744000001,169.042,-58.012,20.22,1.0,37.885516,128.180997,4567.181112,26.287,-28.074,181.735,1.0,2577.7502511767448,1769.6347528952285,14397.22087261951,131.2200993359684,141.25315264562482,-38.746847354375184,False,False,3341600.177762185,1610592.325979273,False
5.6333,38.012172,128.19824,1921.4217096000002,169.141,-58.285,20.191,1.0,37.885283,128.180982,4553.405676,26.647,-28.13,181.765,1.0,2565.220973843901,1760.3672994667577,14448.03661794183,131.02308460738345,141.14426525157626,-38.85573474842376,False,False,3309022.032532775,1594100.170288488,False
5.65,38.012358,128.198328,1884.6414936,169.447,-58.55,20.189,1.0,37.88505,128.180968,4539.598236,27.011,-28.186,181.797,1.0,2569.3220206254628,1761.0382403789704,14498.768995047521,-130.82901969197695,141.03548174139956,-38.96451825860044,False,False,3319189.842338668,1595146.0930795996,False
5.6666,38.012542,128.198416,1847.7128400000001,169.406,-58.764,20.317,1.0,37.884817,128.180953,4525.758487200001,27.379,-28.241,181.828,1.0,2586.042613582117,1772.7906589721463,14549.328845017619,-130.66222734071016,140.92731558918345,-39.072684410816535,False,False,3361928.0727537,1615775.889737948,False
5.6833,38.012726,128.198504,1810.640016,169.153,-58.987,20.422,1.0,37.884584,128.180939,4511.887039200001,27.751,-28.297,181.86,1.0,2577.987295665644,1762.8409825709573,14599.914845961726,-130.4907933273783,140.81823204224602,-39.181767957753976,False,False,3340765.561219637,1598050.6619488397,False
5.7,38.012908,128.198591,1773.4248504000002,168.894,-59.212,20.523,1.0,37.884351,128.180924,4497.9832824000005,28.128,-28.353,181.893,1.0,2578.096379435195,1763.9809329276254,14650.31846417504,130.31844377817416,140.70903222574228,-39.290967774257744,False,False,3340681.827637606,1599924.5136224558,False
5.7166,38.013089,128.198678,1736.07222,168.988,-59.488,20.498,1.0,37.884118,128.180908,4484.0478264,28.508,-28.408,181.926,1.0,2597.647927187065,1775.7539513006732,14700.657240224713,130.11842230464748,140.60067876764415,-39.39932123235583,False,False,3390912.4294458902,1620624.5353967424,False
5.7333,38.013269,128.198765,1698.5778576,169.271,-59.754,20.497,1.0,37.883885,128.180893,4470.0803664000005,28.894,-28.463,181.96,1.0,2586.3489356813297,1765.7845476061711,14750.913518321295,-129.92388889431697,140.4923213657205,-39.50767863427949,False,False,3361257.767097207,1602834.047907522,False
5.75,38.013448,128.198852,1660.9374960000002,169.196,-59.968,20.63,1.0,37.883653,128.180877,4456.0809024,29.283,-28.518,181.995,1.0,2590.86497353314,1761.0794887289703,14800.998329064922,-129.75763710497176,140.3838005299695,-39.616199470030494,False,False,3372578.8882355876,1594399.7085924668,False
5.7666,38.013626,128.198938,1623.1547928,168.924,-60.19,20.741,1.0,37.88342,128.180861,4442.0494344,29.677,-28.573,182.03,1.0,2609.9377019296085,1778.4956023867135,14851.109879422449,-129.58741153455878,140.27525471763278,-39.72474528236724,False,False,3421805.114925615,1625084.927940298,False
5.7833,38.013802,128.199024,1585.2321864,168.644,-60.414,20.849,1.0,37.883188,128.180845,4427.9859624,30.075,-28.628,182.065,1.0,2595.565086642174,1762.9071941710802,14900.931343624592,129.4161803834856,140.16640945984807,-39.83359054015194,False,False,3384024.876718657,1597344.5961682452,False
5.8,38.013978,128.19911,1547.1742488,168.73,-60.694,20.829,1.0,37.882955,128.180828,4413.8907912,30.478,-28.682,182.102,1.0,2602.657613158381,1769.9201490587252,14950.906097758527,129.21202521702,140.05878551309672,-39.94121448690328,False,False,3402085.922012635,1609594.1491495515,False
5.8166,38.014152,128.199196,1508.9770176000002,168.989,-60.962,20.831,1.0,37.882723,128.180812,4399.7633112,30.885,-28.737,182.138,1.0,2619.6852963249003,1775.3723029383234,15000.581728176045,-129.01587514233705,139.94979839335758,-40.050201606642425,False,False,3446173.535360087,1619120.3458960424,False
5.8333,38.014325,128.199282,1470.6362256,168.88,-61.175,20.969,1.0,37.88249,128.180795,4385.6038272000005,31.296,-28.792,182.176,1.0,2608.5987964132532,1771.7598698520262,15050.304021392489,-128.85105417604933,139.84092031572806,-40.15907968427194,False,False,3416815.855066117,1612574.5999810451,False
5.85,38.014496,128.199367,1432.1558352,168.589,-61.398,21.088,1.0,37.882258,128.180778,4371.4123392,31.713,-28.846,182.214,1.0,2609.2054574319664,1766.8403924542667,15099.727877686648,128.68005600406863,139.73275896643153,-40.26724103356847,False,False,3418021.2105676425,1603731.3970201893,False
5.8666,38.014667,128.199452,1393.5410279999999,168.66,-61.678,21.073,1.0,37.882026,128.18076,4357.1885424,32.133,-28.9,182.252,1.0,2632.0770169682337,1778.6965993145086,15149.197067853276,128.4756056709284,139.62454765054963,-40.375452349450356,False,False,3477580.680748434,1624610.2192258257,False
5.8833,38.014836,128.199536,1354.7881464,168.894,-61.947,21.078,1.0,37.881794,128.180742,4342.9330464,32.558,-28.954,182.292,1.0,2616.9709079278073,1768.9609220758396,15198.476614748777,-128.27854770995563,139.51633607000636,-40.48366392999365,False,False,3437554.2996461396,1607200.9962751807,False
5.9,38.015004,128.199621,1315.8935328,168.75,-62.158,21.222,1.0,37.881562,128.180724,4328.6452416,32.988,-29.009,182.331,1.0,2622.53375948831,1769.8953300761832,15247.694924231406,-128.1159196424028,139.4068721684918,-40.59312783150822,False,False,3451746.1671413775,1608714.2485712774,False
5.9166,38.015171,128.199705,1276.8611495999999,168.435,-62.38,21.348,1.0,37.88133,128.180706,4314.325128,33.422,-29.063,182.372,1.0,2641.9640001787957,1781.4990175549162,15296.832356998335,127.94575866888366,139.29848609445116,-40.70151390554885,False,False,3502508.6195130963,1629178.451291067,False
5.9333,38.015336,128.199789,1237.6958736,168.494,-62.662,21.338,1.0,37.881098,128.180687,4299.9727056,33.861,-29.117,182.413,1.0,2627.620323746886,1772.0580114488337,15345.798901682008,127.73919321702469,139.18988036366235,-40.81011963633765,False,False,3464331.933122684,1612263.1253033697,False
5.95,38.0155,128.199872,1198.3949616000002,168.708,-62.932,21.348,1.0,37.880867,128.180669,4285.5882792,34.305,-29.171,182.455,1.0,2631.2211432283875,1766.8872342927157,15394.566666085073,-127.5410274662549,139.08120304483415,-40.91879695516588,False,False,3473414.592236226,1602972.5136514977,False
5.9666,38.015663,128.199955,1158.9541464,168.53,-63.142,21.498,1.0,37.880635,128.180649,4271.171544000001,34.753,-29.225,182.498,1.0,2651.8410417310643,1784.9213753104464,15443.391881229996,127.37959552241703,138.97251877069255,-41.02748122930747,False,False,3527495.9129844415,1634858.0424420354,False
5.9833,38.015825,128.200038,1119.3807432,168.59,-63.421,21.497,1.0,37.880403,128.18063,4256.7221952,35.206,-29.279,182.541,1.0,2640.34412146201,1774.8801796399725,15492.135984863433,127.17469924351829,138.86374563639117,-41.13625436360885,False,False,3496685.9150347994,1616844.0107549687,False
6.0,38.015985,128.200121,1079.6720088000002,168.781,-63.689,21.51,1.0,37.880172,128.18061,4242.2405376,35.663,-29.332,182.585,1.0,2642.2098228533596,1770.3271517069006,15540.602517873283,-126.97842726573114,138.75573761677927,-41.244262383220715,False,False,3501224.339496489,1608631.280203389,False
6.0166,38.016144,128.200203,1039.8248952,168.572,-63.896,21.667,1.0,37.879941,128.18059,4227.7262664,36.125,-29.386,182.629,1.0,2662.073773761699,1781.954979044026,15588.989623244592,-126.81978123087738,138.64662217996727,-41.35337782003273,False,False,3553515.5872834404,1629141.6054602892,False
6.0333,38.016301,128.200285,999.844584,168.212,-64.115,21.81,1.0,37.879709,128.18057,4213.1793816,36.592,-29.44,182.674,1.0,2648.030168955532,1778.0383185511569,15637.306130934263,126.65198759404656,138.5374768728278,-41.462523127172204,False,False,3515837.013739016,1622027.3067006802,False
6.05,38.016457,128.200366,959.7353424,168.252,-64.396,21.815,1.0,37.879478,128.18055,4198.600188,37.064,-29.494,182.72,1.0,2651.543930250834,1773.1953821806048,15685.433482648687,126.44505794545066,138.42824612894793,-41.571753871052074,False,False,3524754.3956205663,1613285.1342269608,False
6.0666,38.016612,128.200447,919.4944272,168.433,-64.666,21.842,1.0,37.879247,128.180529,4183.987771200001,37.541,-29.548,182.767,1.0,2672.0882045466733,1785.1852648944052,15733.500000819276,126.2455338383971,138.31896673200697,-41.68103326799302,False,False,3579044.8464632328,1634474.1186744922,False
6.0833,38.016766,128.200528,879.1206192,168.625,-64.929,21.882,1.0,37.879016,128.180507,4169.343045600001,38.022,-29.602,182.814,1.0,2660.7300642100145,1775.7855128530248,15781.506405983526,-126.05096888640925,138.2095466052388,-41.7904533947612,False,False,3548363.4655157914,1617594.3818074733,False
6.1,38.016918,128.200608,838.613004,168.385,-65.13,22.078,1.0,37.878785,128.180486,4154.6650968,38.508,-29.656,182.862,1.0,2662.0773823665445,1776.4337966342837,15829.315435924917,-125.89416824760654,138.10003831890177,-41.899961681098254,False,False,3551551.9790694336,1618601.8633837814,False
6.1166,38.017068,128.200688,797.9764584,168.013,-65.342,22.283,1.0,37.878554,128.180464,4139.9542296,38.999,-29.71,182.911,1.0,2680.130196957296,1788.4540378928205,15876.95577860908,125.72609454145584,137.990396875236,-42.009603124764006,False,False,3599374.4121569456,1639883.0049732737,False
6.1333,38.017217,128.200768,757.2146400000001,168.102,-65.627,22.274,1.0,37.878324,128.180442,4125.2101392,39.494,-29.764,182.961,1.0,2668.446516195857,1772.964040812643,15924.417105630835,125.51827493723049,137.88065215687305,-42.11934784312696,False,False,3567729.143848259,1612155.2370189333,False
6.15,38.017365,128.200847,716.3275488,168.268,-65.91,22.249,1.0,37.878093,128.18042,4110.432825600001,39.995,-29.818,183.011,1.0,2672.021661533722,1779.7196831511965,15971.905948444073,-125.31421547942276,137.77091481173713,-42.22908518826287,False,False,3576874.6534091565,1624010.6513670678,False
6.1666,38.017512,128.200926,675.3157944000001,167.963,-66.127,22.45,1.0,37.877863,128.180397,4095.6222888,40.5,-29.872,183.062,1.0,2692.538463599752,1785.9942357852435,16019.225941413031,125.1429786311684,137.66105375407932,-42.338946245920695,False,False,3631504.274617209,1635052.0394475185,False
6.1833,38.017657,128.201004,634.1833392,168.026,-66.427,22.336,1.0,37.877632,128.180374,4080.7785288,41.01,-29.927,183.114,1.0,2677.4001282130776,1782.050891753516,16066.464773535923,124.93458352748965,137.55020591409655,-42.44979408590347,False,False,3590454.937321068,1627871.4571592074,False
6.2,38.0178,128.201083,592.9295736,168.087,-66.71,22.344,1.0,37.877402,128.180351,4065.900936,41.525,-29.981,183.166,1.0,2680.1199451593297,1777.308989771106,16113.426469075663,124.72638889275154,137.44007405594616,-42.55992594405386,False,False,3597336.113023369,1619286.4899746194,False
6.2166,38.017943,128.20116,551.5514496,168.239,-66.986,22.386,1.0,37.877172,128.180327,4050.9895103999997,42.045,-30.036,183.22,1.0,2701.5603862386724,1789.40616781573,16160.416057216336,-124.5203893607345,137.32910174253422,-42.67089825746578,False,False,3654623.132270242,1640713.8529906524,False
6.2333,38.018084,128.201237,510.0489672,168.405,-67.26,22.441,1.0,37.876942,128.180303,4036.0445568,42.57,-30.09,183.274,1.0,2687.5643153116807,1779.6998799397268,16207.227786290563,-124.3148349380449,137.2189334503244,-42.78106654967558,False,False,3616502.8461725637,1623245.9076816817,False
6.25,38.018223,128.201314,468.42090720000004,168.116,-67.469,22.678,1.0,37.876712,128.180279,4021.0654656,43.099,-30.145,183.329,1.0,2689.8978325956627,1780.7286773323076,16253.86207437636,-124.1485129555004,137.10764671855034,-42.892353281449665,False,False,3622368.814791015,1624930.492785061,False
6.2666,38.018361,128.20139,426.6687936000001,167.623,-67.692,22.806,1.0,37.876482,128.180254,4006.0525416000005,43.633,-30.2,183.384,1.0,2709.9441218871348,1792.8663756919261,16300.426802282102,123.98275336248618,136.99625527612548,-43.00374472387454,False,False,3676082.7634000746,1646470.875700433,False
6.2833,38.018498,128.201466,384.79780800000003,167.556,-67.973,22.777,1.0,37.876253,128.180229,3991.0051752000004,44.172,-30.255,183.44,1.0,2698.0611384899657,1777.4440133736946,16346.813061008383,123.78171160468375,136.88476070729706,-43.115239292702945,False,False,3643540.530938708,1618792.0012403685,False
6.3,38.018633,128.201542,342.810084,167.678,-68.269,22.751,1.0,37.876023,128.180203,3975.9233664000003,44.716,-30.31,183.498,1.0,2700.085797887636,1784.610620115329,16393.138487147018,123.5659279455901,136.7733107182718,-43.22668928172823,False,False,3648593.4764875146,1631408.0215953162,False
6.3166,38.018766,128.201617,300.7062312,167.788,-68.621,22.71,1.0,37.875794,128.180178,3960.8071152,45.265,-30.366,183.556,1.0,2717.6615266523313,1790.2587429817581,16439.1574632526,123.29876910585523,136.66063072006958,-43.33936927993042,False,False,3695791.0074853376,1641355.4325075883,False
6.3333,38.018898,128.201691,258.49021200000004,167.828,-68.85,22.756,1.0,37.875565,128.180152,3945.6561168000003,45.819,-30.421,183.614,1.0,2704.7228639171826,1780.994330223719,16485.10491169705,123.1377750620955,136.5488773095805,-43.45112269041952,False,False,3660297.808335693,1624664.0707023335,False
