time_sec,own_lat,own_lon,own_alt_m,own_roll_deg,own_pitch_deg,own_yaw_deg,own_health,target_lat,target_lon,target_alt_m,target_roll_deg,target_pitch_deg,target_yaw_deg,target_health,derived_own_speed_ms,derived_target_speed_ms,derived_distance_m,derived_own_ata_deg,derived_target_ata_deg,derived_target_aa_deg,derived_own_in_wez,derived_target_in_wez,derived_own_specific_energy,derived_target_specific_energy,derived_ata_sign_degenerate
0.0,37.92387,128.181881,7000.2093168,-0.027,-0.147,359.979,1.0,37.968239,128.181881,7002.7290984,0.0,-0.075,180.0,1.0,1810.6207892856228,1810.6412205537335,4939.135129760525,-0.1774771825924126,-0.04576960775728301,-179.95423039224272,False,False,1707822.4239932424,1707884.1280969814,True
0.0166,37.92414,128.181881,7000.2599136,-0.388,-0.442,359.943,1.0,37.967969,128.181881,7002.5776128,0.0,-0.185,180.0,1.0,1810.6207892856228,1810.6412205537335,4879.022512470283,-0.4726668204182348,-0.1577825835991613,-179.84221741640084,False,False,1707822.9201783512,1707882.6425307223,True
0.0333,37.92441,128.181881,7000.279116,-1.286,-0.725,359.937,1.0,37.9677,128.181881,7002.3919896,0.0,-0.287,180.0,1.0,1799.776565754169,1793.1448107400627,4819.021219629678,-0.7527618113865854,-0.261878976814596,-179.7381210231854,False,False,1688247.1305118569,1676354.1635468183,True
0.05,37.924679,128.181881,7000.2504648,-2.354,-0.971,359.945,1.0,37.967431,128.181881,7002.1704,0.001,-0.381,180.0,1.0,1793.1111814073308,1793.1594540607462,4759.131257665495,-0.9956344920858589,-0.35788565813305284,-179.64211434186694,False,False,1676272.8606646277,1676378.2481968766,True
0.0666,37.924949,128.181881,7000.1651208,-3.467,-1.186,359.959,1.0,37.967162,128.181881,7001.9122344,0.001,-0.469,180.0,1.0,1810.6255228847874,1803.9792692251804,4699.12998964105,-1.207998173738776,-0.44769770827121547,-179.55230229172878,False,False,1707830.5613427984,1695835.9045105868,True
0.0833,37.925219,128.181881,7000.0179024,-4.587,-1.38,359.978,1.0,37.966893,128.181881,7001.616273600001,0.002,-0.553,180.0,1.0,1799.7977878677725,1793.197937238711,4639.128734671342,-1.3999136052445589,-0.5332592402788239,-179.46674075972118,False,False,1688282.7641694346,1676441.8212880832,True
0.1,37.925489,128.181881,6999.805456800001,-5.706,-1.558,359.999,1.0,37.966625,128.181881,7001.2822128,0.004,-0.634,180.0,1.0,1799.8211566158545,1786.5565144058576,4579.238811391369,-1.5764775992544646,-0.6155227178313172,-179.3844772821687,False,False,1688322.740083944,1664551.2137951588,True
0.1166,37.925758,128.18188,6999.5250408,-6.82,-1.726,0.022,1.0,37.966357,128.181881,7000.909747200001,0.005,-0.714,180.0,1.0,1803.9990780970156,1797.346295984103,4519.46021969764,-1.7436797780678641,-0.6964461751963006,-179.30355382480369,False,False,1695848.2291288024,1683882.3254162665,True
0.1333,37.926028,128.18188,6999.1751304,-7.931,-1.885,0.047,1.0,37.966089,128.181881,7000.498572,0.007,-0.793,180.001,1.0,1799.8981584831695,1786.614183430179,4459.570317908406,-1.902556227881473,-0.7759966641176639,-179.22400333588234,False,False,1688455.1512480895,1664646.5595380466,True
0.15,37.926298,128.18188,6998.753896800001,-9.039,-2.039,0.074,1.0,37.965822,128.181881,7000.0483824,0.008,-0.871,180.001,1.0,1799.952941905624,1779.982829305642,4399.791745418314,-2.0571473058930385,-0.8541427226933994,-179.14585727730662,False,False,1688549.6264394089,1652816.4607807223,True
0.1666,37.926568,128.18188,6998.2601208,-10.146,-2.187,0.102,1.0,37.965555,128.181881,6999.558873600001,0.01,-0.949,180.001,1.0,1810.862542937406,1790.7430559604866,4340.0131827720425,-2.2064502526793244,-0.9318542004416867,-179.06814579955832,False,False,1708241.0623205076,1672022.5702631406,True
0.1833,37.926838,128.18188,6997.693497600001,-11.252,-2.333,0.132,1.0,37.965289,128.181881,6999.0303504,0.012,-1.028,180.001,1.0,1800.0959912039216,1773.395266618332,4280.345950158428,-2.3545301312590454,-1.0101051942519435,-178.98989480574807,False,False,1688796.7197124534,1641102.4268179028,True
0.2,37.927108,128.181879,6997.0525032,-12.36,-2.475,0.162,1.0,37.965022,128.181881,6998.4622032,0.014,-1.107,180.002,1.0,1800.1931167809705,1780.1038122106318,4220.567413015227,-2.499236260227342,-1.0878628632753227,-178.91213713672468,False,False,1688965.273783299,1653016.2604884233,True
0.2166,37.927379,128.181879,6996.3371376000005,-13.47,-2.616,0.195,1.0,37.964756,128.18188,6997.854736800001,0.016,-1.186,180.002,1.0,1817.8350943381533,1784.1774085849277,4160.788885070041,-2.644004513943665,-1.1651023007850476,-178.83489769921496,False,False,1720872.8446941464,1660270.0248070536,True
0.2333,37.927649,128.181878,6995.546181600001,-14.583,-2.754,0.228,1.0,37.964491,128.18188,6997.2070368,0.018,-1.266,180.002,1.0,1800.406962257558,1766.8727372847302,4101.233019860091,-2.786339465760898,-1.2427973055551398,-178.75720269444486,False,False,1689335.4878345316,1629538.7952674523,True
0.25,37.927919,128.181878,6994.6793304,-15.7,-2.892,0.262,1.0,37.964225,128.18188,6996.5200176,0.021,-1.346,180.003,1.0,1800.5245701949068,1773.590024926934,4041.565855716484,-2.9296016435218335,-1.3199053582565399,-178.68009464174347,False,False,1689538.7359932442,1641423.211290758,True
0.2666,37.928189,128.181877,6993.736279200001,-16.823,-3.028,0.296,1.0,37.96396,128.18188,6995.7927648,0.023,-1.426,180.003,1.0,1811.51697299042,1777.6282018006063,3982.010044909804,3.0715085359763687,-1.3964101550066004,-178.60358984499342,False,False,1709381.9955986037,1648586.3030353545,False
0.2833,37.92846,128.181877,6992.715808800001,-17.952,-3.163,0.332,1.0,37.963696,128.18188,6995.0252784,0.026,-1.507,180.003,1.0,1807.4752487545952,1760.3811642169314,3922.454266324693,3.2135164964557186,-1.473265531090987,-178.526734468909,False,False,1702058.5039166114,1618068.6863113008,False
0.3,37.92873,128.181876,6991.617919200001,-19.088,-3.298,0.368,1.0,37.963431,128.18188,6994.217558400001,0.028,-1.588,180.004,1.0,1800.9841770976366,1767.1090381744414,3862.8985407343234,3.3562027635592617,-1.5494417670998484,-178.45055823290014,False,False,1690336.3529453482,1629927.020017983,False
0.3166,37.929001,128.181875,6990.441696000001,-20.232,-3.431,0.405,1.0,37.963167,128.18188,6993.3696048,0.031,-1.669,180.004,1.0,1818.7127255402695,1771.1190479565435,3803.3428747745215,3.4978418509154645,-1.624894368980416,-178.37510563101958,False,False,1722410.804079136,1637012.8690521584,False
0.3333,37.929272,128.181875,6989.1868343999995,-21.382,-3.563,0.443,1.0,37.962903,128.18188,6992.4811128,0.034,-1.751,180.004,1.0,1808.004165408534,1760.5852277093904,3743.7872699851932,3.639625910776871,-1.7005857745937312,-178.29941422540628,False,False,1702980.0401368735,1618402.9869191032,False
0.35,37.929543,128.181874,6987.852420000001,-22.54,-3.694,0.48,1.0,37.96264,128.18188,6991.5520824000005,0.037,-1.834,180.005,1.0,1808.216052482657,1753.9977576748854,3684.3430819800215,3.781045508059064,-1.7764688471271861,-178.22353115287282,False,False,1703350.0691625744,1606817.771193131,False
0.3666,37.929813,128.181873,6986.438148,-23.706,-3.825,0.518,1.0,37.962376,128.18188,6990.5822088,0.039,-1.916,180.005,1.0,1812.629272063878,1771.3460896978006,3624.8989996072423,3.923516186184154,-1.8505042516909536,-178.14949574830905,False,False,1711325.9926354964,1637387.6777617729,False
0.3833,37.930084,128.181872,6984.943408800001,-24.88,-3.954,0.556,1.0,37.962113,128.18188,6989.571492000001,0.042,-1.999,180.005,1.0,1808.6657182527567,1754.1597083897275,3565.4550435305277,4.064975763146863,-1.924638358331418,-178.0753616416686,False,False,1704134.7354712887,1607082.4225409888,False
0.4,37.930356,128.181871,6983.367897600001,-26.062,-4.082,0.595,1.0,37.961851,128.18188,6988.5196272,0.045,-2.083,180.006,1.0,1815.5682904708406,1747.5849245924744,3506.0112365831283,4.206590431679917,-1.998821562475369,-178.00117843752463,False,False,1716627.5534746042,1595560.5003335231,False
0.4166,37.930627,128.18187,6981.7107000000005,-27.254,-4.209,0.633,1.0,37.961588,128.18188,6987.4269192,0.049,-2.167,180.006,1.0,1820.0718536945276,1764.90425191912,3446.5676065644925,4.348148180523676,-2.0719912927207087,-177.9280087072793,False,False,1724797.969541672,1625966.759418267,False
0.4333,37.930898,128.181869,6979.971511200001,-28.456,-4.336,0.672,1.0,37.961326,128.18188,6986.293063200001,0.052,-2.251,180.006,1.0,1809.4491556766734,1747.768763680867,3387.235502503236,4.490959885642481,-2.1440945104804787,-177.85590548951953,False,False,1705503.2611098224,1595859.9565175036,False
0.45,37.93117,128.181868,6978.1497216,-29.668,-4.462,0.711,1.0,37.961064,128.18188,6985.1177544,0.055,-2.335,180.007,1.0,1816.3943016539279,1747.8669497084622,3327.79231976484,4.633957873840748,-2.2150568328153,-177.7849431671847,False,False,1718076.4015077588,1596020.0419677687,False
0.4666,37.931441,128.181867,6976.2450264,-30.89,-4.587,0.75,1.0,37.960803,128.18188,6983.9009928000005,0.058,-2.42,180.007,1.0,1820.9504962456542,1751.7984438074216,3268.57205430348,4.777189914470316,-2.2858331516776627,-177.71416684832235,False,False,1726343.9481767926,1602887.566534094,False
0.4833,37.931713,128.181866,6974.256511200001,-32.123,-4.711,0.789,1.0,37.960541,128.18188,6982.642778400001,0.062,-2.506,180.008,1.0,1817.0212242861385,1748.073879176859,3209.129473802274,4.920748224368187,-2.3563127237549493,-177.64368727624506,False,False,1719177.1573687082,1596357.4773330123,False
0.5,37.931985,128.181865,6972.1838712,-33.366,-4.834,0.828,1.0,37.96028,128.181879,6981.342806400001,0.065,-2.591,180.008,1.0,1817.358286627094,1741.532163184618,3149.7985480406305,5.0649385379711145,-2.424438501594373,-177.57556149840565,False,False,1719769.337946587,1584930.72313563,False
0.5166,37.932257,128.181863,6970.026801600001,-34.621,-4.956,0.867,1.0,37.960019,128.181879,6980.0010768,0.069,-2.677,180.008,1.0,1828.6835554018305,1752.1295835737847,3090.4681184625115,5.209082676766584,-2.49214675704262,-177.5078532429574,False,False,1740394.3862324506,1603429.4663770227,False
0.5333,37.932529,128.181862,6967.784083200001,-35.887,-5.078,0.905,1.0,37.959758,128.181879,6978.6175896,0.072,-2.764,180.009,1.0,1818.0821823492472,1741.7549286197695,3031.1381423355247,5.354864348421006,-2.559292408105757,-177.44070759189427,False,False,1721042.030667414,1585291.97587068,False
0.55,37.932801,128.181861,6965.4560208,-37.163,-5.198,0.944,1.0,37.959498,128.181879,6977.19204,0.076,-2.85,180.009,1.0,1818.4668103873926,1735.2187454232385,2971.9200387133756,5.500448215617878,-2.623827960735623,-177.3761720392644,False,False,1721718.559526627,1573914.9275531648,False
0.5666,37.933073,128.18186,6963.0413952,-38.451,-5.317,0.982,1.0,37.959238,128.181879,6975.724123200001,0.08,-2.937,180.009,1.0,1829.8285751337455,1745.7992863222962,2912.7025666739787,5.646609672489183,-2.6876226943963952,-177.31237730560363,False,False,1742420.4170862345,1592316.0590344986,False
0.5833,37.933346,128.181858,6960.540511200001,-39.749,-5.436,1.02,1.0,37.958978,128.181879,6974.2144488,0.083,-3.024,180.01,1.0,1825.9553798518932,1735.4738487975335,2853.3745481983897,5.794318164945497,-2.749558912040824,-177.2504410879592,False,False,1735316.1092091952,1574328.4200543866,False
0.6,37.933618,128.181857,6957.952149600001,-41.059,-5.553,1.057,1.0,37.958718,128.181879,6972.6621024,0.087,-3.112,180.01,1.0,1819.7280663127906,1735.6088238084326,2794.1586075759005,5.942118551930585,-2.81051868484204,-177.18948131515796,False,False,1723939.3191111188,1574547.4514473462,False
0.6166,37.933891,128.181856,6955.2763104000005,-42.38,-5.669,1.094,1.0,37.958458,128.181879,6971.0673888,0.091,-3.2,180.011,1.0,1837.826676986006,1746.2028500822844,2734.832265772171,6.091026334971058,-2.869339716906472,-177.13066028309353,False,False,1757011.4077500969,1592975.014826122,False
0.6333,37.934164,128.181854,6952.5126887999995,-43.713,-5.784,1.131,1.0,37.958199,128.181879,6969.430308,0.095,-3.288,180.011,1.0,1827.3129587849387,1729.2328048073052,2675.618346426388,6.240832527069214,-2.9259444699486767,-177.07405553005134,False,False,1737717.1832313042,1563469.810340818,False
0.65,37.934437,128.181853,6949.660370400001,-45.058,-5.899,1.167,1.0,37.95794,128.181879,6967.7502504,0.099,-3.377,180.011,1.0,1827.7789231474767,1729.3806008154816,2616.4055259174775,6.393155426676861,-2.981107441831528,-177.01889255816846,False,False,1738540.7828224578,1563708.919231543,False
0.6666,37.93471,128.181852,6946.719355200001,-46.415,-6.012,1.202,1.0,37.957681,128.181878,6966.0278256,0.103,-3.466,180.012,1.0,1839.2966283804617,1739.9569256371742,2557.19393901052,6.54622668355331,-3.0336280073990287,-176.96637199260098,False,False,1759630.0889505392,1582038.4483123037,False
0.6833,37.934984,128.18185,6943.6893384,-47.783,-6.124,1.237,1.0,37.957422,128.181878,6964.2624240000005,0.107,-3.555,180.012,1.0,1835.4595569855132,1729.6854101854594,2497.872668465783,6.700363712968183,-3.083411932986861,-176.91658806701315,False,False,1752550.2237151486,1564201.89320454,False
0.7,37.935257,128.181849,6940.570015200001,-49.163,-6.235,1.272,1.0,37.957164,128.181878,6962.453740800001,0.112,-3.644,180.013,1.0,1829.3422164533226,1723.1930317487258,2438.7756003698546,6.856735606731907,-3.130213935586886,-176.86978606441312,False,False,1741310.2133887387,1552975.459310899,False
0.7166,37.935531,128.181848,6937.3604712,-50.554,-6.345,1.305,1.0,37.956905,128.181878,6960.6023856,0.116,-3.734,180.013,1.0,1847.5942433341445,1740.4293333244293,2379.4577677133825,7.014983467344533,-3.174741073966859,-176.82525892603314,False,False,1774834.5100656284,1582807.3235328028,False
0.7333,37.935805,128.181847,6934.061316,-51.957,-6.455,1.338,1.0,37.956647,128.181878,6958.7077488,0.12,-3.824,180.014,1.0,1837.1000874570843,1723.5241756164276,2320.253328682688,7.176587338044873,-3.215815160273248,-176.78418483972678,False,False,1755468.2780719649,1553509.4033119127,False
0.75,37.936079,128.181845,6930.6713304,-53.371,-6.563,1.369,1.0,37.956389,128.181878,6956.7695256,0.125,-3.914,180.014,1.0,1837.715485382001,1723.6979443518558,2261.0513393467077,7.33914545204232,-3.25319050564944,-176.74680949435057,False,False,1756565.7706086687,1553789.905549632,False
0.7666,37.936354,128.181844,6927.191124000001,-54.795,-6.67,1.4,1.0,37.956132,128.181878,6954.7883256,0.129,-4.005,180.014,1.0,1856.0344986320677,1727.5678795433016,2201.851866619284,7.505064601716753,-3.287472881942718,-176.7125271180573,False,False,1790364.56889237,1560448.564148115,False
0.7833,37.936628,128.181843,6923.620087200001,-56.231,-6.776,1.43,1.0,37.955874,128.181878,6952.7635392,0.134,-4.096,180.015,1.0,1838.922042187052,1724.0547152179186,2142.6553316155337,7.674116764323443,-3.317343204962127,-176.68265679503787,False,False,1758714.657548839,1554365.649094265,False
0.8,37.936903,128.181842,6919.957915200001,-57.676,-6.882,1.458,1.0,37.955617,128.181877,6950.6951664,0.138,-4.187,180.015,1.0,1846.1830531318428,1717.5997173292349,2083.4619630345574,7.847909949760547,-3.342408088915425,-176.65759191108458,False,False,1772057.5381247024,1543237.4292383103,False
0.8166,37.937178,128.181841,6916.204608,-59.132,-6.986,1.486,1.0,37.955359,128.181877,6948.5829023999995,0.143,-4.278,180.016,1.0,1857.9647516886973,1734.8191469585577,2024.1611076249078,8.024446880686941,-3.362264334633689,-176.6377356653663,False,False,1793841.3071778645,1572941.0568468298,False
0.8333,37.937453,128.18184,6912.360470400001,-60.598,-7.09,1.512,1.0,37.955102,128.181877,6946.427052000001,0.148,-4.37,180.016,1.0,1847.5089876918748,1717.9773423130894,1964.9757061265097,8.206132243441825,-3.3775351432154683,-176.62246485678455,False,False,1774431.8296081764,1543844.2532000686,False
0.85,37.937728,128.181839,6908.424588000001,-62.074,-7.193,1.536,1.0,37.954845,128.181877,6944.2273104000005,0.153,-4.461,180.017,1.0,1848.2015060291048,1718.1768313209295,1905.7949746233603,8.392569758891623,-3.38558753155903,-176.61441246844097,False,False,1775672.9054300357,1544165.4185975492,False
0.8666,37.938003,128.181839,6904.3978752,-63.559,-7.294,1.559,1.0,37.954589,128.181877,6941.9836776,0.158,-4.553,180.017,1.0,1860.0333974223133,1722.0466192975969,1846.7306139542031,8.58390298510899,-3.3879029942067604,-176.61209700579323,False,False,1797571.1331860267,1550799.883749077,False
0.8833,37.938279,128.181838,6900.2797224000005,-65.052,-7.396,1.581,1.0,37.954332,128.181877,6939.6958488,0.163,-4.644,180.017,1.0,1856.2314979351986,1718.5892526519624,1787.4497144261554,8.783061374988979,-3.381703816956072,-176.61829618304392,False,False,1790466.3151030496,1544829.6779610498,False
0.9,37.938555,128.181838,6896.0704344,-66.553,-7.496,1.601,1.0,37.954075,128.181876,6937.364433600001,0.168,-4.736,180.018,1.0,1856.9569092834745,1718.8073089048548,1728.1751411086543,8.988986003045405,-3.3680826537802604,-176.63191734621975,False,False,1791771.8305933257,1545181.587495138,False
0.9166,37.938831,128.181837,6891.770316,-68.063,-7.596,1.619,1.0,37.953819,128.181876,6934.9885176,0.173,-4.827,180.018,1.0,1868.9014426805138,1722.6903911797724,1669.019690460161,9.202492379035933,-3.3446749730173817,-176.6553250269826,False,False,1813981.4805960543,1551840.0970776808,False
0.9333,37.939107,128.181837,6887.3790624,-69.579,-7.695,1.635,1.0,37.953563,128.181876,6932.569015200001,0.179,-4.919,180.019,1.0,1858.4672459018655,1712.5937003378792,1609.8725805954139,9.425157339341881,-3.312060894792269,-176.68793910520773,False,False,1794492.3679273173,1534473.869151406,False
0.95,37.939383,128.181837,6882.897283200001,-71.103,-7.794,1.65,1.0,37.953307,128.181876,6930.105012,0.184,-5.01,180.019,1.0,1859.2419487714026,1712.821185662786,1550.7350923193287,9.658750440891405,-3.2672884278276006,-176.7327115721724,False,False,1795888.4766779346,1534839.321343566,False
0.9666,37.93966,128.181836,6878.324978400001,-72.633,-7.893,1.663,1.0,37.953051,128.181876,6927.5971176,0.189,-5.102,180.02,1.0,1877.8777928318732,1723.3691612745301,1491.4975227148275,9.904090637146352,-3.2109215776189415,-176.78907842238107,False,False,1830665.8280549801,1552937.1532893507,False
0.9833,37.939937,128.181836,6873.662147999999,-74.17,-7.991,1.675,1.0,37.952796,128.181876,6925.0447224,0.195,-5.194,180.02,1.0,1867.4284011784673,1706.6460846775192,1432.3835380597704,10.1626479680581,-3.140546491191555,-176.85945350880846,False,False,1811052.0156676676,1524231.9189994768,False
1.0,37.940214,128.181837,6868.909401600001,-75.713,-8.089,1.685,1.0,37.95254,128.181875,6922.448436000001,0.201,-5.286,180.021,1.0,1868.248408284253,1713.5297602773492,1373.17222284686,10.437948632569325,-3.053794105080827,-176.9462058949192,False,False,1812537.047911523,1535978.1486329744,False
1.0166,37.940491,128.181837,6864.067044,-77.262,-8.187,1.693,1.0,37.952285,128.181875,6919.8076488,0.206,-5.378,180.021,1.0,1880.3253813501424,1717.412135885063,1314.0890405991631,10.729638574242903,-2.949537809815397,-177.0504621901846,False,False,1835125.2729518218,1542612.3539217515,False
1.0333,37.940768,128.181837,6859.13538,-78.818,-8.285,1.699,1.0,37.95203,128.181875,6917.122970400001,0.212,-5.47,180.022,1.0,1869.903035803101,1707.3736875337654,1255.0249008262938,11.041497698646937,-2.824744182172532,-177.17525581782746,False,False,1815533.8216271035,1525396.2584189973,False
1.05,37.941046,128.181838,6854.114409600001,-80.379,-8.383,1.705,1.0,37.951775,128.181875,6914.3937912,0.218,-5.562,180.022,1.0,1877.3418905320304,1707.626646968189,1195.8714306856668,11.377654922697333,-2.6760422681755376,-177.32395773182446,False,False,1829422.1880480929,1525801.4225903817,False
1.0666,37.941323,128.181838,6849.0047424,-81.946,-8.481,1.71,1.0,37.95152,128.181875,6911.620416,0.224,-5.655,180.023,1.0,1882.89075518032,1718.1703972633197,1136.8551792276771,11.739995956989729,-2.5016195868283893,-177.49838041317162,False,False,1839804.5903288147,1543834.5993685634,False
1.0833,37.941601,128.181839,6843.8066832,-83.516,-8.58,1.716,1.0,37.951265,128.181874,6908.8028448000005,0.23,-5.747,180.023,1.0,1879.0692974580852,1708.1494058256267,1077.7575912017576,12.136538776929216,-2.2938642999975922,-177.70613570000242,False,False,1832565.5291346142,1526639.4077291787,False
1.1,37.941879,128.18184,6838.520536800001,-85.09,-8.679,1.721,1.0,37.951011,128.181874,6905.940772800001,0.237,-5.84,180.023,1.0,1879.9502261653558,1701.7744956160818,1018.8072110191144,12.569076798679191,-2.050756427312726,-177.94924357268727,False,False,1834169.403851796,1515742.361044264,False
1.1166,37.942158,128.181841,6833.146608,-86.665,-8.778,1.727,1.0,37.950756,128.181874,6903.034504800001,0.243,-5.932,180.024,1.0,1898.7802252121423,1718.9673075280002,959.6775219795909,13.046501278815056,-1.762075777160477,-178.23792422283952,False,False,1869693.4490116802,1545119.9455015282,False
1.1333,37.942436,128.181843,6827.685506400001,-88.241,-8.877,1.732,1.0,37.950502,128.181874,6900.0837360000005,0.249,-6.025,180.024,1.0,1881.764542836673,1702.317573529149,900.8211443703597,13.575972666301794,-1.4230430142668395,-178.57695698573318,False,False,1837475.619409994,1516609.2667427293,False
1.15,37.942715,128.181844,6822.137841600001,-89.819,-8.977,1.737,1.0,37.950248,128.181874,6897.0887712,0.256,-6.118,180.025,1.0,1889.211804717176,1702.5942992920493,841.91672031481,14.16974101999646,-1.0222342560278084,-178.9777657439722,False,False,1851462.939605691,1517051.0095889808,False
1.1666,37.942994,128.181846,6816.5036136,-91.396,-9.076,1.741,0.9886926183509678,37.949994,128.181873,6894.0496104,0.263,-6.211,180.025,1.0,1901.5385248898065,1713.1415380304843,783.0890277521287,14.841459850553244,-0.5484218607456177,-179.4515781392544,False,True,1874771.445982361,1535034.4962745558,False
1.1833,37.943273,128.181848,6810.7837368,-92.974,-9.176,1.745,0.9680704099715011,37.94974,128.181873,6890.9659488,0.269,-6.303,180.026,1.0,1891.0742312535067,1703.1619312902062,724.3580243637319,15.60997948554111,0.15680364015552575,179.84319635984448,False,True,1854871.8463880103,1517957.5733198922,False
1.2,37.943552,128.18185,6804.9794304,-94.462,-9.288,1.804,0.939763885852224,37.949486,128.181873,6887.8377864,0.276,-6.396,180.026,1.0,1891.9964361085733,1703.4528897906966,665.7492951770116,16.51742725002075,0.7679268142719834,179.23207318572804,False,True,1856559.3086549034,1518422.4882961372,False
1.2166,37.943831,128.181852,6799.0906944,-95.788,-9.416,1.927,0.9286207608866219,37.949233,128.181873,6884.665428,0.283,-6.49,180.027,1.0,1904.3348973923316,1707.345444195601,607.4090215640131,17.601698284032675,1.6157979031781897,178.3842020968218,False,False,1879922.003471369,1525029.737127233,False
1.2333,37.944111,128.181855,6793.117833600001,-97.068,-9.542,2.031,0.9286207608866219,37.948979,128.181872,6881.4485688,0.29,-6.583,180.028,1.0,1900.4590980391106,1704.0532024556337,549.0571130560941,18.89206493873388,2.677900774419629,177.3220992255804,False,False,1872490.1206626883,1519382.616006873,False
1.25,37.944391,128.181858,6787.0614576,-98.32,-9.666,2.117,0.9286207608866219,37.948726,128.181872,6878.1872088,0.298,-6.676,180.028,1.0,1901.406585909171,1697.7266114678941,491.1000016517874,20.453633228374265,4.0191463282459745,175.98085367175403,False,False,1874231.8387125582,1508589.7982343077,False
1.2666,37.944671,128.181861,6780.9227856,-99.548,-9.787,2.192,0.9286207608866219,37.948473,128.181872,6874.8816528,0.305,-6.769,180.029,1.0,1913.8125958447476,1708.2621868806136,433.5418196187748,22.397471594926483,5.748558207170859,174.25144179282916,False,False,1897837.46244241,1526499.4077234995,False
1.2833,37.944951,128.181865,6774.7024272,-100.756,-9.906,2.259,0.9286207608866219,37.94822,128.181872,6871.531596000001,0.312,-6.863,180.029,1.0,1903.3546529318257,1698.3457568101371,376.56601215221156,24.898668153001914,8.037542504118806,171.9624574958812,False,False,1877816.6029763164,1509575.860163412,False
1.3,37.945232,128.181869,6768.401296800001,-101.947,-10.024,2.32,0.9286207608866219,37.947967,128.181872,6868.137038400001,0.32,-6.956,180.03,1.0,1910.840792152493,1698.6625642217537,320.3786086889974,28.250999062508825,11.181962192862457,168.81803780713756,False,False,1892031.609054247,1510080.669631837,False
1.3166,37.945512,128.181874,6762.020004,-103.123,-10.138,2.378,0.9286207608866219,37.947715,128.181871,6864.69798,0.328,-7.05,180.03,1.0,1916.8071091869072,1702.5701884205105,265.86451995881254,32.943321293323336,15.668762482234087,164.3312375177659,False,False,1903387.5103869606,1516692.3136946934,False
1.3333,37.945793,128.181879,6755.5591584,-104.283,-10.251,2.432,0.9286207608866219,37.947462,128.181871,6861.2144208,0.335,-7.143,180.031,1.0,1912.8172331012497,1699.3085378159767,213.73413567078643,39.95819522783143,22.483807227066663,157.51619277293335,False,False,1895684.2878452837,1511110.2817468746,False
1.35,37.946074,128.181884,6749.020284000001,-105.425,-10.361,2.485,0.9286207608866219,37.94721,128.181871,6857.686665600001,0.343,-7.237,180.031,1.0,1913.7677152706844,1693.0214805955588,166.73796668426823,51.10778960928515,33.43795054738848,146.56204945261155,False,False,1897438.7137742764,1500411.7998181954,False
1.3666,37.946355,128.18189,6742.4033808,-106.55,-10.468,2.535,0.9286207608866219,37.946957,128.18187,6854.114104800001,0.351,-7.331,180.032,1.0,1926.3434883264335,1710.219938759984,130.28158396434978,69.57687701909197,51.71446814853993,128.2855318514601,False,False,1921520.0076231486,1529642.0175519388,False
1.3833,37.946637,128.181897,6735.709363200001,-107.682,-10.574,2.58,0.9286207608866219,37.946705,128.18187,6850.497348,0.36,-7.424,180.032,1.0,1922.38063833389,1693.6947030370752,115.06173764506335,96.85602418342233,78.80615203611576,101.19384796388425,False,False,1913828.4035471322,1501481.3033656874,False
1.4,37.946918,128.181904,6728.9388408,-108.845,-10.683,2.595,0.9286207608866219,37.946453,128.18187,6846.8360904,0.368,-7.518,180.033,1.0,1916.8267750071589,1694.0375014642095,128.79496024206435,124.42014862648294,106.18250899898777,73.81749100101221,False,False,1903100.790775304,1502026.053329472,False
1.4166,37.9472,128.181911,6722.0908992,-110.057,-10.815,2.522,0.9286207608866219,37.946202,128.18187,6843.130332000001,0.377,-7.612,180.034,1.0,1935.915913840583,1697.9435469651053,164.3350749552202,143.37314659751178,124.92676211762453,55.07323788237549,False,False,1939806.4054472495,1508614.328410529,False
1.4333,37.947482,128.181918,6715.1637096,-111.418,-10.972,2.371,0.9286207608866219,37.94595,128.181869,6839.380072800001,0.385,-7.706,180.034,1.0,1925.3403832210593,1694.7436120299028,211.02750624027496,154.89841166133394,136.21428060222613,43.785719397773896,False,False,1919321.0558236565,1503149.361849005,False
1.45,37.947764,128.181926,6708.1548336000005,-112.968,-11.127,2.232,0.9286207608866219,37.945698,128.181869,6835.5853128,0.394,-7.8,180.035,1.0,1926.5076933913601,1695.0906146948303,262.9775110698507,162.11913412338927,143.19728806650917,36.80271193349082,False,False,1921500.4729469728,1503700.2887210187,False
1.4666,37.948046,128.181933,6701.062747200001,-114.599,-11.27,2.129,0.9286207608866219,37.945447,128.181869,6831.746052,0.403,-7.894,180.035,1.0,1939.103192091734,1699.0196215922208,317.5144094983546,166.93006649623442,147.78455969990299,32.215440300097,False,False,1945775.571780005,1510330.3796985324,False
1.4833,37.948328,128.181941,6693.886536,-116.278,-11.407,2.049,0.9286207608866219,37.945195,128.181868,6827.8625952,0.412,-7.988,180.036,1.0,1928.715370110976,1695.8189074196102,373.666936007332,170.34882334599402,150.9839858860187,29.0160141139813,False,False,1925616.091849424,1504859.3421001385,False
1.5,37.948611,128.181949,6686.6249808,-117.994,-11.539,1.984,0.9286207608866219,37.944944,128.181868,6823.9343328,0.421,-8.082,180.036,1.0,1936.3537844503103,1689.5795760680714,430.7420207772336,172.88632784417553,153.31231566378688,26.68768433621312,False,False,1940306.3801454816,1494259.507557935,False
1.5166,37.948893,128.181957,6679.2777768000005,-119.733,-11.67,1.928,0.9286207608866219,37.944693,128.181868,6819.961569600001,0.431,-8.176,180.037,1.0,1942.6550718954709,1700.1330590051923,488.31178563241366,174.8392306409729,155.06298352687676,24.937016473123244,False,False,1952455.7035904543,1512107.1852876942,False
1.5333,37.949176,128.181964,6671.844924000001,-121.487,-11.801,1.878,0.9286207608866219,37.944442,128.181868,6815.944305600001,0.44,-8.271,180.038,1.0,1938.5760206210455,1690.3297854530153,546.3976891619974,176.38675249796557,156.42164806311055,23.57835193688948,False,False,1944466.9418874087,1495448.9720193306,False
1.55,37.949459,128.181972,6664.3258128,-123.249,-11.932,1.832,0.9286207608866219,37.944191,128.181867,6811.8828456,0.45,-8.365,180.038,1.0,1939.8752383435926,1690.7166117227766,604.7805384337266,177.62969488553233,157.4968860863009,22.50311391369912,False,False,1946912.6809014003,1496063.0814854763,False
1.5666,37.949742,128.18198,6656.720748,-125.018,-12.064,1.789,0.9286207608866219,37.943941,128.181867,6807.77658,0.46,-8.459,180.039,1.0,1952.769525409657,1694.6493369095049,663.2706399744397,178.58688647516524,158.36058038194187,21.639419618058135,False,False,1971934.540207703,1502679.6697421693,True
1.5833,37.950025,128.181987,6649.029424800001,-126.79,-12.197,1.747,0.9286207608866219,37.94369,128.181867,6803.6261184,0.47,-8.553,180.04,1.0,1942.1878846575455,1691.4832785890874,722.0324593987065,179.11367177661893,159.06777453551305,20.93222546448696,False,False,1951251.5940639907,1497278.6209472513,True
1.6,37.950308,128.181995,6641.252148,-128.562,-12.332,1.707,0.9286207608866219,37.94344,128.181866,6799.430851200001,0.48,-8.648,180.04,1.0,1943.5214453627989,1685.2961117296961,780.8160419781169,178.94201708181788,159.6481558582747,20.35184414172532,False,False,1953766.2396697358,1486791.1306625367,False
1.6166,37.950591,128.182003,6633.3886128,-130.334,-12.468,1.668,0.9286207608866219,37.943189,128.181866,6795.191388000001,0.49,-8.742,180.041,1.0,1956.4810376553087,1702.4689716863977,839.8090425687222,178.41537890050475,160.1338160532453,19.866183946754692,False,False,1978960.345792112,1515838.3634026004,False
1.6333,37.950875,128.18201,6625.439124,-132.102,-12.606,1.63,0.9286207608866219,37.942939,128.181865,6790.907424000001,0.501,-8.836,180.041,1.0,1952.374457103937,1686.0959869818116,898.8843411329008,177.8519407999608,160.54071916947595,19.45928083052408,False,False,1970856.372961321,1488055.8909476541,False
1.65,37.951158,128.182018,6617.403681600001,-133.867,-12.746,1.592,0.9286207608866219,37.942689,128.181865,6786.5786544,0.511,-8.931,180.042,1.0,1947.283553727132,1686.498069478955,957.9175766438472,177.31632553813543,160.8812646828976,19.11873531710239,False,False,1960851.1811222464,1488691.4707392927,False
1.6666,37.951442,128.182025,6609.281676,-135.627,-12.887,1.556,0.9286207608866219,37.942439,128.181865,6782.2059936,0.522,-9.025,180.043,1.0,1966.69543195624,1697.0660867215515,1017.1154566588363,176.8149705085283,161.17112873827327,18.82887126172674,False,False,1998760.3731867163,1506527.3717573378,False
1.6833,37.951726,128.182033,6601.073412,-137.38,-13.03,1.52,0.9286207608866219,37.94219,128.181864,6777.7885272,0.533,-9.119,180.043,1.0,1956.3161272345596,1680.7476668899087,1076.2533586221812,176.35166404753656,161.41521695476948,18.58478304523051,False,False,1978320.8114148027,1478923.7597382017,False
1.7,37.95201,128.18204,6592.7788896,-139.126,-13.174,1.486,0.9286207608866219,37.94194,128.181864,6773.32656,0.544,-9.214,180.044,1.0,1957.5143777482172,1687.7423339028549,1135.5389821181536,175.91720309043794,161.62228481796,18.37771518204,False,False,1980584.3446431907,1490660.7357335517,False
1.7166,37.952294,128.182048,6584.3971944,-140.864,-13.32,1.452,0.9286207608866219,37.94169,128.181864,6768.820396800001,0.556,-9.308,180.045,1.0,1970.7520158591747,1698.3329726733525,1194.8608300853198,175.51086663261339,161.79818324447115,18.201816755528863,False,False,2006502.632752963,1508546.895579032,False
1.7333,37.952578,128.182055,6575.928936,-142.593,-13.467,1.42,0.9286207608866219,37.941441,128.181863,6764.2697328,0.567,-9.402,180.045,1.0,1960.1798338188278,1682.0213705268036,1254.1029407142023,175.1295821994249,161.94585189282472,18.054148107175305,False,False,1985640.323955228,1480932.7712295963,False
1.75,37.952862,128.182062,6567.373504800001,-144.313,-13.615,1.389,0.9286207608866219,37.941191,128.181863,6759.674568,0.579,-9.497,180.046,1.0,1961.5366615471999,1689.0233460372335,1313.4805306932249,174.76838244112125,162.06978412271025,17.930215877289754,False,False,1988216.9706777139,1492689.6943316832,False
1.7666,37.953146,128.18207,6558.730596,-146.022,-13.764,1.36,0.9286207608866219,37.940942,128.181863,6755.0352072,0.591,-9.591,180.047,1.0,1974.8422020962535,1693.0195981690292,1372.7728025888323,174.42689700971025,162.17319061259997,17.82680938740002,False,False,2014320.0369894532,1499401.9459068985,False
1.7833,37.953431,128.182077,6550.000209600001,-147.719,-13.914,1.332,0.9286207608866219,37.940693,128.181862,6750.3513456,0.603,-9.685,180.047,1.0,1970.7238550556315,1683.3319019182497,1432.1962360667924,174.101031346949,162.25914206418074,17.740857935819268,False,False,2006109.8159981386,1483001.4790311842,False
1.8,37.953715,128.182084,6541.1817360000005,-149.403,-14.065,1.306,0.9286207608866219,37.940444,128.181862,6745.622983200001,0.615,-9.78,180.048,1.0,1965.709209383324,1683.769731349768,1491.5272290809933,173.78975170508602,162.32768575546052,17.672314244539493,False,False,1996153.4277985506,1483692.2177330335,False
1.8166,37.954,128.182092,6532.2748704000005,-151.074,-14.217,1.281,0.9286207608866219,37.940195,128.181861,6740.850424800001,0.628,-9.874,180.049,1.0,1985.5479352977584,1694.3709083306064,1550.987957265755,173.4911077185434,162.38341184105826,17.616588158941745,False,False,2035260.0350404037,1501551.5483169071,False
1.8333,37.954285,128.182099,6523.279308,-152.731,-14.37,1.257,0.9286207608866219,37.939947,128.181861,6736.033365600001,0.641,-9.968,180.05,1.0,1974.995388040283,1678.1039570014068,1610.3517115944492,173.20370261431293,162.42624652341186,17.573753476588138,False,False,2014274.908415992,1474074.366856651,False
1.85,37.95457,128.182106,6514.194744,-154.373,-14.524,1.235,0.9286207608866219,37.939698,128.18186,6731.171805600001,0.654,-10.062,180.05,1.0,1976.45557666055,1685.1374669744523,1669.841265425806,172.92587379205466,162.4581886755978,17.541811324402204,False,False,2017070.7511425412,1485854.3872879238,False
1.8666,37.954855,128.182113,6505.020568800001,-156.001,-14.678,1.215,0.9286207608866219,37.939449,128.18186,6726.2660496,0.667,-10.157,180.051,1.0,1989.8544815758853,1695.7426152804308,1729.3430053343345,172.6576859219678,162.4791296527828,17.520870347217194,False,False,2043552.88888484,1503733.6455943673,False
1.8833,37.95514,128.18212,6495.756477600001,-157.613,-14.833,1.196,0.9286207608866219,37.939201,128.18186,6721.316097600001,0.68,-10.251,180.052,1.0,1979.4413429472847,1679.4900808107768,1788.7466850856647,172.3979143374785,162.4914597689968,17.50854023100319,False,False,2022795.6253455312,1476257.0602794238,False
1.9,37.955425,128.182127,6486.401860800001,-159.21,-14.989,1.178,0.9286207608866219,37.938953,128.181859,6716.3216448,0.694,-10.345,180.053,1.0,1980.9673174101576,1679.9706358625176,1848.1629585894202,172.14536389318727,162.49544359875054,17.50455640124947,False,False,2025725.6291318124,1477015.2843381339,False
1.9166,37.95571,128.182134,6476.9561088,-160.792,-15.145,1.162,0.9286207608866219,37.938705,128.181859,6711.282996000001,0.708,-10.439,180.053,1.0,1994.4602285534384,1690.55866141871,1907.5889426802792,171.8999594963285,162.49199123373876,17.50800876626124,False,False,2052453.0432650803,1494809.4972416337,False
1.9333,37.955995,128.182141,6467.4192216,-162.359,-15.301,1.147,0.9286207608866219,37.938457,128.181858,6706.200151200001,0.722,-10.534,180.054,1.0,1984.0811875399888,1680.9209554223162,1967.0262013696401,171.6613772168427,162.48065913983348,17.519340860166523,False,False,2031712.7960845497,1478512.9869017017,False
1.95,37.956281,128.182148,6457.7902848,-163.91,-15.458,1.133,0.9286207608866219,37.938209,128.181858,6701.073110400001,0.736,-10.628,180.055,1.0,1992.053069143013,1681.3939432471684,2026.5825441981747,171.42742914859895,162.4645519951528,17.53544800484723,False,False,2047467.004237483,1479257.8748122351,False
1.9666,37.956566,128.182155,6448.0686888,-165.445,-15.616,1.121,0.9286207608866219,37.937961,128.181857,6695.901568800001,0.751,-10.722,180.056,1.0,1999.2645332137795,1692.0226274152521,2086.038707469383,171.19856485543525,162.44223712170023,17.557762878299794,False,False,2061763.2896902764,1497134.648962279,False
1.9833,37.956852,128.182162,6438.253824,-166.963,-15.774,1.111,0.9286207608866219,37.937713,128.181857,6690.6858312,0.766,-10.816,180.056,1.0,1995.303996035339,1682.3718253155896,2145.613159897134,170.97439143453593,162.41505237449243,17.584947625507585,False,False,2053756.7201604256,1480800.6935143918,False
2.0,37.957137,128.182168,6428.345385600001,-168.464,-15.933,1.102,0.9286207608866219,37.937465,128.181856,6685.425897600001,0.781,-10.91,180.057,1.0,1990.5087396626807,1682.8733428023902,2205.0855716916576,170.7543693112663,162.38268547385564,17.617314526144355,False,False,2044103.054612451,1481592.9758361445,False
2.0166,37.957423,128.182175,6418.342764,-169.948,-16.092,1.094,0.9286207608866219,37.937218,128.181856,6680.121768,0.796,-11.004,180.058,1.0,2010.684497454877,1686.9181173039424,2264.566171449751,170.53877295171554,162.34582960927617,17.65417039072384,False,False,2084368.515219266,1488355.983380296,False
2.0333,37.957708,128.182182,6408.2450448,-171.415,-16.251,1.087,0.9286207608866219,37.93697,128.181855,6674.773442400001,0.811,-11.098,180.059,1.0,1994.0065639973052,1683.871994217407,2324.055821824774,170.32736428132097,162.3047299025425,17.69527009745752,False,False,2050874.5049007575,1483169.6134337657,False
2.05,37.957994,128.182189,6398.051923200001,-172.867,-16.411,1.082,0.9286207608866219,37.936723,128.181855,6669.3812256,0.827,-11.193,180.06,1.0,2002.0925813123276,1677.8239036306454,2383.5521289703956,170.11865566317,162.25883950427425,17.741160495725772,False,False,2066930.807965579,1472950.813193219,False
2.0666,37.95828,128.182195,6387.7624848,-174.302,-16.57,1.079,0.9286207608866219,37.936476,128.181854,6663.9445080000005,0.843,-11.287,180.061,1.0,2015.839696700711,1688.4575079773429,2443.055953106283,169.91445986858167,162.2103529850597,17.789647014940314,False,False,2094447.3923687714,1490795.3495319076,False
2.0833,37.958566,128.182202,6377.376424800001,-175.721,-16.73,1.077,0.9286207608866219,37.936229,128.181854,6658.4638992,0.86,-11.38,180.061,1.0,2005.6449162649033,1678.8505318594023,2502.5671621682304,169.7125827896809,162.1594699202804,17.840530079719603,False,False,2073846.4635858904,1474566.7791593887,False
2.1,37.958852,128.182208,6366.892828800001,-177.125,-16.89,1.076,0.9286207608866219,37.935982,128.181853,6652.9387896,0.876,-11.474,180.062,1.0,2007.374194741472,1679.381691006021,2562.085578461335,169.51379896773227,162.10449022495277,17.895509775047216,False,False,2077213.468416538,1475404.474224152,False
2.1166,37.959138,128.182215,6356.3113920000005,-178.512,-17.05,1.076,0.9286207608866219,37.935735,128.181853,6647.3700936,0.893,-11.568,180.063,1.0,2021.4076791275716,1690.009403397767,2621.611147398558,169.3179236280795,162.04656379988444,17.95343620011556,False,False,2105378.6237303144,1493254.323714841,False
2.1333,37.959423,128.182222,6345.631200000001,-179.883,-17.21,1.078,0.9286207608866219,37.935488,128.181852,6641.7568968000005,0.91,-11.662,180.064,1.0,2004.8584996739514,1680.4287816765566,2681.034129381939,-169.12505291118012,161.98555976835536,18.01444023164464,False,False,2071958.1860649236,1477053.830415482,True
2.15,37.959709,128.182228,6334.8540816,178.813,-17.377,1.065,0.9286207608866219,37.935242,128.181852,6636.099808800001,0.928,-11.756,180.065,1.0,2012.9399706339184,1674.4196859021988,2740.461665327777,-168.92808463314984,161.9221494888651,18.0778505111349,False,False,2088087.3594671628,1466918.5504583775,True
2.1666,37.959995,128.182235,6323.9791224,177.674,-17.549,1.046,0.9286207608866219,37.934995,128.181851,6630.3988296,0.945,-11.85,180.066,1.0,2027.0530348098002,1691.617507245068,2800.008608015872,-168.7285240694652,161.85647638518796,18.14352361481204,False,False,2116489.0528264944,1495806.896091306,True
2.1833,37.960282,128.182242,6313.003884000001,176.582,-17.716,1.033,0.9286207608866219,37.934749,128.18185,6624.6536544,0.963,-11.944,180.067,1.0,2023.1656697075214,1675.5030054645367,2859.5623143570688,-168.53603303588602,161.78851027509845,18.211489724901575,False,False,2108509.08308057,1468620.8204202694,True
2.2,37.960568,128.182248,6301.926842400001,175.505,-17.881,1.022,0.9286207608866219,37.934502,128.18185,6618.864588,0.982,-12.037,180.068,1.0,2018.7693403234823,1682.5586413694855,2919.120762454881,168.34755819307222,161.71946747906506,18.28053252093494,False,False,2099515.615584076,1480410.6792354747,False
2.2166,37.960854,128.182255,6290.745864,174.377,-18.039,1.029,0.9286207608866219,37.934256,128.181849,6613.0313256,1.0,-12.131,180.069,1.0,2033.0858020351397,1686.6939404350928,2978.5776063896487,168.16800090934535,161.64698497681175,18.353015023188252,False,False,2128410.0821456295,1487319.9079994254,False
2.2333,37.96114,128.182262,6279.4597296,173.096,-18.193,1.044,0.9286207608866219,37.93401,128.181849,6607.1544768,1.019,-12.224,180.07,1.0,2023.0064497480148,1677.1314318396153,3038.0404418788094,167.99416777581973,161.57356181098285,18.426438189017155,False,False,2107858.0116183152,1471178.9712821099,False
2.25,37.961426,128.182268,6268.071182400001,171.793,-18.35,1.057,0.9286207608866219,37.933764,128.181848,6601.233432,1.038,-12.318,180.071,1.0,2024.9746957135033,1677.696964901509,3097.5098778299275,167.81920198355687,161.49731937118483,18.5026806288152,False,False,2111730.0394008807,1472069.5388557906,False
2.2666,37.961712,128.182275,6256.5799176,170.502,-18.507,1.072,0.9286207608866219,37.933518,128.181847,6595.268496000001,1.058,-12.411,180.072,1.0,2039.3546216718507,1688.364326991029,3156.9869532741177,167.64594244258757,161.42029795933377,18.579702040666234,False,False,2140839.7259161007,1489964.5401242333,False
2.2833,37.961998,128.182282,6244.9859352,169.228,-18.665,1.087,0.9286207608866219,37.933272,128.181847,6589.2599736,1.078,-12.505,180.073,1.0,2029.238993626412,1678.8035423626052,3216.4695473230527,167.473265365387,161.34069086367583,18.65930913632418,False,False,2120147.837948396,1473809.2332447204,False
2.3,37.962284,128.182289,6233.2889304,167.97,-18.823,1.103,0.9286207608866219,37.933026,128.181846,6583.207255200001,1.098,-12.598,180.074,1.0,2031.3578240469046,1679.3809376360869,3275.959660589118,167.30213658500224,161.26049201769183,18.73950798230817,False,False,2124334.987547595,1474719.3762769382,False
2.3166,37.962571,128.182296,6221.4885984,166.728,-18.981,1.12,0.9286207608866219,37.93278,128.181846,6577.110950400001,1.119,-12.691,180.075,1.0,2052.037774875762,1690.0580250259495,3335.5659342349027,167.13219032236296,161.1790699286489,18.820930071351135,False,False,2166441.4759220337,1492647.4890790465,False
2.3333,37.962857,128.182303,6209.584329599999,165.501,-19.139,1.138,0.9286207608866219,37.932535,128.181845,6570.9707544,1.139,-12.785,180.076,1.0,2035.6705181449008,1674.015534435308,3394.9584104218843,166.9640588589148,161.0947898005003,18.90521019949971,False,False,2132872.4493880365,1465603.2151140017,False
2.35,37.963143,128.18231,6197.5758192,164.29,-19.297,1.157,0.9286207608866219,37.932289,128.181844,6564.7866672,1.161,-12.878,180.077,1.0,2037.8646675903235,1681.0961837319087,3454.468075285353,166.79701267077203,161.01037900447437,18.989620995525648,False,False,2137223.6586138676,1477420.7546488906,False
2.3666,37.963429,128.182317,6185.4627624,163.094,-19.455,1.177,0.9286207608866219,37.932044,128.181844,6558.5586888,1.182,-12.971,180.078,1.0,2052.3716957815677,1685.2610252326663,3513.8725318817756,166.6313357910197,160.9245462496788,19.07545375032121,False,False,2166773.4572215443,1484369.8511496494,False
2.3833,37.963715,128.182324,6173.245159200001,161.912,-19.613,1.199,0.9286207608866219,37.931799,128.181843,6552.2874288,1.204,-13.064,180.079,1.0,2042.3162043258535,1675.756771733886,3573.284577189949,166.46683239574978,160.8374580128498,19.162541987150213,False,False,2146066.5938664493,1468336.368519629,False
2.4,37.964001,128.182332,6160.9220952000005,160.744,-19.771,1.221,0.9286207608866219,37.931553,128.181842,6545.9719728,1.226,-13.157,180.08,1.0,2044.6881601819282,1682.8464530572019,3632.8148752210354,166.30332704951,160.74936328977122,19.250636710228783,False,False,2150792.842858972,1480180.1483306617,False
2.4166,37.964287,128.182339,6148.49418,159.59,-19.929,1.244,0.9286207608866219,37.931308,128.181841,6539.6132352,1.249,-13.25,180.081,1.0,2059.1916801756965,1687.040417444728,3692.239995645589,166.14100830584812,160.66001988815663,19.339980111843396,False,False,2180431.318302701,1487184.3831790152,False
2.4333,37.964573,128.182347,6135.9601944,158.45,-20.086,1.268,0.9286207608866219,37.931063,128.181841,6533.210606400001,1.272,-13.343,180.082,1.0,2049.280061961604,1677.5288505680614,3751.6717134440155,165.9806889661318,160.5696185199586,19.430381480041437,False,False,2159947.6002170905,1471120.4320373533,False
2.45,37.964859,128.182355,6123.3210528,157.322,-20.243,1.293,0.9286207608866219,37.930818,128.18184,6526.7643912,1.295,-13.436,180.083,1.0,2051.5945831178637,1678.1355049817635,3811.1109965182127,165.82136061510954,160.47817915794695,19.52182084205307,False,False,2164569.433141722,1472075.0805571605,False
2.4666,37.965145,128.182362,6110.575536,156.207,-20.4,1.319,0.9286207608866219,37.930574,128.181839,6520.2748944,1.319,-13.528,180.084,1.0,2066.2246810439283,1682.323285427564,3870.445232938632,165.66306837410792,160.38662796026495,19.613372039735058,False,False,2194566.491857656,1479047.8721390644,False
2.4833,37.965431,128.182371,6097.7242536,155.104,-20.556,1.346,0.9286207608866219,37.930329,128.181839,6513.741506400001,1.343,-13.621,180.086,1.0,2056.428792885917,1679.3356338949548,3929.8977481863094,165.50649861120894,160.29333386308326,19.706666136916756,False,False,2174247.9376566815,1473962.0687784222,False
2.5,37.965717,128.182379,6084.7672056,154.013,-20.712,1.374,0.9286207608866219,37.930084,128.181838,6507.164532000001,1.368,-13.713,180.087,1.0,2058.693119430755,1679.9538005219347,3989.356848484696,165.35073850841889,160.20013310607254,19.79986689392747,False,False,2178779.8623125637,1474935.871001784,False
2.5166,37.966002,128.182387,6071.703782400001,152.932,-20.867,1.402,0.9286207608866219,37.92984,128.181837,6500.544276,1.393,-13.806,180.088,1.0,2067.317270511834,1684.1711609727474,4048.6012638905904,165.19713856769638,160.10474778397793,19.895252216022065,False,False,2196443.4223759226,1481964.8122503813,False
2.5333,37.966288,128.182396,6058.5342888,151.863,-21.022,1.432,0.9286207608866219,37.929595,128.181836,6493.880433600001,1.418,-13.898,180.089,1.0,2063.6348561700543,1681.1808321927601,4108.074729024462,165.04394293418017,160.00986149490325,19.990138505096755,False,False,2188708.335083261,1476867.7078203342,False
2.55,37.966574,128.182405,6045.258724800001,150.803,-21.177,1.463,0.9286207608866219,37.929351,128.181835,6487.1730048,1.444,-13.991,180.09,1.0,2066.070344079597,1675.3300553654074,4167.444152398749,164.89160668401536,159.9130434584863,20.086956541513697,False,False,2193607.0698161516,1466982.8323528515,False
2.5666,37.966859,128.182414,6031.8770904,149.753,-21.331,1.494,0.9286207608866219,37.929107,128.181835,6480.4222944,1.47,-14.083,180.092,1.0,2074.804577262376,1686.041086423652,4226.708523014272,164.74108219778373,159.81639063570972,20.18360936429026,False,False,2211559.5243830243,1484918.505847702,False
2.5833,37.967145,128.182423,6018.3896904,148.712,-21.485,1.527,0.9286207608866219,37.928862,128.181834,6473.6283023999995,1.497,-14.175,180.093,1.0,2070.9840488689233,1683.0476400987047,4286.201981417566,164.59086714973375,159.71929322405853,20.28070677594146,False,False,2203507.7065921207,1479809.2864126405,False
2.6,37.96743,128.182433,6004.796220000001,147.68,-21.639,1.561,0.9286207608866219,37.928618,128.181833,6466.790724,1.524,-14.267,180.094,1.0,2067.4689438204146,1677.2155030440624,4345.481824221981,164.44161886883987,159.62117296601633,20.37882703398367,False,False,2196100.8516818136,1469943.4750791884,False
2.6166,37.967716,128.182443,5991.096984000001,146.657,-21.792,1.595,0.9286207608866219,37.928374,128.181832,6459.909864,1.551,-14.359,180.096,1.0,2088.59656982573,1687.9575955657256,4404.879057851623,164.2938246657824,159.52259526384182,20.47740473615819,False,False,2239870.406982046,1487950.4972818084,False
2.6333,37.968001,128.182453,5977.292287200001,145.642,-21.945,1.631,0.9286207608866219,37.92813,128.181831,6452.9860272000005,1.579,-14.451,180.097,1.0,2072.481286377081,1678.48388050354,4464.17234181473,164.14666354970112,159.42321637774688,20.57678362225313,False,False,2206206.5545998695,1471936.2439787518,False
2.65,37.968286,128.182463,5963.3821296,144.636,-22.098,1.668,0.9286207608866219,37.927886,128.18183,6446.018604,1.608,-14.543,180.098,1.0,2075.008165972879,1679.1304704936492,4523.472311899069,163.99999522593302,159.32325387466085,20.676746125339136,False,False,2211310.2457883074,1472953.4168130285,False
2.6666,37.968572,128.182474,5949.366816,143.637,-22.25,1.706,0.9286207608866219,37.927643,128.18183,6439.0078992,1.636,-14.634,180.1,1.0,2096.3330161795043,1683.3948014914854,4582.778989765924,163.85479156076303,159.22375893172236,20.77624106827763,False,False,2255649.4154482554,1480054.1256589685,False
2.6833,37.968857,128.182485,5935.2463464,142.646,-22.402,1.745,0.9286207608866219,37.927399,128.181829,6431.9542176,1.666,-14.726,180.101,1.0,2080.2347851260365,1680.4213015031187,4642.093519874251,163.71009570650244,159.12266222311172,20.87733777688831,False,False,2221893.264207107,1474983.7991007445,False
2.7,37.969142,128.182496,5921.0210256,141.661,-22.553,1.785,0.9286207608866219,37.927155,128.181828,6424.8572544,1.695,-14.817,180.102,1.0,2082.7946585251852,1681.0746035881346,4701.414782701386,163.56681279199577,159.02205071940514,20.97794928059485,False,False,2227082.1756312214,1476012.2378083637,False
2.7166,37.969427,128.182508,5906.6911584,140.683,-22.704,1.826,0.9286207608866219,37.926912,128.181827,6417.717314400001,1.726,-14.909,180.104,1.0,2098.0784045921214,1685.373123430183,4760.633237877406,163.424130733168,158.91979996184608,21.080200038153915,False,False,2258891.348756434,1483177.5900916662,False
2.7333,37.969712,128.18252,5892.2567448,139.711,-22.854,1.868,0.9286207608866219,37.926668,128.181826,6410.5340928000005,1.757,-15.0,180.105,1.0,2088.098606643548,1682.3877578499246,4819.969126516436,163.2826681479184,158.818193193942,21.181806806057992,False,False,2237861.1951397564,1478080.1480428053,False
2.75,37.969997,128.182532,5877.7183944,138.745,-23.003,1.912,0.9286207608866219,37.926425,128.181825,6403.3078944,1.788,-15.091,180.107,1.0,2090.682505185868,1676.6066889089122,4879.201109792512,163.14262298822132,158.71602249079237,21.283977509207663,False,False,2243117.3958375715,1468299.9940096708,False
2.7666,37.970282,128.182544,5863.076412,137.784,-23.152,1.956,0.9286207608866219,37.926182,128.181824,6396.038719200001,1.82,-15.182,180.108,1.0,2105.88415898712,1687.3767550004627,4938.43984974016,163.00295767070227,158.61339395464844,21.38660604535157,False,False,2274871.1838321844,1486343.8697635885,False
2.7833,37.970566,128.182557,5848.330797600001,136.829,-23.3,2.001,0.9286207608866219,37.925939,128.181823,6388.7265672,1.852,-15.273,180.11,1.0,2090.0057701035844,1677.9423988082256,4997.575848774149,162.86479327813794,158.51021443288275,21.489785567117256,False,False,2241414.5927494224,1470397.352249383,False
2.8,37.970851,128.182571,5833.482465600001,135.879,-23.447,2.047,0.9286207608866219,37.925696,128.181822,6381.3714384,1.885,-15.364,180.111,1.0,2098.821562992958,1678.6157731592168,5056.830378822756,162.72782410575036,158.40673002146227,21.59326997853774,False,False,2259732.897463378,1471455.3331658428,False
2.8166,37.971136,128.182584,5818.531111200001,134.933,-23.594,2.094,0.9286207608866219,37.925453,128.181821,6373.9733328,1.918,-15.455,180.113,1.0,2113.9231760077287,1689.409043182582,5116.090566691305,162.5910432680737,158.3029245740745,21.697075425925522,False,False,2291395.8951529507,1489558.7831776468,False
2.8333,37.97142,128.182598,5803.477344,133.991,-23.74,2.142,0.9286207608866219,37.92521,128.18182,6366.5322504000005,1.952,-15.545,180.114,1.0,2098.0456792472155,1679.9735387454994,5175.248018440619,162.4556960796286,158.19956987115387,21.800430128846145,False,False,2257810.5071994923,1473589.8989359231,False
2.85,37.971704,128.182613,5788.321773600001,133.053,-23.886,2.19,0.9286207608866219,37.924967,128.181819,6359.048496,1.986,-15.636,180.116,1.0,2100.862611916574,1680.6530542892688,5234.4134126904855,162.32070520929236,158.0948782857243,21.9051217142757,False,False,2263575.9027955397,1474658.3073792222,False
2.8666,37.971989,128.182628,5773.0647048,132.118,-24.03,2.24,0.9286207608866219,37.924724,128.181818,6351.522069600001,2.021,-15.726,180.118,1.0,2122.204088186266,1691.4647098069206,5293.696238971664,162.18769657406364,157.99099398522463,22.00900601477539,False,False,2308489.5209445767,1492813.586164948,False
2.8833,37.972273,128.182643,5757.706442400001,131.186,-24.174,2.291,0.9286207608866219,37.924481,128.181817,6343.9526663999995,2.057,-15.817,180.119,1.0,2106.134016844479,1682.0278251826608,5352.875171515476,162.05499409755132,157.88564057425404,22.11435942574596,False,False,2274364.060338092,1476821.7257603074,False
2.9,37.972557,128.182659,5742.247900800001,130.257,-24.317,2.343,0.9286207608866219,37.924239,128.181816,6336.340591200001,2.093,-15.907,180.121,1.0,2108.9658798985,1676.3025607474638,5411.951383244672,161.92364266223612,157.78086966820587,22.219130331794144,False,False,2280180.756664408,1467133.4120429438,False
2.9166,37.972841,128.182675,5726.68908,129.33,-24.459,2.395,0.9286207608866219,37.923996,128.181815,6328.6861488,2.129,-15.997,180.123,1.0,2124.3288763194723,1693.5481661490978,5471.145033692337,161.79337949598292,157.67594603579275,22.324053964207238,False,False,2312546.222848758,1496115.9055546157,False
2.9333,37.973125,128.182692,5711.0308944,128.406,-24.601,2.449,0.9286207608866219,37.923754,128.181814,6320.9887296,2.167,-16.087,180.125,1.0,2114.455754007681,1677.6993716384966,5530.235939249634,161.66335288250272,157.5706103241806,22.429389675819422,False,False,2291467.648948664,1469325.314923235,False
2.95,37.973409,128.182709,5695.2736488,127.486,-24.741,2.504,0.9286207608866219,37.923511,128.181813,6313.248638400001,2.204,-16.177,180.126,1.0,2117.092733064958,1684.8107959330025,5589.444190461193,161.53529115038734,157.46512346750782,22.534876532492188,False,False,2296892.3755262312,1481205.5288059642,False
2.9666,37.973693,128.182726,5679.4179527999995,126.569,-24.881,2.559,0.9286207608866219,37.923269,128.181811,6305.466179999999,2.243,-16.266,180.128,1.0,2132.4961182905554,1689.245450608138,5648.549775709941,161.40760364244056,157.36027582485713,22.63972417514289,False,False,2329465.911328969,1488610.5961142427,False
2.9833,37.973977,128.182744,5663.464416,125.655,-25.02,2.615,0.9286207608866219,37.923027,128.18181,6297.641354400001,2.282,-16.356,180.13,1.0,2122.584959662688,1679.811379159541,5707.662061809461,161.280983397132,157.25420561309906,22.74579438690095,False,False,2308223.068808294,1472641.8993650663,False
3.0,37.974261,128.182763,5647.413648,124.744,-25.159,2.673,0.9286207608866219,37.922785,128.181809,6289.7738568,2.322,-16.445,180.132,1.0,2125.4520246421225,1680.5258992814406,5766.782250380212,161.1544023675295,157.14890275931936,22.851097240680666,False,False,2314155.363578808,1473765.259870635,False
3.0166,37.974544,128.182782,5631.2662584,123.835,-25.296,2.731,0.9286207608866219,37.922543,128.181808,6281.8639920000005,2.362,-16.535,180.134,1.0,2134.9309418794664,1691.3668021442725,5825.798475217972,161.03006132557158,157.04228037059724,22.95771962940275,False,False,2334188.920550111,1491964.8712150182,False
3.0333,37.974828,128.182801,5615.022552,122.929,-25.432,2.79,0.9286207608866219,37.922301,128.181807,6273.911760000001,2.403,-16.624,180.136,1.0,2130.701231657823,1681.9553396250512,5884.931955708301,160.90661637175108,156.9365927555086,23.06340724449142,False,False,2325008.4302036525,1476012.9390078147,False
3.05,37.975111,128.182821,5598.6837479999995,122.024,-25.567,2.849,0.9286207608866219,37.922059,128.181805,6265.917160800001,2.444,-16.713,180.138,1.0,2127.646800596423,1682.6999898416955,5943.963997789856,160.7845430730752,156.83056393403834,23.169436065961673,False,False,2318344.7860214217,1477187.2844315802,False
3.0666,37.975395,128.182842,5582.250151200001,121.12,-25.7,2.909,0.9286207608866219,37.921817,128.181804,6257.8801944,2.487,-16.802,180.14,1.0,2149.3030121224047,1693.5398164601374,6003.113227165925,160.66433311645108,156.72449450135275,23.27550549864726,False,False,2364494.892404486,1495407.3957763307,False
3.0833,37.975678,128.182863,5565.7223711999995,120.217,-25.833,2.969,0.9286207608866219,37.921575,128.181803,6249.801165600001,2.53,-16.89,180.142,1.0,2133.139271855358,1684.120644968083,6062.158432178758,160.54432486589025,156.61915076364744,23.380849236352564,False,False,2329722.667857332,1479420.7860044874,False
3.1,37.975962,128.182884,5549.1013224,119.315,-25.965,3.031,0.9286207608866219,37.921333,128.181802,6241.6797696,2.573,-16.979,180.144,1.0,2141.626183639022,1684.8511544468017,6121.320694793334,160.4250583032218,156.5127888854345,23.48721111456549,False,False,2347699.4497074354,1480571.6752329082,False
3.1166,37.976245,128.182906,5532.3879192,118.414,-26.096,3.093,0.9286207608866219,37.921092,128.1818,6233.516311200001,2.618,-17.068,180.146,1.0,2151.479563639586,1689.3421700189617,6180.270954321276,160.30723539008275,156.40601441330875,23.593985586691257,False,False,2368686.3483672147,1488068.3964354168,False
3.1333,37.976528,128.182929,5515.5827712,117.514,-26.225,3.156,0.9286207608866219,37.92085,128.181799,6225.3107904,2.663,-17.156,180.148,1.0,2141.462933769212,1686.3120377909804,6239.338243492667,160.19122080142077,156.30024010649066,23.699759893509366,False,False,2347021.1381369093,1482873.5884620606,False
3.15,37.976811,128.182952,5498.6861832,116.614,-26.354,3.221,0.9286207608866219,37.920609,128.181798,6217.0629024,2.708,-17.244,180.15,1.0,2144.041327145844,1680.6803556195944,6298.301345430276,160.07514467393236,156.19424120068066,23.805758799319335,False,False,2352380.2971131345,1473311.7887946242,False
3.1666,37.977094,128.182976,5481.699679200001,115.715,-26.482,3.286,0.9286207608866219,37.920367,128.181796,6208.773256800001,2.755,-17.332,180.152,1.0,2159.8226445393484,1697.9788037524127,6357.384199045476,159.960124068251,156.08821349276602,23.91178650723397,False,False,2386174.038091499,1502453.2752550347,False
3.1833,37.977377,128.183,5464.623259200001,114.815,-26.609,3.352,0.9286207608866219,37.920126,128.181795,6200.4415488,2.802,-17.42,180.155,1.0,2149.44570479039,1682.1621302399744,6416.361397070124,159.8460305519408,155.98203632922596,24.017963670774048,False,False,2363648.066605762,1475640.2763212838,False
3.2,37.97766,128.183025,5447.458142400001,113.915,-26.735,3.419,0.9286207608866219,37.919885,128.181793,6192.068083200001,2.85,-17.508,180.157,1.0,2152.2916931791233,1682.930068968986,6475.347778828969,159.73298315883534,155.8756995909855,24.124300409014513,False,False,2369601.0816560956,1476850.2529880914,False
3.2166,37.977943,128.183051,5430.2052432,113.015,-26.86,3.487,0.9286207608866219,37.919644,128.181792,6183.6525552,2.898,-17.596,180.159,1.0,2168.116301777005,1693.8000789941411,6534.340361905375,159.62079771999993,155.76929658622518,24.23070341377484,False,False,2403616.2712638257,1495120.2701307314,False
3.2333,37.978226,128.183077,5412.8651712,112.115,-26.983,3.555,0.9286207608866219,37.919402,128.181791,6175.195269600001,2.948,-17.683,180.161,1.0,2157.6406794807117,1690.766231756701,6593.449684930361,159.51045676814292,155.66394363869938,24.33605636130062,False,False,2380788.7251061425,1489903.203915,False
3.25,37.978508,128.183103,5395.438536000001,111.213,-27.106,3.625,0.9286207608866219,37.919161,128.181789,6166.6962264,2.998,-17.771,180.164,1.0,2154.3210871398214,1685.1857204766632,6652.3455476938125,159.40016448494742,155.55732151673897,24.44267848326106,False,False,2373460.8505667155,1480400.0877978508,False
3.2666,37.978791,128.183131,5377.926252000001,110.311,-27.227,3.695,0.9286207608866219,37.91892,128.181788,6158.1554256,3.049,-17.858,180.166,1.0,2176.343260503431,1696.0740707910927,6711.359586819579,159.29178098017564,155.45170894471616,24.548291055283837,False,False,2420974.434248528,1498724.5017093946,False
3.2833,37.979074,128.183159,5360.329538400001,109.408,-27.348,3.765,0.9286207608866219,37.91868,128.181786,6149.573172,3.101,-17.945,180.169,1.0,2165.766414860518,1680.3496288965428,6770.2706707935895,159.18354021834395,155.34596008875667,24.654039911243327,False,False,2397838.9575366415,1472094.1494135682,False
3.3,37.979356,128.183187,5342.648700000001,108.505,-27.467,3.837,0.9286207608866219,37.918439,128.181785,6140.949160800001,3.153,-18.032,180.171,1.0,2162.4246354539214,1687.4361135902786,6829.186187230604,159.07689176860063,155.2401728664076,24.759827133592406,False,False,2390433.6378828674,1483942.4578120913,False
3.3166,37.979639,128.183216,5324.885260800001,107.6,-27.585,3.908,0.9286207608866219,37.918198,128.181783,6132.283392,3.206,-18.118,180.174,1.0,2184.0818751138095,1698.3976244312446,6888.221254394873,158.97134023327212,155.13546589412442,24.864534105875585,False,False,2437326.1046431516,1502414.402263004,False
3.3333,37.979921,128.183246,5307.0395256,106.695,-27.702,3.981,0.9286207608866219,37.917957,128.181781,6123.5764752,3.261,-18.205,180.176,1.0,2168.014718112467,1688.9865481095578,6947.153347371041,158.8666557921824,155.0295750456414,24.970424954358613,False,False,2402188.188139865,1486389.55108804,False
3.35,37.980204,128.183276,5289.112408800001,105.789,-27.818,4.053,0.9286207608866219,37.917717,128.18178,6114.827800800001,3.316,-18.291,180.179,1.0,2176.196499502764,1683.3994555243185,7006.089605250525,158.7629046805378,154.9247385200752,25.075261479924805,False,False,2419784.0764277996,1476882.8394825011,False
3.3666,37.980486,128.183307,5271.1054343999995,104.881,-27.932,4.127,0.9286207608866219,37.917476,128.181778,6106.037673600001,3.372,-18.378,180.182,1.0,2186.2687166470882,1700.715209239379,7065.034834092699,158.6609573446906,154.81886200124526,25.18113799875474,False,False,2441577.3368031117,1506095.8858208817,False
3.3833,37.980769,128.183339,5253.018907199999,103.971,-28.046,4.2,0.9286207608866219,37.917236,128.181776,6097.2063984,3.428,-18.464,180.185,1.0,2181.7055160122645,1684.9698705221642,7123.987482272616,158.55912416651987,154.71396798458667,25.28603201541335,False,False,2431433.997165464,1479354.9014106088,False
3.4,37.981051,128.183372,5234.854046400001,103.06,-28.158,4.275,0.9286207608866219,37.916995,128.181775,6088.333670400001,3.486,-18.55,180.187,1.0,2178.6946562571648,1692.053308759175,7182.945729055579,158.45889512734217,154.60905704128902,25.390942958711005,False,False,2424691.584035891,1491228.3572302642,False
3.4166,37.981334,128.183405,5216.6114615999995,102.147,-28.269,4.349,0.9286207608866219,37.916755,128.181773,6079.4197944,3.545,-18.636,180.19,1.0,2199.9429493920597,1696.688545897853,7241.911280518433,158.35975732729963,154.50417925433803,25.495820745661963,False,False,2471031.973079817,1498994.753017238,False
3.4333,37.981616,128.183438,5198.2926768,101.232,-28.379,4.424,0.9286207608866219,37.916514,128.181771,6070.464770400001,3.604,-18.721,180.193,1.0,2183.31075877829,1693.631615265674,7300.882267563172,158.26134547596328,154.40033353992092,25.5996664600791,False,False,2434400.7715774574,1493724.9474543512,False
3.45,37.981898,128.183473,5179.898301600001,100.313,-28.488,4.5,0.9286207608866219,37.916274,128.181769,6061.4685984,3.664,-18.807,180.196,1.0,2186.4470443687183,1688.0948264181504,7359.751693926715,158.16393964628904,154.29537364926765,25.704626350732365,False,False,2441072.788593738,1484274.772520362,False
3.4666,37.98218,128.183508,5161.4295552,99.392,-28.596,4.575,0.9286207608866219,37.916034,128.181768,6052.4312784,3.726,-18.892,180.199,1.0,2201.8787262802825,1699.0320024858534,7418.624636207587,158.06742062177318,154.1914835009421,25.808516499057905,False,False,2474751.2957703415,1502708.9479318657,False
3.4833,37.982463,128.183543,5142.887047200001,98.467,-28.702,4.652,0.9286207608866219,37.915794,128.181766,6043.3531152000005,3.788,-18.977,180.202,1.0,2196.6506550204404,1689.6679672882465,7477.61513685638,157.97244100076648,154.08772106164187,25.91227893835812,False,False,2463071.5433622887,1486753.9686671733,False
3.5,37.982745,128.18358,5124.271996800001,97.539,-28.807,4.728,0.9286207608866219,37.915554,128.181764,6034.233804,3.851,-19.062,180.205,1.0,2194.039451468289,1690.4622837140232,7536.503966264665,157.8787193792527,153.9838660124949,26.01613398750509,False,False,2457156.4992770534,1488006.9852638121,False
3.5166,37.983027,128.183617,5105.585623200001,96.607,-28.911,4.805,0.9286207608866219,37.915314,128.181762,6025.0733448,3.915,-19.147,180.208,1.0,2209.442450270933,1701.4481290200947,7595.397848481379,157.7856771986812,153.88007770594092,26.119922294059077,False,False,2490886.6617813664,1506548.6533897733,False
3.5333,37.98331,128.183654,5086.828536,95.671,-29.014,4.882,0.9286207608866219,37.915074,128.18176,6015.872347200001,3.98,-19.231,180.211,1.0,2204.0750392604905,1692.0486757838921,7654.407249540271,157.69335259328264,153.77745576669886,26.222544233301132,False,False,2478858.1364081306,1490509.9151646805,False
3.55,37.983592,128.183693,5068.001954400001,94.729,-29.116,4.96,0.9286207608866219,37.914834,128.181758,6006.630506400001,4.046,-19.316,180.215,1.0,2201.4546518592547,1692.84661427204,7713.314902289539,157.6019839936894,153.67379911795518,26.326200882044816,False,False,2472901.4134624926,1491769.752781742,False
3.5666,37.983874,128.183732,5049.107097600001,93.783,-29.216,5.038,0.9286207608866219,37.914595,128.181756,5997.3478224,4.113,-19.4,180.218,1.0,2216.8253707368904,1697.5174250700852,7772.116901867125,157.51250360887465,153.57108506235807,26.42891493764195,False,False,2506672.188290055,1499596.5952308252,False
3.5833,37.984156,128.183771,5030.1445752,92.833,-29.315,5.117,0.9286207608866219,37.914355,128.181754,5988.024600000001,4.182,-19.484,180.221,1.0,2205.634076180518,1694.4459407290246,7831.034128403068,157.4235707929279,153.4685556296285,26.531444370371506,False,False,2481739.706302729,1494295.9844701246,False
3.6,37.984439,128.183812,5011.1159112000005,91.878,-29.413,5.196,0.9286207608866219,37.914115,128.181752,5978.6605344,4.251,-19.568,180.225,1.0,2214.3515377784584,1695.2533097228625,7890.0703598136915,157.33551292101404,153.36621312412416,26.633786875875842,False,False,2500818.6262814812,1495572.5233928335,False
3.6166,37.984721,128.183853,4992.0217152000005,90.92,-29.51,5.275,0.9286207608866219,37.913876,128.18175,5969.2559304,4.321,-19.652,180.228,1.0,2224.0199529584343,1699.9510280677866,7948.8902793921025,157.24844227064253,153.26372658406322,26.73627341593678,False,False,2522087.385331984,1503455.1525842196,False
3.6333,37.985003,128.183895,4972.8635112,89.957,-29.605,5.355,0.9286207608866219,37.913636,128.181748,5959.810788000001,4.392,-19.735,180.232,1.0,2213.204775997671,1696.8653031294693,8007.827105167794,157.16297278893512,153.16245979948383,26.83754020051618,False,False,2497904.8222015593,1498121.706946473,False
3.65,37.985285,128.183938,4953.6419088,88.99,-29.699,5.435,0.9286207608866219,37.913397,128.181746,5950.325412,4.465,-19.819,180.235,1.0,2215.704375091883,1691.3897367555392,8066.659984499974,157.0784721988972,153.06013544872914,26.939864551270876,False,False,2503251.571325589,1488752.3795025758,False
3.6666,37.985568,128.183981,4934.358432,88.019,-29.792,5.515,0.9286207608866219,37.913157,128.181744,5940.799497600001,4.538,-19.902,180.239,1.0,2236.677577038967,1708.7153424748196,8125.717941543955,156.99453545181956,152.95916324200635,27.040836757993656,False,False,2549752.8179316246,1518113.4021975591,False
3.6833,37.98585,128.184025,4915.0136904,87.044,-29.883,5.595,0.9286207608866219,37.912918,128.181741,5931.2330448,4.613,-19.985,180.243,1.0,2220.084413115899,1693.0670782365437,8184.563459528285,156.91273448418724,152.85806481490079,27.1419351850992,False,False,2512587.2196870446,1491403.5922430013,False
3.7,37.986133,128.184069,4895.609208,86.065,-29.973,5.675,0.9286207608866219,37.912679,128.181739,5921.626663200001,4.688,-20.067,180.247,1.0,2227.595047811565,1693.8367191230086,8243.521327473554,156.831493821455,152.75820888706716,27.24179111293284,False,False,2529099.3745569377,1492612.7356413694,False
3.7166,37.986415,128.184115,4876.1458992,85.081,-30.062,5.754,0.9286207608866219,37.912439,128.181737,5911.9797432,4.765,-20.15,180.251,1.0,2238.316830448434,1711.1772019118237,8302.487448313344,156.75135984200395,152.65743556211586,27.34256443788414,False,False,2552849.772916751,1522040.4243200414,False
3.7333,37.986698,128.184161,4856.6249832,84.094,-30.149,5.834,0.9286207608866219,37.9122,128.181735,5902.2928944000005,4.843,-20.233,180.255,1.0,2232.352589888466,1695.4791192473365,8361.457424857344,156.67279317060255,152.55679352341997,27.443206476580027,False,False,2539326.2641823688,1495206.4425147297,False
3.75,37.98698,128.184208,4837.0473744,83.103,-30.236,5.913,0.9286207608866219,37.911961,128.181732,5892.5661168,4.923,-20.315,180.259,1.0,2229.082242532259,1696.3393496612425,8420.325252318873,156.59444752294934,152.45714150026913,27.542858499730876,False,False,2531839.052620482,1496569.9281138803,False
3.7666,37.987263,128.184255,4817.414292,82.108,-30.321,5.992,0.9286207608866219,37.911722,128.18173,5882.7988008,5.003,-20.397,180.263,1.0,2249.923215611106,1707.3573065142991,8479.30478042459,156.5176246283297,152.35775424914286,27.64224575085715,False,False,2578319.9339395515,1515225.0349137466,False
3.7833,37.987546,128.184303,4797.726955200001,81.108,-30.405,6.071,0.9286207608866219,37.911483,128.181727,5872.991860800001,5.084,-20.479,180.267,1.0,2238.745690920035,1697.993475325309,8538.292429009258,156.44173589210476,152.25846256560985,27.741537434390178,False,False,2553040.7633517245,1499185.2967553746,False
3.8,37.987828,128.184352,4777.986278400001,80.104,-30.487,6.149,0.9286207608866219,37.911244,128.181725,5863.1449920000005,5.167,-20.56,180.271,1.0,2235.418329407732,1698.7811506114858,8597.173099044867,156.36782600715824,152.16022447471454,27.83977552528546,False,False,2545403.592863099,1500426.5096722387,False
3.8166,37.988111,128.184401,4758.193176000001,79.096,-30.569,6.228,0.9286207608866219,37.911005,128.181723,5853.2584992,5.251,-20.642,180.275,1.0,2256.1940279683517,1709.844741378313,8656.167472242107,156.2934006393543,152.0612326629277,27.938767337072303,False,False,2591867.681029448,1519185.3772707148,False
3.8333,37.988394,128.184452,4738.349172,78.083,-30.649,6.305,0.9286207608866219,37.910767,128.18172,5843.3317728,5.337,-20.723,180.28,1.0,2245.5255300580216,1694.2440647604824,8715.061729733497,156.22141453090074,151.96328000057102,28.036719999428964,False,False,2567659.784978773,1492534.98501779,False
3.85,37.988677,128.184503,4718.4551808,77.067,-30.728,6.383,0.9286207608866219,37.910528,128.181717,5833.3657272,5.423,-20.804,180.284,1.0,2247.1107765209167,1701.3119219649732,8774.069540851538,156.14988581679881,151.8655348316994,28.134465168300622,False,False,2571025.6594770113,1504436.9039187212,False
3.8666,37.98896,128.184554,4698.5124216,76.048,-30.806,6.46,0.9286207608866219,37.910289,128.181715,5823.3597528,5.511,-20.885,180.289,1.0,2262.206263481684,1712.3651269315112,8833.07778268688,156.07915060250957,151.76802693956307,28.23197306043694,False,False,2604865.2561071645,1523204.8148853814,False
3.8833,37.989243,128.184606,4678.521504,75.024,-30.883,6.536,0.9286207608866219,37.910051,128.181712,5813.3144592,5.6,-20.965,180.293,1.0,2250.8243452523047,1696.7480229427977,8891.983499855338,156.00960809655564,151.67149543005158,28.328504569948414,False,False,2578985.739497435,1496486.06692146,False
3.9,37.989526,128.184659,4658.4839520000005,73.995,-30.959,6.612,0.9286207608866219,37.909812,128.181709,5803.229541600001,5.691,-21.046,180.298,1.0,2252.9538225151064,1703.8217730347887,8951.004807337327,155.94078711808044,151.57425279828507,28.42574720171491,False,False,2583584.5848405957,1508414.5581178372,False
3.9166,37.98981,128.184713,4638.4003752,72.963,-31.034,6.688,0.9286207608866219,37.909574,128.181707,5793.1053048,5.782,-21.126,180.303,1.0,2274.275022078885,1708.6201391814475,9010.02878898497,155.87268310607348,151.4781809749911,28.52181902500891,False,False,2631650.6070654113,1516502.3461455314,False
3.9333,37.990093,128.184767,4618.2722976000005,71.927,-31.107,6.763,0.9286207608866219,37.909335,128.181704,5782.941444,5.875,-21.206,180.308,1.0,2256.4995632607643,1705.502946315257,9069.057783698641,155.80654678364633,151.38226517845357,28.617734821546446,False,False,2591184.919525269,1511081.4326568139,False
3.95,37.990377,128.184822,4598.1006336,70.887,-31.18,6.838,0.9286207608866219,37.909097,128.181701,5772.7385688,5.97,-21.286,180.313,1.0,2264.131160228686,1700.1160873486142,9128.091815422571,155.74024516879243,151.28650401050692,28.71349598949308,False,False,2608236.9189377413,1501808.581916503,False
3.9666,37.990661,128.184878,4577.8862976,69.843,-31.251,6.912,0.9286207608866219,37.908858,128.181698,5762.496374400001,6.066,-21.366,180.318,1.0,2279.8228596889085,1717.4666708964903,9187.241129128217,155.6758206328281,151.1909921559672,28.80900784403283,False,False,2643689.864440415,1531356.6678901464,False
3.9833,37.990944,128.184934,4557.6298992,68.794,-31.321,6.985,0.9286207608866219,37.90862,128.181695,5752.214860800001,6.163,-21.445,180.323,1.0,2261.9552268956977,1701.8139385392385,9246.171993148571,155.6124748568951,151.0964818951953,28.90351810480471,False,False,2602915.8054913734,1504495.2985678818,False
4.0,37.991228,128.184991,4537.3332672,67.74,-31.39,7.058,0.9286207608866219,37.908382,128.181692,5741.8943328000005,6.262,-21.524,180.328,1.0,2269.4940878875595,1702.6604880731977,9305.217925049134,155.54984222489307,151.00222736990372,28.997772630096293,False,False,2619797.7467630794,1505835.1168815831,False
4.0166,37.991512,128.185048,4516.9967064,66.682,-31.458,7.131,0.9286207608866219,37.908144,128.181689,5731.5347904,6.362,-21.603,180.334,1.0,2284.4546093057897,1713.7719282865964,9364.265843242283,155.48791573921912,150.90821028373833,29.091789716261676,False,False,2653663.0367400516,1524714.2667438558,False
4.0333,37.991797,128.185106,4496.621436,65.618,-31.525,7.203,0.9286207608866219,37.907906,128.181686,5721.136538400001,6.464,-21.682,180.339,1.0,2278.272719506895,1704.35526479621,9423.42871120201,155.42689233276283,150.81439924551708,29.18560075448291,False,False,2639360.084830021,1508518.6179535799,False
4.05,37.992081,128.185165,4476.208370400001,64.547,-31.591,7.274,0.9286207608866219,37.907668,128.181683,5710.6989672,6.567,-21.761,180.345,1.0,2274.6427866535687,1705.2168192593927,9482.485750684647,155.36695076245852,150.7207206287234,29.279279371276598,False,False,2630896.512253139,1509885.026369252,False
4.0666,37.992365,128.185224,4455.7587288,63.469,-31.655,7.346,0.9286207608866219,37.907429,128.18168,5700.2229912,6.672,-21.839,180.351,1.0,2289.530084466847,1722.5762124630141,9541.654751945365,155.30840486952613,150.62832399537012,29.371676004629894,False,False,2664670.07017717,1539534.495668363,False
4.0833,37.99265,128.185284,4435.2731208000005,62.384,-31.718,7.417,0.9286207608866219,37.907192,128.181677,5689.7080008,6.778,-21.917,180.356,1.0,2283.2440008436147,1700.7277628707404,9600.717793505311,155.25093871469534,150.5359629132543,29.464037086745687,False,False,2650096.7548442716,1502034.436665702,False
4.1,37.992935,128.185344,4414.7527656,61.292,-31.78,7.488,0.9286207608866219,37.906954,128.181673,5679.154605600001,6.885,-21.995,180.362,1.0,2284.3623556426296,1707.8277598192824,9659.895470097956,155.19418143643156,150.44391428998682,29.556085710013168,False,False,2652449.6211473434,1514031.3101176815,False
4.1166,37.99322,128.185405,4394.1985776,60.193,-31.841,7.558,0.9286207608866219,37.906716,128.18167,5668.562500800001,6.995,-22.073,180.368,1.0,2299.955171177914,1718.923105711722,9719.074411353007,155.13831447538314,150.35206791412938,29.647932085870643,False,False,2687989.2621950353,1532937.930123286,False
4.1333,37.993505,128.185467,4373.6111664,59.088,-31.901,7.627,0.9286207608866219,37.906478,128.181667,5657.9316864,7.106,-22.15,180.374,1.0,2287.9963404362525,1709.491947182717,9778.257495547758,155.08344056143747,150.26139785656142,29.738602143438598,False,False,2660354.100869818,1516666.7145137133,False
4.15,37.99379,128.185529,4352.9917512,57.977,-31.96,7.696,0.9286207608866219,37.90624,128.181663,5647.262772,7.218,-22.227,180.381,1.0,2289.029295484967,1710.3994187995618,9837.444703895457,155.02936442386275,150.17095769053202,29.82904230946799,False,False,2662515.8243511077,1518113.8153779733,False
4.1666,37.994076,128.185592,4332.3412464,56.859,-32.018,7.765,0.9286207608866219,37.906003,128.18166,5636.5551479999995,7.332,-22.304,180.387,1.0,2310.151133759142,1715.3031578195105,9896.632833450012,154.9759805645089,150.08067359708366,29.919326402916354,False,False,2710884.8846883327,1526408.1851549265,False
4.1833,37.994362,128.185655,4311.660566400001,55.735,-32.075,7.833,0.9286207608866219,37.905765,128.181656,5625.809424000001,7.448,-22.381,180.393,1.0,2297.2912188617975,1712.1226654695186,9955.93517719261,154.92350262042967,149.99065660418484,30.009343395815165,False,False,2681056.4182232483,1520852.354795094,False
4.2,37.994647,128.185719,4290.950320800001,54.604,-32.131,7.9,0.9286207608866219,37.905527,128.181653,5615.0256,7.565,-22.458,180.4,1.0,2293.48363392797,1712.9248682651587,10015.128029123514,154.8720086767822,149.90081259661343,30.09918740338658,False,False,2672113.437511197,1522120.3929608455,False
4.2166,37.994933,128.185783,4270.2117288,53.466,-32.186,7.967,0.9286207608866219,37.90529,128.181649,5604.2033712,7.684,-22.534,180.407,1.0,2313.779012841404,1717.9683130273063,10074.324592382678,154.8213059893884,149.81215426805562,30.187845731944403,False,False,2718663.131982907,1530666.0232731227,False
4.2333,37.99522,128.185848,4249.4450952,52.322,-32.241,8.033,0.9286207608866219,37.905052,128.181645,5593.343347200001,7.805,-22.61,180.413,1.0,2307.1287529388633,1714.7066538376844,10133.745491499734,154.77045860422888,149.72379355676472,30.276206443235317,False,False,2703094.3620614605,1524961.4148934332,False
4.25,37.995506,128.185913,4228.6516392,51.171,-32.294,8.098,0.9286207608866219,37.904815,128.181641,5582.4452232,7.928,-22.686,180.42,1.0,2302.472345587275,1709.4108621069463,10192.94629755551,154.72165259343885,149.63552799662037,30.36447200337964,False,False,2692158.3576946445,1515787.834192701,False
4.2666,37.995793,128.185979,4207.8319704000005,50.015,-32.347,8.162,0.9286207608866219,37.904578,128.181638,5571.5089992,8.052,-22.762,180.427,1.0,2323.5377055221907,1720.5290785115114,10252.257674546321,154.6726902610436,149.5475578362981,30.452442163701924,False,False,2740678.469884186,1534747.99372884,False
4.2833,37.99608,128.186045,4186.9866984,48.854,-32.399,8.226,0.9286207608866219,37.90434,128.181634,5560.5352848,8.178,-22.837,180.435,1.0,2310.4520120587254,1717.300064170082,10311.68286758349,154.6244421273941,149.46090697302938,30.53909302697063,False,False,2710154.5631189705,1529089.9785499675,False
4.3,37.996367,128.186111,4166.1164328,47.687,-32.45,8.288,0.9286207608866219,37.904103,128.18163,5549.5234704,8.306,-22.913,180.442,1.0,2311.2607009875574,1712.0213668684876,10370.997942075932,154.5773902537635,149.37333052518446,30.62666947481556,False,False,2711818.6596804657,1519930.8146481204,False
4.3166,37.996654,128.186179,4145.222088,46.514,-32.501,8.349,0.9286207608866219,37.903866,128.181626,5538.474165600001,8.435,-22.988,180.449,1.0,2327.5767574545994,1723.205861536571,10430.319800969886,154.53047582371013,149.2869126502566,30.713087349743407,False,False,2749457.523110719,1539033.0982930793,False
4.3333,37.996942,128.186246,4124.303968800001,45.335,-32.551,8.409,0.9286207608866219,37.903629,128.181622,5527.387370400001,8.567,-23.063,180.457,1.0,2319.1191478021747,1713.7556635805822,10489.748602564028,154.48429188904194,149.20086420956312,30.79913579043689,False,False,2729602.416366975,1522684.390583194,False
4.35,37.99723,128.186314,4103.3629896,44.146,-32.6,8.468,0.9286207608866219,37.903391,128.181617,5516.26278,8.7,-23.137,180.465,1.0,2320.6613028578413,1720.8496168983681,10549.294328722623,154.43913343997906,149.11605793825197,30.883942061748016,False,False,2732974.6859528874,1534757.7603811172,False
4.3666,37.997518,128.186382,4082.3991504000005,42.948,-32.649,8.526,0.9286207608866219,37.903154,128.181613,5505.101004,8.835,-23.211,180.473,1.0,2335.3853700719806,1725.8342951675684,10608.726357627156,154.39391414290984,149.03139723005756,30.968602769942457,False,False,2767047.073001391,1543238.6059491453,False
4.3833,37.997806,128.186451,4061.4136704000002,41.741,-32.698,8.582,0.9286207608866219,37.902917,128.181609,5493.9017376,8.972,-23.285,180.481,1.0,2322.9156451166114,1716.3758449220222,10668.16158004371,154.3489542720375,148.9469209590146,31.053079040985413,False,False,2737797.4095345894,1526849.791990928,False
4.4,37.998095,128.18652,4040.4062448,40.525,-32.746,8.638,0.9286207608866219,37.90268,128.181605,5482.6649808,9.111,-23.359,180.489,1.0,2329.136859922638,1717.2542199073027,10727.706782579493,154.30462732302058,148.8627295540596,31.13727044594041,False,False,2752062.106025711,1528247.6044286818,False
4.4166,37.998384,128.186589,4019.3774832,39.3,-32.793,8.693,0.9286207608866219,37.902444,128.1816,5471.3913432,9.252,-23.433,180.497,1.0,2343.8620015971856,1722.3799041232212,10787.145052864282,154.26141208090507,148.77863315138512,31.2213668486149,False,False,2786261.169461206,1536952.2869795505,False
4.4333,37.998673,128.186659,3998.3279952000003,38.067,-32.84,8.748,0.9286207608866219,37.902207,128.181596,5460.080215200001,9.395,-23.506,180.506,1.0,2331.3204103249896,1719.0040354438502,10846.69312038451,154.21786342097457,148.6958760271934,31.304123972806597,False,False,2756737.631033067,1531032.5325785119,False
4.45,37.998962,128.186729,3977.2577808,36.827,-32.887,8.802,0.9286207608866219,37.90197,128.181591,5448.732511200001,9.54,-23.58,180.514,1.0,2331.9914279742516,1719.9405609748546,10906.24448491155,154.17438271663758,148.61223537747426,31.387764622525744,False,False,2758095.585088777,1532531.5793242082,False
4.4666,37.999252,128.1868,3956.1674496,35.58,-32.934,8.855,0.9286207608866219,37.901733,128.181586,5437.3473168,9.687,-23.652,180.523,1.0,2353.0732602254457,1731.195150439864,10965.909204301382,154.1308848690169,148.53090418541817,31.469095814581838,False,False,2807273.6335136234,1551840.4865175483,False
4.4833,37.999541,128.18687,3935.0573064,34.326,-32.98,8.908,0.9286207608866219,37.901496,128.181582,5425.925546400001,9.836,-23.725,180.532,1.0,2333.2854229521563,1721.625270562489,11025.45591860099,154.08800581312852,148.44873706046673,31.55126293953328,False,False,2760700.1622143188,1535206.9388792852,False
4.5,37.999831,128.186941,3913.9273512,33.065,-33.025,8.96,0.9286207608866219,37.90126,128.181577,5414.4668952,9.987,-23.798,180.541,1.0,2340.2644802190243,1716.4647706506641,11085.009484539243,154.04626442319264,148.3667150425695,31.63328495743051,False,False,2776801.4343460556,1526223.4362202317,False
4.5166,38.000122,128.187012,3892.7778888000003,31.797,-33.071,9.012,0.9286207608866219,37.901023,128.181572,5402.971668,10.141,-23.87,180.55,1.0,2360.5385513225883,1733.8318705663457,11144.7829129667,154.00316220133794,148.28603862514225,31.713961374857746,False,False,2824246.2364232726,1556071.5298037888,False
4.5333,38.000412,128.187084,3871.6089192000004,30.522,-33.116,9.063,0.9286207608866219,37.900787,128.181567,5391.439560000001,10.296,-23.942,180.56,1.0,2342.370262005746,1718.2278227239347,11204.339157557111,153.96126986425554,148.20542710076907,31.794572899230918,False,False,2781316.7357719066,1529025.3861523904,False
4.55,38.000703,128.187155,3850.4204424,29.238,-33.161,9.113,0.9286207608866219,37.90055,128.181562,5379.870876,10.453,-24.013,180.569,1.0,2347.664867499011,1725.2111418860077,11264.11141360841,153.91911308150347,148.1261197726958,31.873880227304195,False,False,2793524.8906760365,1540935.2527699368,False
4.5666,38.000995,128.187227,3829.2127632,27.946,-33.205,9.163,0.9286207608866219,37.900314,128.181557,5368.2659208,10.613,-24.085,180.579,1.0,2368.817943658375,1730.3469269522009,11323.886893185769,153.87779751207603,148.04602960654898,31.953970393451048,False,False,2843200.9744431814,1549694.9487986758,False
4.5833,38.001286,128.187299,3807.9858816,26.644,-33.249,9.212,0.9286207608866219,37.900077,128.181552,5356.6240848,10.775,-24.156,180.589,1.0,2349.7477335627027,1726.9746789928624,11383.661682678006,153.83647949856325,147.9671182601223,32.032881739877695,False,False,2798000.7904373216,1543751.308522454,False
4.6,38.001578,128.187371,3786.739188,25.333,-33.293,9.261,0.9286207608866219,37.899841,128.181546,5344.9462824,10.939,-24.227,180.599,1.0,2355.8937185383124,1721.840947154735,11443.439880721206,153.79504704564667,147.8883540606982,32.11164593930182,False,False,2812252.832382139,1534784.1411096554,False
4.6166,38.00187,128.187443,3765.4732920000006,24.012,-33.336,9.309,0.9286207608866219,37.899604,128.181541,5333.2322088,11.105,-24.298,180.61,1.0,2370.710499052454,1739.139306347316,11503.323678886038,153.75441489158382,147.80992178909938,32.19007821090064,False,False,2847060.8138177595,1564603.9050815403,False
4.6333,38.002162,128.187516,3744.1878888,22.681,-33.379,9.356,0.9286207608866219,37.899368,128.181536,5321.481864,11.273,-24.368,180.62,1.0,2357.994247773707,1723.5213504225082,11563.100630527544,153.71396965741886,147.7324964591737,32.267503540826304,False,False,2816786.376426645,1537448.8328027087,False
4.65,38.002455,128.187588,3722.8826736000005,21.34,-33.421,9.403,0.9286207608866219,37.899132,128.18153,5309.695248,11.444,-24.438,180.631,1.0,2363.293108752254,1724.497405603478,11622.9871503691,153.67421049614845,147.6553712265799,32.344628773420126,False,False,2829086.1663090056,1539015.9738703624,False
4.6666,38.002747,128.187661,3701.5573416,19.989,-33.463,9.45,0.9286207608866219,37.898896,128.181524,5297.872970400001,11.617,-24.508,180.642,1.0,2373.499567045183,1735.7662835619124,11682.767060033259,153.6344296036569,147.57830427901555,32.42169572098445,False,False,2853049.9746858375,1558396.6815403397,False
4.6833,38.00304,128.187733,3680.2118928,18.628,-33.505,9.495,0.9286207608866219,37.89866,128.181519,5286.0144216,11.793,-24.578,180.653,1.0,2364.594037632995,1726.176601381604,11742.648410604284,153.59463198741355,147.50151758884948,32.498482411150526,False,False,2831743.031363282,1541680.9229062563,False
4.7,38.003334,128.187806,3658.8454128,17.257,-33.547,9.54,0.9286207608866219,37.898424,128.181513,5274.120211200001,11.97,-24.647,180.664,1.0,2371.6255075106533,1727.1442523466985,11802.647632338108,153.55476008755272,147.42590623822392,32.57409376177609,False,False,2848184.790305017,1543235.0851762826,False
4.7166,38.003627,128.187879,3637.4585112,15.876,-33.588,9.585,0.9286207608866219,37.898188,128.181507,5262.1903391999995,12.15,-24.716,180.676,1.0,2381.0391982341193,1738.435736353316,11862.536211453922,153.51574804330247,147.35042815166375,32.649571848336265,False,False,2870345.1142725484,1562683.8636050639,False
4.7333,38.003921,128.187952,3616.0499688000004,14.486,-33.629,9.629,0.9286207608866219,37.897952,128.181501,5250.224805600001,12.333,-24.785,180.688,1.0,2372.9847355023694,1728.909818676888,11922.534580435444,153.47670567541357,147.27516599930846,32.724834000691544,False,False,2850989.6138901575,1546051.6976485124,False
4.75,38.004216,128.188025,3594.6194808,13.087,-33.669,9.672,0.9286207608866219,37.897716,128.181495,5238.2236104,12.518,-24.853,180.699,1.0,2379.201043848285,1729.795880245557,11982.642743076689,153.43860268051665,147.20105322554224,32.798946774457775,False,False,2865549.978655772,1547466.31922618,False
4.7666,38.00451,128.188097,3573.1670472,11.679,-33.709,9.714,0.9286207608866219,37.89748,128.181489,5226.1870584,12.706,-24.922,180.712,1.0,2387.8611448980996,1741.1022843022045,12042.636202255508,153.40054282595094,147.12614396735373,32.873856032646295,False,False,2885981.2222804558,1566969.9695174356,False
4.7833,38.004805,128.18817,3551.6914488,10.26,-33.748,9.756,0.9286207608866219,37.897244,128.181482,5214.1148448,12.896,-24.99,180.724,1.0,2380.658584420228,1731.670784118022,12102.74802536549,153.36339388675947,147.05232881160723,32.94767118839277,False,False,2868597.842733237,1550474.8516267207,False
4.8,38.0051,128.188243,3530.1926856,8.832,-33.787,9.797,0.9286207608866219,37.897008,128.181476,5202.007579200001,13.088,-25.058,180.737,1.0,2381.4079014836825,1732.4442247918998,12162.855437853606,153.32622399438262,146.97871831436657,33.021281685633426,False,False,2870171.1607246976,1551695.763633965,False
4.8166,38.005395,128.188316,3508.670148,7.394,-33.826,9.837,0.9286207608866219,37.896772,128.181469,5189.8652616,13.283,-25.125,180.749,1.0,2396.528005890009,1743.8697126370287,12222.967049410554,153.28921942456762,146.90614095595495,33.09385904404507,False,False,2906081.541614455,1571435.979494046,False
4.8333,38.00569,128.188388,3487.1229215999997,5.946,-33.864,9.877,0.9286207608866219,37.896537,128.181463,5177.6875872,13.481,-25.192,180.763,1.0,2382.137958948535,1728.1683576531457,12282.95984012703,153.25293214009326,146.83376827067215,33.16623172932786,False,False,2871487.6217308547,1544058.7061738004,False
4.85,38.005986,128.188461,3465.5503968,4.488,-33.902,9.915,0.9286207608866219,37.896301,128.181456,5165.474860800001,13.682,-25.259,180.776,1.0,2389.2994352691726,1735.2000433367357,12343.181612573902,153.2169834783093,146.7615442965069,33.2384557034931,False,False,2888361.3354875725,1556115.599241569,False
4.8666,38.006282,128.188533,3443.9516592,3.019,-33.94,9.953,0.9286207608866219,37.896065,128.181449,5153.227082400001,13.885,-25.326,180.789,1.0,2403.704675912717,1746.5440285698096,12403.399176398774,153.180816910616,146.6894431803686,33.3105568196314,False,False,2922671.713041024,1575743.9162340479,False
4.8833,38.006578,128.188605,3422.326404,1.539,-33.977,9.991,0.9286207608866219,37.89583,128.181442,5140.944556800001,14.09,-25.393,180.803,1.0,2390.1708878667587,1730.9308562909118,12463.506828531006,153.1455637474618,146.6174268544111,33.382573145588914,False,False,2890019.9938326715,1548476.2585679372,False
4.9,38.006875,128.188678,3400.6737168000004,0.049,-34.015,10.027,0.9286207608866219,37.895594,128.181435,5128.627284000001,14.299,-25.459,180.817,1.0,2397.3989271197715,1737.8477150553101,12523.839471650388,153.10961617883203,146.54662170646716,-33.453378293532836,False,False,2907110.0247823726,1560351.9931161196,False
4.9166,38.007172,128.18875,3378.9920736000004,-1.491,-34.092,10.075,0.9286207608866219,37.895359,128.181428,5116.275264000001,14.51,-25.525,180.832,1.0,2411.945585131714,1743.1411001020663,12584.058065496816,153.03331095949642,146.4759091296999,-33.524090870300114,False,False,2941877.345436752,1569443.9682502267,False
4.9333,38.007469,128.188821,3357.2772072000002,-3.057,-34.168,10.124,0.9286207608866219,37.895124,128.181421,5103.888801600001,14.724,-25.59,180.846,1.0,2397.7579938992285,1733.5845234878993,12644.2732533867,152.95757359941126,146.4062166455421,-33.59378335445791,False,False,2907545.341177814,1552709.701154594,False
4.95,38.007766,128.188893,3335.5245456000002,-4.638,-34.24,10.174,0.9286207608866219,37.894888,128.181413,5091.467592000001,14.941,-25.656,180.861,1.0,2399.807855850008,1740.617507289155,12704.609246731146,152.88549833980784,146.3356558431759,-33.664344156824086,False,False,2912249.1942848144,1564804.8940018422,False
4.9666,38.008063,128.188965,3313.7313456,-6.233,-34.306,10.224,0.9286207608866219,37.894653,128.181406,5079.0122448,15.161,-25.721,180.876,1.0,2415.5906523733843,1745.8072578865253,12764.83274831777,152.8191327664306,146.26606861874373,-33.73393138125626,False,False,2950035.7034171643,1573729.5862751023,False
4.9833,38.008361,128.189036,3291.8951688,-7.842,-34.369,10.274,0.9286207608866219,37.894418,128.181398,5066.5221504,15.383,-25.786,180.892,1.0,2407.2020135504076,1736.3681064576065,12825.16870693974,152.75553686174285,146.19662843629754,-33.80337156370246,False,False,2929593.230777681,1557172.710007807,False
5.0,38.008658,128.189107,3270.0141864,-9.463,-34.43,10.324,0.9286207608866219,37.894182,128.181391,5053.9979184,15.609,-25.851,180.907,1.0,2403.1658284830446,1743.1434714922798,12885.502726521026,152.69374552203914,146.1271546209398,-33.8728453790602,False,False,2919670.8842153586,1568837.3697895557,False
5.0166,38.008956,128.189178,3248.0865696,-11.098,-34.489,10.373,0.9286207608866219,37.893947,128.181383,5041.4395488,15.837,-25.915,180.923,1.0,2424.699267697479,1748.6036880102156,12945.84425595372,152.63416418925263,146.05871481069397,-33.94128518930604,False,False,2971436.1175441137,1578247.0620127032,False
5.0333,38.009254,128.189249,3226.1110992,-12.745,-34.547,10.422,0.9286207608866219,37.893712,128.181375,5028.8470416,16.068,-25.979,180.939,1.0,2411.7421475303954,1739.0183902237732,13006.188858688061,152.57552410227203,145.9902669166549,-34.00973308334513,False,False,2939887.4354982316,1561408.6236087484,False
5.05,38.009551,128.189319,3204.0862512,-14.406,-34.603,10.471,0.9286207608866219,37.893477,128.181366,5016.2207016,16.303,-26.043,180.956,1.0,2407.065033387995,1740.0329722987658,13066.426692239764,152.51886571364844,145.92179325445093,-34.078206745549075,False,False,2928402.3899149047,1563049.6930867843,False
5.0666,38.009849,128.189389,3182.0105015999998,-16.077,-34.658,10.52,0.9286207608866219,37.893242,128.181358,5003.560224000001,16.54,-26.107,180.973,1.0,2428.7613390926113,1751.2737268599376,13126.77336471729,152.46300301529084,145.85338752293129,-34.146612477068714,False,False,2980645.6844209824,1582547.9970656373,True
5.0833,38.010148,128.189459,3159.882936,-17.76,-34.712,10.568,0.9286207608866219,37.893007,128.18135,4990.865913600001,16.781,-26.17,180.99,1.0,2421.4017010102184,1741.6703020636996,13187.233694136947,152.40825442584912,145.7860214263962,-34.213978573603825,False,False,2962580.964821914,1565651.3957569348,False
5.1,38.010446,128.189529,3137.7023352000006,-19.455,-34.765,10.617,0.9286207608866219,37.892772,128.181341,4978.137770400001,17.024,-26.233,181.007,1.0,2417.660901977173,1742.6904294705896,13247.592447580599,152.35439683129573,145.71853532329436,-34.28146467670566,False,False,2953312.4670800283,1567303.8212502871,False
5.1166,38.010744,128.189599,3115.4677848,-21.161,-34.817,10.665,0.9286207608866219,37.892537,128.181333,4965.3760992,17.271,-26.296,181.025,1.0,2434.0118356307694,1753.9371280425626,13307.950357044496,152.30164939420567,145.65109109103756,-34.34890890896246,False,False,2992759.110147143,1586841.4300863158,False
5.1333,38.011042,128.189668,3093.1777608,-22.877,-34.868,10.713,0.9286207608866219,37.892302,128.181324,4952.5805952,17.521,-26.359,181.043,1.0,2420.4743618717052,1744.4582923359633,13368.312324568356,152.24987339061897,145.58360525801984,-34.41639474198017,False,False,2959681.779927069,1570135.5913437705,False
5.15,38.01134,128.189737,3070.8316535999998,-24.603,-34.918,10.76,0.9286207608866219,37.892068,128.181315,4939.7515632,17.774,-26.421,181.062,1.0,2422.3276288737325,1739.3608176966452,13428.568403082149,152.19937139034866,145.51706300715915,-34.48293699284087,False,False,2963950.142038296,1561130.4417364264,False
5.1666,38.011639,128.189806,3048.4279392000003,-26.341,-34.967,10.807,0.9286207608866219,37.891833,128.181306,4926.889003200001,18.03,-26.483,181.08,1.0,2444.336372344889,1756.7450637422974,13489.048993015886,152.14970914024747,145.45054643292045,-34.54945356707955,False,False,3017285.016434041,1591392.8855346956,False
5.1833,38.011937,128.189875,3025.966008,-28.091,-35.016,10.854,0.9286207608866219,37.891598,128.181296,4913.99322,18.29,-26.545,181.099,1.0,2426.1652745110077,1747.2544917919845,13549.428899567589,152.10022402244422,145.3839472999957,-34.616052700004325,False,False,2972813.55917389,1574638.9411545459,False
5.2,38.012236,128.189944,3003.444336,-29.853,-35.063,10.901,0.9286207608866219,37.891364,128.181287,4901.0639088,18.552,-26.607,181.119,1.0,2433.606275976172,1742.0212129918539,13609.808609592414,-152.05260205466575,145.31736545471185,-34.68263454528816,False,False,2990673.480632941,1565381.9716380385,False
5.2166,38.012534,128.190012,2980.8495120000002,-31.216,-35.154,11.012,0.9286207608866219,37.891129,128.181277,4888.1013744,18.819,-26.668,181.139,1.0,2444.4453891185267,1759.5609869316716,13670.194889384107,-151.9480268344041,145.25166587136613,-34.74833412863387,False,False,3016888.7780582677,1595963.3327092389,False
5.2333,38.012832,128.19008,2958.1775736000004,-32.13,-35.258,11.092,0.9286207608866219,37.890895,128.181268,4875.1056168000005,19.088,-26.729,181.159,1.0,2432.382024312229,1743.7931822395383,13730.47328987488,-151.83822536218074,145.18578762749772,-34.81421237250227,False,False,2987250.9682007735,1568215.7857095397,False
5.25,38.013131,128.190148,2935.4282160000002,-33.08,-35.354,11.172,0.9286207608866219,37.89066,128.181258,4862.076940800001,19.361,-26.79,181.179,1.0,2440.4132545075245,1750.7859646304787,13790.983922964255,-151.73612315168634,145.11989188255004,-34.88010811744997,False,False,3006595.1435024403,1580306.4338050343,False
5.2666,38.013429,128.190217,2912.5980864000003,-34.051,-35.446,11.249,0.9286207608866219,37.890426,128.181248,4849.015041600001,19.637,-26.851,181.2,1.0,2453.14565458126,1756.231202385638,13851.287083757315,-151.63887271009136,145.05376051809841,-34.9462394819016,False,False,3037524.6313194535,1589726.6114741585,False
5.2833,38.013727,128.190285,2889.685356,-35.039,-35.534,11.324,0.9286207608866219,37.890191,128.181238,4835.919919200001,19.917,-26.911,181.221,1.0,2440.458304298456,1752.562582157558,13911.703207645602,-151.54587332781847,144.98856230566298,-35.01143769433701,False,False,3006256.5004060646,1583161.976265006,False
5.3,38.014024,128.190353,2866.6891104,-36.042,-35.619,11.397,0.9286207608866219,37.889957,128.181227,4822.7921832,20.2,-26.971,181.243,1.0,2437.8567503137883,1747.6510053438496,13971.912393248758,-151.4565449306467,144.9231190520316,-35.07688094796837,False,False,2999685.3842897564,1574437.4532030625,False
5.3166,38.014322,128.190421,2843.6084352000003,-37.06,-35.703,11.469,0.9286207608866219,37.889723,128.181217,4809.6315288,20.487,-27.031,181.265,1.0,2460.8614994602217,1758.9046959109855,14032.234801339093,-151.36836787365237,144.8576048884156,-35.14239511158442,False,False,3055805.9324238594,1594039.2376807649,False
5.3333,38.01462,128.190489,2820.4430256000005,-38.091,-35.786,11.54,0.9286207608866219,37.889489,128.181206,4796.437956,20.777,-27.091,181.288,1.0,2448.995962719914,1749.4278145932856,14092.570530812203,-151.2815775472766,144.79197559934755,-35.20802440065246,False,False,3026449.7103062198,1577285.827517527,False
5.35,38.014917,128.190558,2797.1919672,-39.134,-35.868,11.611,0.9286207608866219,37.889255,128.181195,4783.2117696000005,21.071,-27.15,181.31,1.0,2447.279223459919,1750.3106140909285,14152.80979289388,-151.19600674336093,144.72705201966585,-35.272947980334145,False,False,3022018.8813944343,1578700.9066000297,False
5.3666,38.015214,128.190626,2773.8558696,-40.191,-35.949,11.681,0.9286207608866219,37.88902,128.181184,4769.9529696,21.369,-27.21,181.334,1.0,2464.16385597648,1767.720234696445,14213.162385341337,-151.1115888982465,144.6611689352592,-35.33883106474081,False,False,3063253.9882140504,1609194.673366955,False
5.3833,38.015511,128.190694,2750.4344280000005,-41.258,-36.029,11.751,0.9286207608866219,37.888786,128.181173,4756.661556,21.67,-27.269,181.357,1.0,2452.327224795877,1752.081408866328,14273.413382534842,-151.02830242575283,144.5960135323909,-35.403986467609116,False,False,3033926.9565208703,1581541.546695656,False
5.4,38.015808,128.190763,2726.9273376,-42.337,-36.109,11.822,0.9286207608866219,37.888552,128.181162,4743.337224,21.975,-27.328,181.381,1.0,2456.0330264021345,1752.977706076533,14333.677982750427,-150.94496406620323,144.53074613760452,-35.46925386239548,False,False,3042791.135364289,1582981.6669884112,False
5.4166,38.016104,128.190832,2703.3349032000006,-43.425,-36.188,11.892,0.9286207608866219,37.888318,128.18115,4729.980888,22.283,-27.386,181.406,1.0,2468.382419279417,1764.5987079268002,14393.84632720266,-150.86307670772425,144.466300181387,-35.533699818613,False,False,3072966.5431323196,1603289.5670837716,False
5.4333,38.016401,128.1909,2679.6571248,-44.52,-36.266,11.963,0.9286207608866219,37.888085,128.181138,4716.5916336,22.595,-27.445,181.431,1.0,2461.1371627196563,1749.0099025345685,14454.01796268318,-150.78191942676614,144.40072648822033,-35.59927351177967,False,False,3054876.5264028,1575771.7829256337,False
5.45,38.016697,128.190969,2655.8940024000003,-45.623,-36.343,12.033,0.9286207608866219,37.887851,128.181127,4703.1700704,22.911,-27.503,181.456,1.0,2459.5003463708285,1755.6353532497494,14514.198146708775,-150.70205878532937,144.33600471625047,-35.66399528374954,False,False,3050616.3998177485,1587250.0895610745,False
5.4666,38.016993,128.191039,2632.0461456000003,-46.733,-36.42,12.105,0.9286207608866219,37.887617,128.181114,4689.7161984,23.231,-27.561,181.482,1.0,2478.0560370635,1767.483679335934,14574.402551021325,-150.62205350875664,144.2711471818053,-35.72885281819471,False,False,3096192.4167471775,1607989.6837164848,False
5.4833,38.017289,128.191108,2608.1132496,-47.848,-36.496,12.176,0.9286207608866219,37.887383,128.181102,4676.2300176,23.555,-27.618,181.508,1.0,2465.3954381327267,1757.591104848842,14634.60505782887,-150.54317498714374,144.20717640575972,-35.7928235942403,False,False,3064664.1869820193,1590421.3970239835,False
5.5,38.017584,128.191177,2584.0956192000003,-48.97,-36.571,12.248,0.9286207608866219,37.88715,128.18109,4662.711528000001,23.883,-27.676,181.535,1.0,2463.022970224158,1752.5708415783688,14694.596098430116,-150.46522701161064,144.14199376153738,-35.858006238462615,False,False,3058582.3972299444,1581477.857381417,False
5.5166,38.01788,128.191247,2559.993864,-50.097,-36.645,12.321,0.9286207608866219,37.886916,128.181077,4649.1607296,24.214,-27.733,181.562,1.0,2486.9537058466076,1770.1687378554186,14754.82621314657,-150.38810212667335,144.07776951984303,-35.92223048015696,False,False,3117574.331338483,1612341.3723092547,False
5.5333,38.018175,128.191317,2535.8076792,-51.229,-36.719,12.394,0.9286207608866219,37.886683,128.181064,4635.5779272,24.55,-27.791,181.589,1.0,2469.705767598001,1754.5501278606075,14814.84497702552,-150.31119302113171,144.01228607143906,-35.98771392856095,False,False,3074591.067630642,1584682.5658676128,False
5.55,38.01847,128.191387,2511.5379792,-52.366,-36.791,12.467,0.9286207608866219,37.886449,128.181051,4621.962816,24.889,-27.848,181.617,1.0,2472.641478562234,1761.348175279028,14874.982199842625,-150.23619849636262,143.94778311752222,-36.052216882477786,False,False,3081607.7146769376,1596499.6689289073,False
5.5666,38.018765,128.191457,2487.184764,-53.508,-36.863,12.541,0.9286207608866219,37.886216,128.181038,4608.315700800001,25.232,-27.904,181.646,1.0,2490.4969659867375,1766.9190179022964,14935.017960559562,-150.16109736736453,143.8841354292146,-36.11586457078541,False,False,3125678.519260453,1606193.5470796584,False
5.5833,38.019059,128.191528,2462.7486432,-54.654,-36.935,12.616,0.9286207608866219,37.885982,128.181024,4594.6362768,25.58,-27.961,181.675,1.0,2474.011889532763,1763.3459471895414,14995.072926892284,-150.08598031293673,143.81933581103434,-36.18066418896569,False,False,3084518.7287565726,1599752.4545787713,False
5.6,38.019354,128.191599,2438.229312,-55.804,-37.005,12.691,0.9286207608866219,37.885749,128.18101,4580.9248488,25.931,-28.017,181.705,1.0,2482.2392040863915,1758.3463266333288,15055.136477468137,-150.0128321756304,143.75545649363994,-36.24454350636008,False,False,3104666.594634246,1590814.428860945,False
5.6166,38.019648,128.19167,2413.6279896,-56.957,-37.074,12.767,0.9286207608866219,37.885516,128.180997,4567.181112,26.287,-28.074,181.735,1.0,2494.814027065369,1769.6347528952285,15115.0929902139,-149.94042651062063,143.69041008761002,-36.30958991238998,False,False,3135718.1197452727,1610592.325979273,False
5.6333,38.019941,128.191741,2388.9443712,-58.114,-37.143,12.844,0.9286207608866219,37.885283,128.180982,4553.405676,26.647,-28.13,181.765,1.0,2477.547134963904,1760.3672994667577,15174.958950628858,-149.86805709306162,143.62615275352331,-36.37384724647669,False,False,3092547.444301754,1594100.170288488,False
5.65,38.020235,128.191813,2364.1793712,-59.273,-37.211,12.921,0.9286207608866219,37.88505,128.180968,4539.598236,27.011,-28.186,181.797,1.0,2486.5023376476247,1761.0382403789704,15234.943276782924,-149.79662480629833,143.56193412958748,-36.4380658704125,False,False,3114531.6171941296,1595146.0930795996,False
5.6666,38.020529,128.191885,2339.3329896,-60.435,-37.277,12.999,0.9286207608866219,37.884817,128.180953,4525.758487200001,27.379,-28.241,181.828,1.0,2504.40795070928,1772.7906589721463,15294.941476131567,-149.7269659206317,143.4985396960365,-36.501460303963526,False,False,3158970.611650389,1615775.889737948,False
5.6833,38.020822,128.191957,2314.4064456,-61.599,-37.343,13.078,0.9286207608866219,37.884584,128.180939,4511.887039200001,27.751,-28.297,181.86,1.0,2487.0449267391173,1762.8409825709573,15354.832518273797,-149.65707869291043,143.43403305345686,-36.56596694654314,False,False,3115392.807779134,1598050.6619488397,False
5.7,38.021115,128.19203,2289.3994344000002,-62.766,-37.408,13.157,0.9286207608866219,37.884351,128.180924,4497.9832824000005,28.128,-28.353,181.893,1.0,2490.7422491548004,1763.9809329276254,15414.742925392202,-149.58834088817022,143.36943785031644,-36.63056214968358,False,False,3124349.8148257155,1599924.5136224558,False
5.7166,38.021407,128.192103,2264.3128704,-63.935,-37.472,13.237,0.9286207608866219,37.884118,128.180908,4484.0478264,28.508,-28.408,181.926,1.0,2503.3816234565884,1775.7539513006732,15474.557275889449,-149.52047449811252,143.30566164788647,-36.69433835211352,False,False,3155665.10014058,1620624.5353967424,False
5.7333,38.0217,128.192176,2239.1473632,-65.105,-37.535,13.317,0.9286207608866219,37.883885,128.180893,4470.0803664000005,28.894,-28.463,181.96,1.0,2496.4591231883464,1765.7845476061711,15534.484197899073,-149.4534385378981,143.24189809162002,-36.758101908379984,False,False,3138112.611364489,1602834.047907522,False
5.75,38.021992,128.19225,2213.9035224,-66.277,-37.597,13.398,0.9286207608866219,37.883653,128.180877,4456.0809024,29.283,-28.518,181.995,1.0,2494.8999494079803,1761.0794887289703,15594.210603183825,-149.38740487216188,143.17793457879594,-36.822065421204066,False,False,3133973.8557559154,1594399.7085924668,False
5.7666,38.022284,128.192324,2188.5819576,-67.45,-37.657,13.48,0.9286207608866219,37.88342,128.180861,4442.0494344,29.677,-28.573,182.03,1.0,2512.768813008132,1778.4956023867135,15654.055063494607,-149.32295667747658,143.11393273984336,-36.88606726015665,False,False,3178466.2110676463,1625084.927940298,False
5.7833,38.022576,128.192399,2163.1829736,-68.623,-37.717,13.561,0.9286207608866219,37.883188,128.180845,4427.9859624,30.075,-28.628,182.065,1.0,2501.3604213819353,1762.9071941710802,15713.8033510667,-149.25892891381937,143.04976446767967,-36.95023553232034,False,False,3149615.5571360607,1597344.5961682452,False
5.8,38.022868,128.192473,2137.7077896,-69.797,-37.775,13.644,0.9286207608866219,37.882955,128.180828,4413.8907912,30.478,-28.682,182.102,1.0,2503.316659174847,1769.9201490587252,15773.669565648024,-149.19621288528438,142.98664624742437,-37.01335375257563,False,False,3154260.9001460387,1609594.1491495515,False
5.8166,38.023159,128.192549,2112.1570152000004,-70.972,-37.833,13.726,0.9286207608866219,37.882723,128.180812,4399.7633112,30.885,-28.737,182.138,1.0,2517.63248350263,1775.3723029383234,15833.329498952504,-149.13396952002776,142.92227074543968,-37.077729254560346,False,False,3189949.845586921,1619120.3458960424,False
5.8333,38.02345,128.192625,2086.5309552,-72.149,-37.889,13.809,0.9286207608866219,37.88249,128.180795,4385.6038272000005,31.296,-28.792,182.176,1.0,2505.315253557415,1771.7598698520262,15893.112978455123,-149.0733678195783,142.857939184357,-37.142060815643,False,False,3158764.138645539,1612574.5999810451,False
5.85,38.023741,128.192701,2060.8311336,-73.325,-37.944,13.893,0.9286207608866219,37.882258,128.180778,4371.4123392,31.713,-28.846,182.214,1.0,2508.0227403980857,1766.8403924542667,15952.794274269449,-149.0134983197867,142.79446561768165,-37.20553438231836,False,False,3165298.8828132804,1603731.3970201893,False
5.8666,38.024032,128.192777,2035.0575504000003,-74.502,-37.998,13.976,0.9286207608866219,37.882026,128.18076,4357.1885424,32.133,-28.9,182.252,1.0,2525.8599876733433,1778.6965993145086,16012.489045340886,-148.95490635752287,142.73090258690107,-37.269097413098926,False,False,3209941.435791221,1624610.2192258257,False
5.8833,38.024322,128.192854,2009.2117296000001,-75.679,-38.05,14.06,0.9286207608866219,37.881794,128.180742,4342.9330464,32.558,-28.954,182.292,1.0,2509.0959794555374,1768.9609220758396,16072.087340325306,-148.89805766324614,142.66727310375336,-37.332726896246626,False,False,3167484.953268053,1607200.9962751807,False
5.9,38.024612,128.192932,1983.2942808,-76.856,-38.102,14.144,0.9286207608866219,37.881562,128.180724,4328.6452416,32.988,-29.009,182.331,1.0,2512.594205267189,1769.8953300761832,16131.698959858264,-148.841267447475,142.60252516727107,-37.397474832728946,False,False,3176014.293029936,1608714.2485712774,False
5.9166,38.024902,128.19301,1957.3061184,-78.032,-38.152,14.228,0.9286207608866219,37.88133,128.180706,4314.325128,33.422,-29.063,182.372,1.0,2530.3634332584934,1781.4990175549162,16191.317985657686,-148.7863292988282,142.53878326220783,-37.46121673779216,False,False,3220564.168231862,1629178.451291067,False
5.9333,38.025192,128.193089,1931.247852,-79.207,-38.201,14.312,0.9286207608866219,37.881098,128.180687,4299.9727056,33.861,-29.117,182.413,1.0,2518.6701926493333,1772.0580114488337,16250.956098414725,-148.73246216252267,142.474957341996,-37.525042658004004,False,False,3190788.8414179306,1612263.1253033697,False
5.95,38.025481,128.193168,1905.1207008000001,-80.382,-38.249,14.396,0.9286207608866219,37.880867,128.180669,4285.5882792,34.305,-29.171,182.455,1.0,2516.120197905806,1766.8872342927157,16310.375840672039,-148.67954010807793,142.41099671815752,-37.58900328184248,False,False,3184113.2770752767,1602972.5136514977,False
5.9666,38.025771,128.193247,1878.925884,-81.555,-38.296,14.481,0.9286207608866219,37.880635,128.180649,4271.171544000001,34.753,-29.225,182.498,1.0,2538.946728793426,1784.9213753104464,16370.034217512903,-148.62727947525227,142.34711250703788,-37.65288749296212,False,False,3241551.214345747,1634858.0424420354,False
5.9833,38.02606,128.193327,1852.6637064,-82.728,-38.341,14.565,0.9286207608866219,37.880403,128.18063,4256.7221952,35.206,-29.279,182.541,1.0,2522.0243248778447,1774.8801796399725,16429.58975263896,-148.57718148772457,142.28311370759104,-37.716886292408965,False,False,3198471.772174142,1616844.0107549687,False
6.0,38.026349,128.193408,1826.335692,-83.899,-38.386,14.649,0.9286207608866219,37.880172,128.18061,4242.2405376,35.663,-29.332,182.585,1.0,2525.363175256855,1770.3271517069006,16489.054250570294,-148.52725729357053,142.2200235341509,-37.7799764658491,False,False,3206639.818385644,1608631.280203389,False
6.0166,38.026637,128.193489,1799.9427552,-85.069,-38.429,14.734,0.9286207608866219,37.879941,128.18059,4227.7262664,36.125,-29.386,182.629,1.0,2537.91238480506,1781.954979044026,16548.415678202276,-148.47893305556983,142.1558288764432,-37.84417112355681,False,False,3238151.045093735,1629141.6054602892,False
6.0333,38.026926,128.193571,1773.4858104000002,-86.237,-38.471,14.818,0.9286207608866219,37.879709,128.18057,4213.1793816,36.592,-29.44,182.674,1.0,2531.0774055362344,1778.0383185511569,16608.009486926156,-148.43171689013008,142.09172938815308,-37.90827061184695,False,False,3220568.371030577,1622027.3067006802,False
6.05,38.027214,128.193653,1746.9657720000002,-87.403,-38.511,14.902,0.9286207608866219,37.879478,128.18055,4198.600188,37.064,-29.494,182.72,1.0,2528.378600582925,1773.1953821806048,16667.39020468499,-148.3864278230104,142.02750350074953,-37.97249649925048,False,False,3213481.0558308195,1613285.1342269608,False
6.0666,38.027502,128.193736,1720.3838592000002,-88.568,-38.551,14.987,0.9286207608866219,37.879247,128.180529,4183.987771200001,37.541,-29.548,182.767,1.0,2546.8563023944726,1785.1852648944052,16726.78939068,-148.34094863695364,141.96325842786362,-38.03674157213639,False,False,3260109.7148960466,1634474.1186744922,False
6.0833,38.02779,128.193819,1693.7409864,-89.73,-38.589,15.071,0.9286207608866219,37.879016,128.180507,4169.343045600001,38.022,-29.602,182.814,1.0,2533.9020641623106,1775.7855128530248,16786.201081538744,-148.29762301535652,141.8989696219623,-38.10103037803771,False,False,3226939.7604272887,1617594.3818074733,False
6.1,38.028077,128.193903,1667.0386776000003,-90.89,-38.626,15.155,0.9286207608866219,37.878785,128.180486,4154.6650968,38.508,-29.656,182.862,1.0,2532.0114453284427,1776.4337966342837,16845.509025139687,-148.25520699996355,141.8346241462625,-38.16537585373751,False,False,3221889.0444848007,1618601.8633837814,False
6.1166,38.028365,128.193987,1640.2772376,-92.048,-38.662,15.239,0.9286207608866219,37.878554,128.180464,4139.9542296,38.999,-29.71,182.911,1.0,2554.5812808481674,1788.4540378928205,16904.939033823535,-148.21365880466195,141.77032740617994,-38.229672593820055,False,False,3279028.3850020417,1639883.0049732737,False
6.1333,38.028652,128.194072,1613.4584952,-93.204,-38.697,15.323,0.9286207608866219,37.878324,128.180442,4125.2101392,39.494,-29.764,182.961,1.0,2537.3377178937203,1772.964040812643,16964.161410410652,-148.1731530226622,141.70591566950537,-38.29408433049463,False,False,3234863.9700750094,1612155.2370189333,False
6.15,38.028939,128.194158,1586.58306,-94.357,-38.731,15.406,0.9286207608866219,37.878093,128.18042,4110.432825600001,39.995,-29.818,183.011,1.0,2540.4154223572864,1779.7196831511965,17023.505588854805,-148.13378946294966,141.6415318391629,-38.358468160837084,False,False,3242414.323840724,1624010.6513670678,False
6.1666,38.029226,128.194244,1559.6524560000003,-95.507,-38.763,15.49,0.9286207608866219,37.877863,128.180397,4095.6222888,40.5,-29.872,183.062,1.0,2557.8254341716165,1785.9942357852435,17082.751795890814,-148.09604169985988,141.5770949350204,-38.42290506497961,False,False,3286530.441605242,1635052.0394475185,False
6.1833,38.029512,128.194331,1532.6675976000001,-96.652,-38.794,15.572,0.9286207608866219,37.877632,128.180374,4080.7785288,41.01,-29.927,183.114,1.0,2540.501663696964,1782.050891753516,17142.009778502514,-148.05977589845506,141.51166272062983,-38.48833727937016,False,False,3242104.6863195254,1627871.4571592074,False
6.2,38.029799,128.194418,1505.6293992,-97.792,-38.824,15.653,0.9286207608866219,37.877402,128.180351,4065.900936,41.525,-29.981,183.166,1.0,2547.5360170250074,1777.308989771106,17201.273074483794,-148.02462054787185,141.4472173433427,-38.55278265665733,False,False,3259735.059567484,1619286.4899746194,False
6.2166,38.030085,128.194506,1478.5393847999999,-98.927,-38.853,15.734,0.9286207608866219,37.877172,128.180327,4050.9895103999997,42.045,-30.036,183.22,1.0,2560.792596905241,1789.40616781573,17260.444327945617,-147.99050729020263,141.38174765564145,-38.618252344358545,False,False,3293328.880440294,1640713.8529906524,False
6.2333,38.030371,128.194595,1451.3981640000002,-100.056,-38.88,15.814,0.9286207608866219,37.876942,128.180303,4036.0445568,42.57,-30.09,183.274,1.0,2548.3709090565135,1779.6998799397268,17319.62708004214,-147.9585097665508,141.31726478103073,-38.68273521896928,False,False,3261330.498867751,1623245.9076816817,False
6.25,38.030657,128.194684,1424.2072607999999,-101.18,-38.907,15.893,0.9286207608866219,37.876712,128.180279,4021.0654656,43.099,-30.145,183.329,1.0,2550.2689057225953,1780.7286773323076,17378.81469043004,-147.92668619366407,141.25180116209603,-38.74819883790397,False,False,3265902.4478818863,1624930.492785061,False
6.2666,38.030943,128.194774,1396.9675896,-102.299,-38.933,15.971,0.9286207608866219,37.876482,128.180254,4006.0525416000005,43.633,-30.2,183.384,1.0,2568.4806862173855,1792.8663756919261,17438.01989143979,-147.896129382962,141.1863294189832,-38.8136705810168,False,False,3312246.0899484167,1646470.875700433,False
6.2833,38.031228,128.194864,1369.6803696000002,-103.412,-38.957,16.049,0.9286207608866219,37.876253,128.180229,3991.0051752000004,44.172,-30.255,183.44,1.0,2549.9501422099615,1777.4440133736946,17497.010147824658,-147.86742043079533,141.12077116293466,-38.87922883706534,False,False,3264554.8398748394,1618792.0012403685,False
6.3,38.031514,128.194955,1342.3465152,-104.519,-38.98,16.126,0.9286207608866219,37.876023,128.180203,3975.9233664000003,44.716,-30.31,183.498,1.0,2557.682281073277,1784.610620115329,17556.23730936436,-147.83985008638436,141.055360529821,-38.944639470179,False,False,3284033.2479113867,1631408.0215953162,False
6.3166,38.031799,128.195047,1314.9672456,-105.622,-39.003,16.202,0.9286207608866219,37.875794,128.180178,3960.8071152,45.265,-30.366,183.556,1.0,2570.843332434308,1790.2587429817581,17615.249308276012,-147.8125676614763,140.98884611771837,-39.011153882281654,False,False,3317513.143500033,1641355.4325075883,False
6.3333,38.032084,128.195139,1287.5434752,-106.72,-39.024,16.278,0.9286207608866219,37.875565,128.180152,3945.6561168000003,45.819,-30.421,183.614,1.0,2557.1591032060614,1780.994330223719,17674.271996807925,-147.78708367114697,140.92333922247107,-39.07666077752893,False,False,3282157.8277758844,1624664.0707023335,False
6.35,38.032369,128.195232,1260.0764232000001,-107.813,-39.044,16.352,0.9286207608866219,37.875336,128.180125,3930.4703712000005,46.377,-30.477,183.674,1.0,2559.820193488688,1782.4668066021748,17733.311827537607,-147.763150619006,140.85687453990187,-39.14312546009812,False,False,3288696.839951806,1627138.7055850057,False
6.3666,38.032654,128.195325,1232.5673088,-108.9,-39.063,16.426,0.9286207608866219,37.875107,128.180098,3915.2492688,46.94,-30.533,183.734,1.0,2576.8692304186598,1794.2921123348167,17792.355484619835,-147.74000157031077,140.7904255327268,-39.20957446727322,False,False,3332214.8715380714,1648137.5714353467,False
6.3833,38.032939,128.195419,1205.0170464,-109.982,-39.082,16.5,0.9286207608866219,37.874878,128.180071,3899.9931144,47.508,-30.59,183.795,1.0,2564.0292136557923,1784.6214037117784,17851.40948127828,-147.71679483644536,140.7230066434534,-39.276993356546605,False,False,3298940.0846582493,1630682.64476843,False
6.4,38.033223,128.195514,1177.4265504,-111.059,-39.099,16.572,0.9286207608866219,37.874649,128.180044,3884.7016032000006,48.081,-30.646,183.857,1.0,2561.664727244472,1785.7061397712307,17910.363983768773,-147.69603389832415,140.65656467952215,-39.343435320477845,False,False,3292609.697484728,1632469.1177853562,False
6.4166,38.033508,128.195609,1149.7970400000002,-112.13,-39.115,16.643,0.9286207608866219,37.87442,128.180016,3869.3744304000006,48.659,-30.703,183.92,1.0,2583.5693172635883,1797.994585641334,17969.438265974328,-147.676374550995,140.5892100280535,-39.41078997194652,False,False,3348690.865695238,1654337.8657556584,False
6.4333,38.033792,128.195705,1122.1294296,-113.195,-39.131,16.714,0.9286207608866219,37.874192,128.179988,3854.0112912000004,49.241,-30.761,183.984,1.0,2565.67078116731,1782.6487153568432,18028.303079721474,-147.65676897694414,140.52078192800326,-39.47921807199673,False,False,3302337.609238624,1626713.1610105482,False
6.45,38.034077,128.195801,1094.4249384,-114.254,-39.145,16.784,0.9286207608866219,37.873964,128.179959,3838.6121856,49.828,-30.818,184.048,1.0,2572.016653865858,1784.2034261662764,18087.287434950384,-147.63917998419035,140.45343305671696,-39.546566943283054,False,False,3318367.476203823,1629334.859161654,False
6.4666,38.034361,128.195898,1066.6844808,-115.308,-39.159,16.853,0.9286207608866219,37.873736,128.17993,3823.1768088000003,50.42,-30.876,184.113,1.0,2585.003452955396,1796.0819001188067,18146.171811128188,-147.62188571533017,140.3850687244798,-39.61493127552023,False,False,3351582.027259297,1650447.6528192102,False
6.4833,38.034645,128.195996,1038.9089712,-116.356,-39.172,16.921,0.9286207608866219,37.873508,128.179901,3807.7051608,51.016,-30.934,184.179,1.0,2571.926575143691,1786.4523451709751,18205.065837816474,-147.60574581701187,140.316742389247,-39.683257610753024,False,False,3317591.3706275965,1633046.822598598,False
6.5,38.034929,128.196094,1011.0996288,-117.399,-39.184,16.989,0.9286207608866219,37.87328,128.179871,3792.196632,51.617,-30.993,184.246,1.0,2573.2367523579505,1788.0555074103247,18263.969301573095,-147.59044842437086,140.2474566431759,-39.752543356824106,False,False,3320689.1920176176,1635759.9938913996,False
6.5166,38.035212,128.196193,983.257368,-118.436,-39.194,17.056,0.9286207608866219,37.873052,128.179841,3776.6515272,52.223,-31.051,184.313,1.0,2586.157219891615,1799.9723105706662,18322.77250210255,-147.57727607115058,140.17915165201262,-39.820848347987386,False,False,3353747.043866661,1656986.4591097673,False
6.5333,38.035496,128.196292,955.3831032,-119.466,-39.205,17.122,0.9286207608866219,37.872825,128.179811,3761.0692368000005,52.833,-31.111,184.382,1.0,2576.8073377826095,1784.6984613646177,18381.578042062345,-147.56333416640115,140.10889205630406,-39.89110794369595,False,False,3329337.1357341455,1629457.7886296816,False
6.55,38.03578,128.196392,927.4780536000001,-120.49,-39.214,17.187,0.9286207608866219,37.872597,128.17978,3745.449456,53.448,-31.17,184.451,1.0,2579.0650278025973,1791.9958893429314,18440.509206781422,-147.55147716764196,140.03972619666698,-39.960273803333024,False,False,3334883.661471543,1642354.9456186641,False
6.5666,38.036063,128.196493,899.5428288,-121.508,-39.222,17.252,0.9286207608866219,37.87237,128.179748,3729.7921848000005,54.067,-31.23,184.521,1.0,2591.9450438381173,1798.7815001954348,18499.23708788288,-147.5406524182221,139.96950066210465,-40.03049933789536,False,False,3367911.056820541,1654384.2092517384,False
6.5833,38.036347,128.196594,871.5786480000002,-122.52,-39.23,17.315,0.9286207608866219,37.872143,128.179717,3714.0968136,54.691,-31.291,184.592,1.0,2582.4325988835817,1788.7202315022514,18558.069507673998,-147.5301417015942,139.89836768342698,-40.10163231657303,False,False,3343026.330636714,1636182.8808098242,False
6.6,38.03663,128.196696,843.5861208,-123.524,-39.237,17.379,0.9286207608866219,37.871916,128.179685,3698.3636472,55.319,-31.352,184.663,1.0,2579.7374170264425,1790.3976515854272,18616.808122653805,-147.5202875068855,139.8272280476477,-40.17277195235232,False,False,3335795.324234674,1639030.4332621202,False
6.6166,38.036914,128.196798,815.5667712000001,-124.521,-39.243,17.441,0.9286207608866219,37.87169,128.179652,3682.5920760000004,55.952,-31.413,184.736,1.0,2601.233540019116,1797.248376585388,18675.555342045587,-147.5118835507493,139.75613550089187,-40.243864499108135,False,False,3391205.942736979,1651164.7551515119,False
6.6333,38.037197,128.196901,787.5212088000001,-125.511,-39.249,17.503,0.9286207608866219,37.871463,128.17962,3666.7821000000004,56.589,-31.475,184.809,1.0,2582.8952206297927,1792.8222034849418,18734.304022225493,-147.50330605126442,139.68408573195876,-40.31591426804123,False,False,3343396.8052383913,1643064.575335266,False
6.65,38.03748,128.197004,759.4503480000001,-126.493,-39.254,17.565,0.9286207608866219,37.871237,128.179586,3650.9331096000005,57.23,-31.537,184.883,1.0,2583.879997189401,1789.459964261966,18792.958563635915,-147.49568715827428,139.61203547299903,-40.387964527000996,False,False,3345665.5836929637,1636886.905027477,False
6.6666,38.037763,128.197108,731.3551032,-127.465,-39.259,17.627,0.9286207608866219,37.871011,128.179553,3635.0451048000004,57.876,-31.6,184.957,1.0,2601.5109857645007,1800.9662828855146,18851.614261577237,-147.48788863889433,139.5390324473543,-40.46096755264572,False,False,3391101.8480494884,1657387.3911222205,False
6.6833,38.038046,128.197212,703.2366936,-128.427,-39.263,17.689,0.9286207608866219,37.870785,128.179519,3619.1177807999998,58.525,-31.664,185.033,1.0,2586.835269990667,1791.9521676546794,18910.278056334646,-147.48090112712774,139.46507329896372,-40.5349267010363,False,False,3352754.7531551355,1641037.7069662346,False
6.7,38.038329,128.197317,675.0954240000001,-129.376,-39.269,17.751,0.9286207608866219,37.87056,128.179485,3603.1508328000004,59.179,-31.727,185.109,1.0,2588.838830076554,1787.6198605402162,18968.840315113768,-147.47204693453818,139.39211529236232,-40.6078847076377,False,False,3357663.66859584,1633127.2220133892,False
6.7166,38.038612,128.197423,646.9328184000001,-130.313,-39.275,17.815,0.9286207608866219,37.870334,128.17945,3587.1436512,59.837,-31.792,185.186,1.0,2606.3999690917535,1805.8476216635236,19027.527261761465,-147.462471709335,139.31726523981726,-40.68273476018274,False,False,3403004.643164309,1665720.6786209429,False
6.7333,38.038895,128.197529,618.7491816,-131.235,-39.282,17.881,0.9286207608866219,37.870109,128.179415,3571.0965408,60.499,-31.857,185.264,1.0,2591.612229002517,1790.7254451113474,19086.105230874633,-147.4512130473033,139.24240544551463,-40.75759455448539,False,False,3364294.8294194345,1638369.303776453,False
6.75,38.039178,128.197635,590.5460376000001,-132.142,-39.292,17.95,0.9286207608866219,37.869884,128.179379,3555.0088920000003,61.165,-31.923,185.342,1.0,2592.37257620337,1792.5776819208386,19144.690803931517,-147.43614568676654,139.1666060966982,-40.83339390330181,False,False,3365989.065225279,1641530.1008110754,False
6.7666,38.039461,128.197742,562.3236912,-133.028,-39.306,18.023,0.9286207608866219,37.869659,128.179343,3538.8804,61.835,-31.989,185.422,1.0,2609.881084341214,1804.6998354125694,19203.283948098815,-147.41603442230843,139.0908448115839,-40.90915518841609,False,False,3411254.1488273414,1663175.3094437376,False
6.7833,38.039744,128.19785,534.0833616,-133.892,-39.325,18.102,0.9286207608866219,37.869434,128.179307,3522.7110648,62.509,-32.056,185.501,1.0,2596.095722509186,1795.2111850460433,19261.88453608982,-147.38931740748154,139.01415734696715,-40.98584265303287,False,False,3375094.068813281,1645937.5939208304,False
6.8,38.040027,128.197958,505.8256584,-134.744,-39.336,18.173,0.9286207608866219,37.86921,128.17927,3506.5002768,63.187,-32.123,185.582,1.0,2596.7730149242366,1791.5543497939027,19320.38287892224,-147.3723859408906,138.93745671426606,-41.062543285733945,False,False,3376575.500712303,1639220.5150722074,False
6.8166,38.040309,128.198066,477.5524104,-135.636,-39.346,18.242,0.9286207608866219,37.868985,128.179233,3490.2477312,63.868,-32.191,185.663,1.0,2608.1596549075766,1809.299719951642,19378.88078734636,-147.35680137218037,138.85981637916774,-41.140183620832275,False,False,3405931.5820892537,1671010.3762217173,False
6.8333,38.040592,128.198176,449.26209360000007,-136.613,-39.348,18.296,0.9286207608866219,37.868761,128.179195,3473.9531232000004,64.553,-32.26,185.746,1.0,2600.356605299131,1794.8575578735988,19437.40099424224,-147.3534054179612,138.78122152773238,-41.218778472267644,False,False,3385332.9934716127,1644824.6689236187,False
6.85,38.040875,128.198285,420.956232,-137.514,-39.358,18.364,0.9286207608866219,37.868538,128.179157,3457.6164528000004,65.241,-32.329,185.828,1.0,2599.8020420255903,1790.690828312028,19495.80373550649,-147.33796700919265,138.7026420520504,-41.29735794794961,False,False,3383613.4992927574,1637194.4556872598,False
6.8666,38.041157,128.198395,392.63574,-138.378,-39.371,18.435,0.9286207608866219,37.868314,128.179119,3441.2374152,65.933,-32.4,185.912,1.0,2612.346396396516,1808.4400568123663,19554.21342595829,-147.31870261973947,138.62209288898785,-41.37790711101216,False,False,3416027.2886626027,1668974.7304395284,False
6.8833,38.04144,128.198506,364.3009224,-139.249,-39.379,18.499,0.9286207608866219,37.868091,128.17908,3424.8150960000003,66.628,-32.47,185.996,1.0,2603.261975696942,1794.0921885002972,19612.637574519016,-147.306216990127,138.54261939771297,-41.45738060228704,False,False,3392059.028695427,1642969.3533800812,False
6.9,38.041723,128.198617,335.95269360000003,-140.114,-39.385,18.562,0.9286207608866219,37.867868,128.179041,3408.3498,67.327,-32.542,186.08,1.0,2603.7849471643312,1795.5041074026947,19671.060909214102,-147.2956648096584,138.4612065431237,-41.5387934568763,False,False,3393142.596022472,1645341.9934161438,False
6.9166,38.042005,128.198729,307.59135840000005,-140.967,-39.389,18.626,0.9286207608866219,37.867645,128.179001,3391.8412224,68.028,-32.614,186.166,1.0,2616.320252123398,1808.365776625137,19729.389192961073,-147.28660478413136,138.37977719139488,-41.62022280860511,False,False,3425582.271630374,1668355.9907581664,False
6.9333,38.042288,128.198841,279.2172216,-141.811,-39.391,18.691,0.9286207608866219,37.867422,128.178961,3375.2887536,68.733,-32.687,186.252,1.0,2605.975047577918,1798.9840136230814,19787.825998887583,-147.2787525441167,138.29745630993187,-41.70254369006813,False,False,3398291.1598655693,1651272.016091197,False
