time_sec,own_lat,own_lon,own_alt_m,own_roll_deg,own_pitch_deg,own_yaw_deg,own_health,target_lat,target_lon,target_alt_m,target_roll_deg,target_pitch_deg,target_yaw_deg,target_health,derived_own_speed_ms,derived_target_speed_ms,derived_distance_m,derived_own_ata_deg,derived_target_ata_deg,derived_target_aa_deg,derived_own_in_wez,derived_target_in_wez,derived_own_specific_energy,derived_target_specific_energy,derived_ata_sign_degenerate
0.0,37.92387,128.181881,7000.217851200001,-0.963,-0.175,359.966,1.0,37.968239,128.181881,7002.7290984,0.0,-0.075,180.0,1.0,1810.628734542386,1810.6412205537335,4939.135125413933,-0.20694352206995523,-0.04586860990850651,-179.9541313900915,False,False,1707836.8935657514,1707884.1280969814,True
0.0166,37.92414,128.181881,7000.320264000001,-3.317,-0.278,0.004,1.0,37.967969,128.181881,7002.5776128,0.0,-0.185,180.0,1.0,1810.628734542386,1810.6412205537335,4879.022484175069,-0.3045349746896631,-0.15849129581614507,-179.84150870418387,False,False,1707837.8978922365,1707882.6425307223,True
0.0333,37.92441,128.181881,7000.3982928000005,-3.158,0.315,0.092,1.0,37.9677,128.181881,7002.3919896,0.0,-0.287,180.0,1.0,1799.7822634032739,1793.1448107400627,4819.02116885091,0.3054786843772869,-0.2632959299173458,-179.73670407008268,False,False,1688258.553748593,1676354.1635468183,True
0.05,37.924679,128.181881,7000.4449272,-1.932,0.889,0.123,1.0,37.967431,128.181881,7002.1704,0.001,-0.381,180.0,1.0,1793.1125350641319,1793.1594540607462,4759.131183188163,0.8768954097310717,-0.36022681526086053,-179.63977318473914,False,False,1676277.1949473848,1676378.2481968766,True
0.0666,37.924948,128.18188,7000.495219200001,-0.439,1.32,0.145,1.0,37.967162,128.181881,7001.9122344,0.001,-0.469,180.0,1.0,1803.9225303563449,1803.9792692251804,4699.241198812133,1.3106483305338432,-0.4517242258942564,-179.54827577410575,False,False,1695719.6542049868,1695835.9045105868,True
0.0833,37.925217,128.18188,7000.568676,1.103,1.636,0.169,1.0,37.966893,128.181881,7001.616273600001,0.002,-0.553,180.0,1.0,1793.1157557575104,1793.197937238711,4639.351217408385,1.6317226659174378,-0.540063305307148,-179.45993669469286,False,False,1676284.1835794095,1676441.8212880832,True
0.1,37.925486,128.18188,7000.67688,2.646,1.872,0.196,1.0,37.966625,128.181881,7001.2822128,0.004,-0.634,180.0,1.0,1793.1220668300464,1786.5565144058576,4579.572572593261,1.8745824743944053,-0.6264275459197484,-179.37357245408026,False,False,1676296.5612016805,1664551.2137951588,True
0.1166,37.925755,128.18188,7000.8268416,4.185,2.051,0.226,1.0,37.966357,128.181881,7000.909747200001,0.005,-0.714,180.0,1.0,1803.9348505019661,1797.346295984103,4519.793966801851,2.0622423538288923,-0.7129499049178365,-179.28705009508218,False,False,1695745.1309739521,1683882.3254162665,True
0.1333,37.926024,128.18188,7001.021608800001,5.725,2.191,0.256,1.0,37.966089,128.181881,7000.498572,0.007,-0.793,180.001,1.0,1793.1482883994415,1786.614183430179,4460.015430165682,2.2124416087705754,-0.7997192249555127,-179.2002807750445,False,False,1676346.960654862,1664646.5595380466,True
0.15,37.926292,128.181881,7001.263315200001,7.271,2.302,0.288,1.0,37.965822,128.181881,7000.0483824,0.008,-0.871,180.001,1.0,1786.5108901718925,1779.982829305642,4400.459638775571,2.335633579820634,-0.8868194846177115,-179.1131805153823,False,False,1664469.51924139,1652816.4607807223,True
0.1666,37.926561,128.181881,7001.552265600001,8.829,2.393,0.32,1.0,37.965555,128.181881,6999.558873600001,0.01,-0.949,180.001,1.0,1803.9962101917588,1790.7430559604866,4340.792681698967,2.44037075871519,-0.9753120554338786,-179.02468794456612,False,False,1695862.9357185604,1672022.5702631406,True
0.1833,37.926829,128.181882,7001.8878504,10.403,2.47,0.353,1.0,37.965289,128.181881,6999.0303504,0.012,-1.028,180.001,1.0,1786.5652758437138,1773.395266618332,4281.348570400455,2.5331079751204824,-1.0662431370381666,-178.93375686296184,False,False,1664572.8059133878,1641102.4268179028,True
0.2,37.927097,128.181883,7002.268850400001,11.995,2.537,0.387,1.0,37.965022,128.181881,6998.4622032,0.014,-1.107,180.002,1.0,1786.597933336582,1780.1038122106318,4221.793408149534,2.617764607234474,-1.1586699490298145,-178.84133005097019,False,False,1664634.887523048,1653016.2604884233,True
0.2166,37.927364,128.181884,7002.693741600001,13.611,2.596,0.423,1.0,37.964756,128.18188,6997.854736800001,0.016,-1.186,180.002,1.0,1790.6909978545011,1784.1774085849277,4162.461227318482,2.6967394565173417,-1.2526269803430508,-178.74737301965698,False,False,1671960.0914796363,1660270.0248070536,True
0.2333,37.927632,128.181886,7003.1606952,15.251,2.648,0.461,1.0,37.964491,128.18188,6997.2070368,0.018,-1.266,180.002,1.0,1786.6942802882472,1766.8727372847302,4103.129464370528,2.7709769619327065,-1.3491688942894722,-178.65083110571052,False,False,1664815.7714389518,1629538.7952674523,True
0.25,37.927899,128.181888,7003.6672728,16.917,2.696,0.501,1.0,37.964225,128.18188,6996.5200176,0.021,-1.346,180.003,1.0,1780.0682295073289,1773.590024926934,4043.7981998281775,2.8435183500576358,-1.4473260608403464,-178.55267393915966,False,False,1653003.9645114823,1641423.211290758,True
0.2666,37.928166,128.181891,7004.2113408000005,18.609,2.739,0.543,1.0,37.96396,128.18188,6995.7927648,0.023,-1.426,180.003,1.0,1790.8705009344333,1777.6282018006063,3984.578863883311,2.913727605094448,-1.5471461788911876,-178.45285382110882,False,False,1672296.4247038302,1648586.3030353545,True
0.2833,37.928433,128.181894,7004.790765600001,20.324,2.779,0.587,1.0,37.963696,128.18188,6995.0252784,0.026,-1.507,180.003,1.0,1780.1867304215716,1760.3811642169314,3925.4715432826288,2.9834640345180383,-1.6496691209975178,-178.3503308790025,False,False,1653225.9289459938,1618068.6863113008,True
0.3,37.9287,128.181897,7005.402804,22.05,2.817,0.633,1.0,37.963431,128.18188,6994.217558400001,0.028,-1.588,180.004,1.0,1780.225863180722,1767.1090381744414,3866.25370267909,3.0538030574168586,-1.7539539896626204,-178.24604601033738,False,False,1653301.59537662,1629927.020017983,True
0.3166,37.928967,128.181901,7006.0456272,23.781,2.852,0.682,1.0,37.963167,128.18188,6993.3696048,0.031,-1.669,180.004,1.0,1791.043929292119,1771.1190479565435,3807.148134400494,3.1243876530640113,-1.860039464728033,-178.13996053527197,False,False,1672625.0156770572,1637012.8690521584,False
0.3333,37.929233,128.181906,7006.715577600001,25.524,2.885,0.734,1.0,37.962903,128.18188,6992.4811128,0.034,-1.751,180.004,1.0,1773.7614396559331,1760.5852277093904,3748.1549797629236,3.1963782873805755,-1.9689783911585632,-178.03102160884143,False,False,1641827.2297242153,1618402.9869191032,False
0.35,37.929499,128.181911,7007.4089976000005,27.303,2.915,0.79,1.0,37.96264,128.18188,6991.5520824000005,0.037,-1.834,180.005,1.0,1773.7937795038124,1753.9977576748854,3689.274326238615,3.2689028521709758,-2.080801430877885,-177.91919856912213,False,False,1641891.3935495238,1606817.771193131,False
0.3666,37.929765,128.181917,7008.123144,29.132,2.942,0.851,1.0,37.962376,128.18188,6990.5822088,0.039,-1.916,180.005,1.0,1784.5951765884897,1771.3460896978006,3630.2837459019224,3.342815536928611,-2.193566729315667,-177.80643327068435,False,False,1661116.182981559,1637387.6777617729,False
0.3833,37.930031,128.181923,7008.854054400001,31.016,2.967,0.915,1.0,37.962113,128.18188,6989.571492000001,0.042,-1.999,180.005,1.0,1773.9334588522559,1754.1597083897275,3571.4059548443815,3.4183987661015633,-2.3092810816337375,-177.69071891836626,False,False,1642153.336830346,1607082.4225409888,False
0.4,37.930296,128.18193,7009.5986808,32.957,2.988,0.982,1.0,37.961851,128.18188,6988.5196272,0.045,-2.083,180.006,1.0,1767.3929151648485,1747.5849245924744,3512.7525212877035,3.494311586208073,-2.4280585197069677,-177.57194148029302,False,False,1630579.5391905182,1595560.5003335231,False
0.4166,37.930562,128.181938,7010.353365600001,34.954,3.006,1.055,1.0,37.961588,128.18188,6987.4269192,0.049,-2.167,180.006,1.0,1784.8751733610836,1764.90425191912,3453.878368968583,3.5727551052328583,-2.5489316827258466,-177.45106831727415,False,False,1661637.7740731402,1625966.759418267,False
0.4333,37.930827,128.181946,7011.115060800001,37.006,3.019,1.134,1.0,37.961326,128.18188,6986.293063200001,0.052,-2.251,180.006,1.0,1767.5362912553692,1747.768763680867,3395.2288324391175,3.651733404245272,-2.671900734594689,-177.3280992654053,False,False,1630847.8219633868,1595859.9565175036,False
0.45,37.931092,128.181955,7011.8794992,39.117,3.027,1.219,1.0,37.961064,128.18188,6985.1177544,0.055,-2.335,180.007,1.0,1767.6734642262165,1747.8669497084622,3336.5816038294365,3.732174540634196,-2.797135809484611,-177.2028641905154,False,False,1631097.7861555864,1596020.0419677687,False
0.4666,37.931356,128.181965,7012.6427184,41.288,3.03,1.309,1.0,37.960803,128.18188,6983.9009928000005,0.058,-2.42,180.007,1.0,1771.768880852244,1751.7984438074216,3278.1595440904057,3.8141732802639106,-2.925584811121681,-177.0744151888783,False,False,1638353.016292604,1602887.566534094,False
0.4833,37.931621,128.181975,7013.401365600001,43.52,3.027,1.405,1.0,37.960541,128.18188,6982.642778400001,0.062,-2.506,180.008,1.0,1767.8130649564464,1748.073879176859,3219.517415826043,3.8971376160334814,-3.0574042690142846,-176.94259573098574,False,False,1631359.4888173137,1596357.4773330123,False
0.5,37.931885,128.181987,7014.1508688,45.811,3.018,1.505,1.0,37.96028,128.181879,6981.342806400001,0.065,-2.591,180.008,1.0,1761.483630486051,1741.532163184618,3161.1014247730636,3.9826080497024066,-3.1907382362087797,-176.80926176379123,False,False,1620197.6128526768,1584930.72313563,False
0.5166,37.932149,128.181999,7014.8869608,48.161,3.004,1.61,1.0,37.960019,128.181879,6980.0010768,0.069,-2.677,180.008,1.0,1772.0745691937136,1752.1295835737847,3102.688233812488,4.069854434268082,-3.3274037762316193,-176.6725962237684,False,False,1638916.6806056723,1603429.4663770227,False
0.5333,37.932413,128.182011,7015.605374400001,50.568,2.983,1.719,1.0,37.959758,128.181879,6978.6175896,0.072,-2.764,180.009,1.0,1761.437164744367,1741.7549286197695,3044.2782522143752,4.157649276585124,-3.4676017904378402,-176.53239820956216,False,False,1620130.029116197,1585291.97587068,False
0.55,37.932677,128.182025,7016.302147200001,53.031,2.957,1.833,1.0,37.959498,128.181879,6977.19204,0.076,-2.85,180.009,1.0,1761.813961631433,1735.2187454232385,2985.98372909754,4.2502483602760845,-3.60949025131327,-176.39050974868675,False,False,1620800.637151561,1573914.9275531648,False
0.5666,37.93294,128.182039,7016.9724024,55.55,2.925,1.95,1.0,37.959238,128.181879,6975.724123200001,0.08,-2.937,180.009,1.0,1765.69180929568,1745.7992863222962,2927.804260658502,4.344729741423563,-3.7549826018918124,-176.2450173981082,False,False,1627646.775116922,1592316.0590344986,False
0.5833,37.933203,128.182055,7017.6118728,58.121,2.887,2.071,1.0,37.958978,128.181879,6974.2144488,0.083,-3.024,180.01,1.0,1755.5500311641697,1735.4738487975335,2869.629666318649,4.4438345718855725,-3.9035323873526164,-176.0964676126474,False,False,1609797.2194326527,1574328.4200543866,False
0.6,37.933467,128.182071,7018.2162912,60.743,2.843,2.196,1.0,37.958718,128.181879,6972.6621024,0.087,-3.112,180.01,1.0,1762.1622861289452,1735.6088238084326,2811.3481212230345,4.54637210542844,-4.055879132262748,-175.94412086773724,False,False,1621433.1521196917,1574547.4514473462,False
0.6166,37.933729,128.182087,7018.781085600001,63.41,2.793,2.325,1.0,37.958458,128.181879,6971.0673888,0.091,-3.2,180.011,1.0,1759.3362005832778,1746.2028500822844,2753.293743235061,4.652624618912609,-4.211157469838338,-175.78884253016167,False,False,1616462.662874501,1592975.014826122,False
0.6333,37.933992,128.182105,7019.3019888,66.118,2.736,2.457,1.0,37.958199,128.181879,6969.430308,0.095,-3.288,180.011,1.0,1755.9447707563447,1729.2328048073052,2695.2454315747436,4.763925375325102,-4.3697203615888665,-175.63027963841114,False,False,1610506.8568217414,1563469.810340818,False
0.65,37.934254,128.182123,7019.775038400001,68.864,2.674,2.592,1.0,37.95794,128.181879,6967.7502504,0.099,-3.377,180.011,1.0,1749.240947987944,1729.3806008154816,2637.3136941635753,4.88021175010993,-4.532417451976272,-175.46758254802373,False,False,1598762.4239392062,1563708.919231543,False
0.6666,37.934517,128.182143,7020.1956624,71.636,2.605,2.73,1.0,37.957681,128.181878,6966.0278256,0.103,-3.466,180.012,1.0,1767.0274342003283,1739.9569256371742,2579.278537740575,5.00414543235276,-4.6992128757774525,-175.30078712422255,False,False,1630037.5784009728,1582038.4483123037,False
0.6833,37.934779,128.182163,7020.5605080000005,74.421,2.531,2.872,1.0,37.957422,128.181878,6964.2624240000005,0.107,-3.555,180.012,1.0,1749.7483709651162,1729.6854101854594,2521.3600701264836,5.133527387027572,4.869168247514817,175.1308317524852,False,False,1599657.8605533172,1564201.89320454,False
0.7,37.935041,128.182184,7020.868660800001,76.437,2.565,3.254,1.0,37.957164,128.181878,6962.453740800001,0.112,-3.644,180.013,1.0,1750.0330655996852,1723.1930317487258,2463.560333148939,5.516835235537361,5.043193198667553,174.95680680133245,False,False,1600159.0669985504,1552975.459310899,False
0.7166,37.935302,128.182207,7021.144200000001,75.879,2.913,4.696,1.0,37.956905,128.181878,6960.6023856,0.116,-3.734,180.013,1.0,1754.5651665145983,1740.4293333244293,2405.7703825995613,6.923719618604626,5.223255105662885,174.7767448943371,False,False,1608103.36554213,1582807.3235328028,False
0.7333,37.935563,128.182232,7021.407852000001,73.092,3.286,6.221,1.0,37.956647,128.181878,6958.7077488,0.12,-3.824,180.014,1.0,1744.8127144439422,1723.5241756164276,2348.1032613071325,8.477765942213898,5.40954220826069,174.5904577917393,False,False,1591042.1935544347,1553509.4033119127,False
0.75,37.935823,128.182262,7021.6830864,68.528,3.659,7.522,1.0,37.956389,128.181878,6956.7695256,0.125,-3.914,180.014,1.0,1740.3576664339275,1723.6979443518558,2290.5649531558065,9.890650158974847,5.60392136450039,174.3960786354996,False,False,1583281.5919969175,1553789.905549632,False
0.7666,37.936082,128.182294,7022.0034312,62.511,4.065,8.595,1.0,37.956132,128.181878,6954.7883256,0.129,-4.005,180.014,1.0,1745.1857395266447,1727.5678795433016,2233.2664294016827,11.147952658116266,5.808102074227262,174.19189792577276,False,False,1591698.9626721586,1560448.564148115,False
0.7833,37.936341,128.182331,7022.4054624,55.452,4.519,9.471,1.0,37.955874,128.181878,6952.7635392,0.134,-4.096,180.015,1.0,1737.5426082431516,1724.0547152179186,2175.8822179294743,12.281632319149782,6.024548961011234,173.97545103898878,False,False,1578393.430258052,1554365.649094265,False
0.8,37.936599,128.18237,7022.930937600001,47.635,5.038,10.171,1.0,37.955617,128.181877,6950.6951664,0.138,-4.187,180.015,1.0,1732.2510444573973,1717.5997173292349,2118.748400611095,13.314769390886894,6.254214743502733,173.74578525649727,False,False,1569218.2661910867,1543237.4292383103,False
0.8166,37.936856,128.182413,7023.621614400001,39.162,5.631,10.705,1.0,37.955359,128.181877,6948.5829023999995,0.143,-4.278,180.016,1.0,1738.87887070497,1734.8191469585577,2061.6482949685987,14.266390283769214,6.500172786557473,173.49982721344253,False,False,1580728.0623969515,1572941.0568468298,False
0.8333,37.937113,128.182458,7024.5177264,30.069,6.298,11.074,1.0,37.955102,128.181877,6946.427052000001,0.148,-4.37,180.016,1.0,1730.2107102643304,1717.9773423130894,2004.6976647157833,-15.144820729693748,6.765065665472986,173.234934334527,False,False,1565701.5377182998,1543844.2532000686,False
0.85,37.937368,128.182506,7025.639390400001,21.241,6.995,11.334,1.0,37.954845,128.181877,6944.2273104000005,0.153,-4.461,180.017,1.0,1719.730201229486,1718.1768313209295,1948.0165687886106,-15.984164208940006,7.050087152559764,172.94991284744023,False,False,1547633.9690382704,1544165.4185975492,False
0.8666,37.937623,128.182554,7026.951249600001,14.198,7.699,11.488,1.0,37.954589,128.181877,6941.9836776,0.158,-4.553,180.017,1.0,1730.5752472570784,1722.0466192975969,1891.4912539750799,-16.773946294426036,7.355957563172824,172.6440424368272,False,False,1566356.194681339,1550799.883749077,False
0.8833,37.937878,128.182604,7028.4664104,7.905,8.435,11.472,1.0,37.954332,128.181877,6939.6958488,0.163,-4.644,180.017,1.0,1722.384560269852,1718.5892526519624,1834.9116304477982,-17.4923683967387,7.684889865630364,172.31511013436966,False,False,1552229.996851535,1544829.6779610498,False
0.9,37.938132,128.182654,7030.2034656000005,1.794,9.181,11.318,1.0,37.954075,128.181876,6937.364433600001,0.168,-4.736,180.018,1.0,1716.5602442412483,1718.8073089048548,1778.5058406801438,-18.160833465730747,8.040909502176826,171.95909049782318,False,False,1542232.2808707133,1545181.587495138,False
0.9166,37.938385,128.182704,7032.168815999999,-4.336,9.922,11.044,1.0,37.953819,128.181876,6934.9885176,0.173,-4.827,180.018,1.0,1721.1780457401835,1722.6903911797724,1722.3865328170086,-18.78923504881098,8.422335469909262,171.57766453009074,False,False,1550188.9508884249,1551840.0970776808,False
0.9333,37.938638,128.182755,7034.3612424,-10.56,10.649,10.652,1.0,37.953563,128.181876,6932.569015200001,0.179,-4.919,180.019,1.0,1712.6756390993771,1712.5937003378792,1666.347387389135,-19.38717731500263,8.83625061281706,171.16374938718295,False,False,1535612.441060012,1534473.869151406,False
0.95,37.93889,128.182804,7036.775868000001,-16.906,11.346,10.144,1.0,37.953307,128.181876,6930.105012,0.184,-5.01,180.019,1.0,1705.5678106238797,1712.821185662786,1610.4971486282755,-19.947718263651605,9.280009361586979,170.71999063841304,False,False,1523487.9763840893,1534839.321343566,False
0.9666,37.939142,128.182853,7039.403244,-23.388,12.001,9.52,1.0,37.953051,128.181876,6927.5971176,0.189,-5.102,180.02,1.0,1716.9761637751212,1723.3691612745301,1554.743175409507,-20.475497169019853,9.761111328852323,170.23888867114766,False,False,1543036.5373087383,1552937.1532893507,False
0.9833,37.939393,128.1829,7042.2299592,-30.017,12.597,8.778,1.0,37.952796,128.181876,6925.0447224,0.195,-5.194,180.02,1.0,1699.72026148037,1706.6460846775192,1499.308856371206,-20.960524328339744,10.27833368962865,169.72166631037135,False,False,1513585.1680728374,1524231.9189994768,False
1.0,37.939644,128.182946,7045.2392496,-36.803,13.118,7.923,1.0,37.95254,128.181875,6922.448436000001,0.201,-5.286,180.021,1.0,1700.087896717385,1713.5297602773492,1443.884080135937,-21.40673715911577,10.83905174941635,169.16094825058366,False,False,1514239.623769561,1535978.1486329744,False
1.0166,37.939894,128.182989,7048.4113032000005,-43.755,13.546,6.96,1.0,37.952285,128.181875,6919.8076488,0.206,-5.378,180.021,1.0,1702.609466290646,1717.412135885063,1388.7914273784547,-21.80135843240052,11.44033823170953,168.55966176829048,False,False,1518560.8000577856,1542612.3539217515,False
1.0333,37.940144,128.183031,7051.7220408,-50.879,13.863,5.896,1.0,37.95203,128.181875,6917.122970400001,0.212,-5.47,180.022,1.0,1692.6724663735974,1707.3736875337654,1333.8403009775184,-22.146588669676206,12.091386374329003,167.908613625671,False,False,1501723.80916105,1525396.2584189973,False
1.05,37.940394,128.18307,7055.1449448,-58.185,14.051,4.744,1.0,37.951775,128.181875,6914.3937912,0.218,-5.562,180.022,1.0,1691.4881943281223,1707.626646968189,1279.033477941906,-22.435979457088937,12.793641088610313,167.20635891138969,False,False,1499753.4929486287,1525801.4225903817,False
1.0666,37.940643,128.183106,7058.650449600001,-65.675,14.091,3.518,1.0,37.95152,128.181875,6911.620416,0.224,-5.655,180.023,1.0,1693.8272283024507,1718.1703972633197,1224.4969764931466,-22.663491511315872,13.553218780235666,166.44678121976435,False,False,1503747.0541009512,1543834.5993685634,False
1.0833,37.940892,128.183139,7062.206551200001,-73.361,13.963,2.237,1.0,37.951265,128.181874,6908.8028448000005,0.23,-5.747,180.023,1.0,1682.365569396606,1708.1494058256267,1170.146769365655,-22.824666232299105,14.37575242138061,165.6242475786194,False,False,1484433.5424209086,1526639.4077291787,False
1.1,37.941141,128.183169,7065.779112,-81.231,13.635,0.923,1.0,37.951011,128.181874,6905.940772800001,0.237,-5.84,180.023,1.0,1680.9376118916637,1701.7744956160818,1116.097120331289,-22.896370559160836,-15.266508554351661,164.73349144564835,False,False,1482067.2502647194,1515742.361044264,False
1.1166,37.941389,128.183196,7069.3336896,-89.261,13.066,359.605,1.0,37.950756,128.181874,6903.034504800001,0.243,-5.932,180.024,1.0,1682.8839035342155,1718.9673075280002,1062.2696765388657,-22.85198919622115,-16.234744440393893,163.76525555960612,False,False,1485375.5976143952,1545119.9455015282,False
1.1333,37.941638,128.18322,7072.8334032,-97.436,12.228,358.328,1.0,37.950502,128.181874,6900.0837360000005,0.249,-6.025,180.024,1.0,1677.72159254491,1702.317573529149,1008.6923927580949,-22.675953801962088,-17.291606938941282,162.70839306105873,False,False,1476735.6727392056,1516609.2667427293,False
1.15,37.941886,128.183241,7076.239848,-105.751,11.118,357.146,1.0,37.950248,128.181874,6897.0887712,0.256,-6.118,180.025,1.0,1669.318983017259,1702.5942992920493,955.506589726933,-22.374863341354985,-18.447588411609846,161.55241158839016,False,False,1462707.141036277,1517051.0095889808,False
1.1666,37.942134,128.183259,7079.5124856,-114.211,9.762,356.114,1.0,37.949994,128.181873,6894.0496104,0.263,-6.211,180.025,1.0,1677.4340813062706,1713.1415380304843,902.6537289040215,-21.98709569214824,-19.719713195131483,160.28028680486852,False,False,1476318.8496808151,1535034.4962745558,False
1.1833,37.942382,128.183273,7082.610777600001,-122.823,8.203,355.275,1.0,37.94974,128.181873,6890.9659488,0.269,-6.303,180.026,1.0,1665.1330019845675,1703.1619312902062,850.1456706589727,-21.565742639056694,-21.119524402167528,158.8804755978325,False,False,1455790.6421312199,1517957.5733198922,False
1.2,37.942629,128.183285,7085.4929664,-131.599,6.5,354.653,1.0,37.949486,128.181873,6887.8377864,0.276,-6.396,180.026,1.0,1656.6841150535352,1703.4528897906966,798.1824289941148,-21.18982101814647,-22.67427130266616,157.32572869733386,False,False,1441786.0781343041,1518422.4882961372,False
1.2166,37.942877,128.183294,7088.1191232,-140.555,4.708,354.259,1.0,37.949233,128.181873,6884.665428,0.283,-6.49,180.027,1.0,1671.2718666658382,1707.345444195601,746.7167843028933,-20.94786308818949,-24.412101549887808,155.5878984501122,False,False,1466085.5295538867,1525029.737127233,False
1.2333,37.943124,128.1833,7090.4523672000005,-149.702,2.878,354.089,1.0,37.948979,128.181872,6881.4485688,0.29,-6.583,180.028,1.0,1652.680265452551,1704.0532024556337,695.8577904463024,-20.94095123578237,-26.368744541436307,153.63125545856371,False,False,1435209.6146149593,1519382.616006873,False
1.25,37.943372,128.183305,7092.4603896,-159.039,1.049,354.136,1.0,37.948726,128.181872,6878.1872088,0.298,-6.676,180.028,1.0,1657.7032704767278,1697.7266114678941,645.7311737798652,21.27663732031499,-28.590561259699903,151.4094387403001,False,False,1443543.3431542905,1508589.7982343077,False
1.2666,37.943619,128.183308,7094.1050904,-169.158,-0.799,354.44,1.0,37.948473,128.181872,6874.8816528,0.305,-6.769,180.029,1.0,1659.416818998925,1708.2621868806136,596.6004695265406,22.034523598931393,-31.132269568796747,148.86773043120326,False,False,1446401.4952730269,1526499.4077234995,False
1.2833,37.943866,128.18331,7095.2983824,178.592,-2.693,355.15,1.0,37.94822,128.181872,6871.531596000001,0.312,-6.863,180.029,1.0,1648.0452610022185,1698.3457568101371,548.5765216925563,23.364341499942416,-34.071111763245476,145.92888823675452,False,False,1427607.699037698,1509575.860163412,False
1.3,37.944112,128.183312,7096.0073472,164.466,-4.49,356.305,1.0,37.947967,128.181872,6868.137038400001,0.32,-6.956,180.03,1.0,1640.3792283848989,1698.6625642217537,502.06825258578925,25.57048355380464,-37.50038612897626,142.49961387102374,False,False,1415010.066909737,1510080.669631837,False
1.3166,37.944358,128.183314,7096.2487488,148.714,-6.054,357.894,1.0,37.947715,128.181871,6864.69798,0.328,-7.05,180.03,1.0,1649.7723818868012,1702.5701884205105,457.5185121854366,28.932547015904976,-41.55144579688102,138.448554203119,False,False,1430464.8838106443,1516692.3136946934,False
1.3333,37.944603,128.183318,7096.0646496,131.559,-7.246,359.86,1.0,37.947462,128.181871,6861.2144208,0.335,-7.143,180.031,1.0,1633.3028146174604,1699.3085378159767,415.4405256358997,33.694558257107225,-46.395150757996426,133.60484924200358,False,False,1403427.6645146587,1511110.2817468746,False
1.35,37.944847,128.183325,7095.523629599999,113.208,-7.941,2.093,1.0,37.94721,128.181871,6857.686665600001,0.343,-7.237,180.031,1.0,1627.2031346133624,1693.0214805955588,376.9117465972457,40.03303923535762,-52.21717472375606,127.78282527624394,False,False,1393478.3374499932,1500411.7998181954,False
1.3666,37.945091,128.183335,7094.716824000001,94.048,-8.028,4.429,1.0,37.946957,128.18187,6854.114104800001,0.351,-7.331,180.032,1.0,1637.8380641534611,1710.219938759984,342.9104468155015,48.138080674484684,-59.264792022850564,120.73520797714944,False,False,1410832.166937058,1529642.0175519388,False
1.3833,37.945335,128.183349,7093.743292800001,74.636,-7.397,6.589,1.0,37.946705,128.18187,6850.497348,0.36,-7.424,180.032,1.0,1629.1718235886865,1693.6947030370752,315.1101539951428,58.044060137637814,-67.66918839310857,112.33081160689144,False,False,1396666.2730499802,1501481.3033656874,False
1.4,37.945578,128.183365,7092.697828800001,55.183,-6.172,8.215,1.0,37.946453,128.18187,6846.8360904,0.368,-7.518,180.033,1.0,1623.1883526893653,1694.0375014642095,295.2452862857966,69.45167715557355,-77.41619961535423,102.58380038464578,False,False,1386925.819316009,1502026.053329472,False
1.4166,37.94582,128.183385,7091.6599848,35.711,-4.648,9.143,1.0,37.946202,128.18187,6843.130332000001,0.377,-7.612,180.034,1.0,1627.494625774283,1697.9435469651053,285.0852830700536,81.74842139178041,-88.16077235085436,91.83922764914564,False,False,1393914.8058520255,1508614.328410529,False
1.4333,37.946062,128.183406,7090.6699944,16.453,-3.172,9.4,1.0,37.94595,128.181869,6839.380072800001,0.385,-7.706,180.034,1.0,1617.9917191564634,1694.7436120299028,285.51383387837757,-94.09458404604288,-99.29794273432921,80.70205726567079,False,False,1378484.3205300267,1503149.361849005,False
1.45,37.946303,128.183428,7089.7174944,-1.032,-1.779,9.277,1.0,37.945698,128.181869,6835.5853128,0.394,-7.8,180.035,1.0,1611.6335941621608,1695.0906146948303,296.41228809211077,-105.77936538685664,-109.98328475817684,70.01671524182318,False,False,1368207.7989824798,1503700.2887210187,False
1.4666,37.946545,128.183451,7088.7424392,-14.199,-0.247,8.957,1.0,37.945447,128.181869,6831.746052,0.403,-7.894,180.035,1.0,1628.4616803644287,1699.0196215922208,316.678654821044,-116.49118444057645,-119.6062062307208,60.39379376927923,False,False,1395460.53824905,1510330.3796985324,False
1.4833,37.946786,128.183474,7087.685088000001,-23.538,0.983,8.364,1.0,37.945195,128.181868,6827.8625952,0.412,-7.988,180.036,1.0,1612.2536110222848,1695.8189074196102,344.62118659072667,-125.5092926606855,-127.8766768137343,52.12332318626571,False,False,1369187.3000954336,1504859.3421001385,False
1.5,37.947028,128.183498,7086.587808,-30.62,1.831,7.598,1.0,37.944944,128.181868,6823.9343328,0.421,-8.082,180.036,1.0,1619.3918895033867,1689.5795760680714,378.54103230839513,-132.78907704789475,-134.79321815199236,45.206781848007644,False,False,1380710.7322219978,1494259.507557935,False
1.5166,37.947269,128.183521,7085.4941856000005,-36.764,2.384,6.762,1.0,37.944693,128.181868,6819.961569600001,0.431,-8.176,180.037,1.0,1622.0531987479726,1700.1330590051923,416.90254643403557,-138.58258021942228,-140.50159230274463,39.49840769725539,False,False,1385013.2513394791,1512107.1852876942,False
1.5333,37.94751,128.183544,7084.417632000001,-42.479,2.741,5.917,1.0,37.944442,128.181868,6815.944305600001,0.44,-8.271,180.038,1.0,1612.2990863484374,1690.3297854530153,458.67120512442074,-143.20847107693393,-145.21230570304226,34.78769429695775,False,False,1369228.576090856,1495448.9720193306,False
1.55,37.947752,128.183566,7083.3608904,-47.961,2.964,5.08,1.0,37.944191,128.181867,6811.8828456,0.45,-8.365,180.038,1.0,1618.510007428473,1690.7166117227766,503.0890484101795,-146.92228499708065,-149.12229284434292,30.877707155657095,False,False,1379251.363148899,1496063.0814854763,False
1.5666,37.947993,128.183587,7082.3199984,-53.233,3.09,4.25,1.0,37.943941,128.181867,6807.77658,0.46,-8.459,180.039,1.0,1621.1683920400399,1694.6493369095049,549.2241635608565,-149.8971104100591,-152.38256558461856,27.617434415381435,False,False,1383547.3110871536,1502679.6697421693,False
1.5833,37.948234,128.183607,7081.2891648,-58.317,3.132,3.431,1.0,37.94369,128.181867,6803.6261184,0.47,-8.553,180.04,1.0,1611.0860479343298,1691.4832785890874,596.9189418715814,-152.2933216067938,-155.14084973500746,24.859150264992557,False,False,1367242.8513123146,1497278.6209472513,False
1.6,37.948475,128.183626,7080.2619888,-63.239,3.095,2.628,1.0,37.94344,128.181866,6799.430851200001,0.48,-8.648,180.04,1.0,1610.7431858551133,1685.2961117296961,645.6815338120501,-154.201371403662,-157.48206353036431,22.51793646963571,False,False,1366680.4566218057,1486791.1306625367,False
1.6166,37.948716,128.183644,7079.2296312,-68.024,2.987,1.843,1.0,37.943189,128.181866,6795.191388000001,0.49,-8.742,180.041,1.0,1620.1391043906797,1702.4689716863977,695.4153655264461,-155.7241840560579,-159.50443680792966,20.49556319207032,False,False,1381848.8860507244,1515838.3634026004,False
1.6333,37.948957,128.18366,7078.182948,-72.694,2.812,1.078,1.0,37.942939,128.181865,6790.907424000001,0.501,-8.836,180.041,1.0,1609.887387114703,1686.0959869818116,745.7652429145375,-156.91567226571368,-161.25508641145888,18.744913588541138,False,False,1365281.962402507,1488055.8909476541,False
1.65,37.949198,128.183675,7077.1118808,-77.268,2.576,0.337,1.0,37.942689,128.181865,6786.5786544,0.511,-8.931,180.042,1.0,1609.6788472898254,1686.498069478955,796.6714848202189,-157.84018308947398,-162.7925740916303,17.207425908369707,False,False,1364935.754931998,1488691.4707392927,False
1.6666,37.949439,128.183687,7076.004847200001,-81.758,2.282,359.622,1.0,37.942439,128.181865,6782.2059936,0.522,-9.025,180.043,1.0,1618.7640016525395,1697.0660867215515,848.0124195738372,-158.54421919868807,-164.1558703607636,15.844129639236412,False,False,1379590.3494578653,1506527.3717573378,False
1.6833,37.949679,128.183699,7074.851179200001,-86.174,1.934,358.934,1.0,37.94219,128.181864,6777.7885272,0.533,-9.119,180.043,1.0,1602.53373940974,1680.7476668899087,899.5660772683099,-159.04707272033997,-165.35360307900424,14.646396920995745,False,False,1353437.7822897842,1478923.7597382017,False
1.7,37.94992,128.183708,7073.6389896,-90.523,1.537,358.276,1.0,37.94194,128.181864,6773.32656,0.544,-9.214,180.044,1.0,1608.8016130633198,1687.7423339028549,951.5969200420819,-159.40718256299675,-166.441468138155,13.558531861845015,False,False,1363490.0168949307,1490660.7357335517,False
1.7166,37.950161,128.183716,7072.356696000001,-94.808,1.093,357.65,1.0,37.94169,128.181864,6768.820396800001,0.556,-9.308,180.045,1.0,1618.5423781249062,1698.3329726733525,1003.8960644158892,-159.63476098607484,-167.41896618284616,12.581033817153841,False,False,1379195.841685942,1508546.895579032,False
1.7333,37.950401,128.183722,7070.992716,-99.029,0.607,357.058,1.0,37.941441,128.181863,6764.2697328,0.567,-9.402,180.045,1.0,1602.1950457215462,1682.0213705268036,1056.2097271060047,-159.7494954332513,-168.29776295032354,11.702237049676452,False,False,1352857.2329856951,1480932.7712295963,False
1.75,37.950642,128.183727,7069.5363816,-103.188,0.081,356.502,1.0,37.941191,128.181863,6759.674568,0.579,-9.497,180.046,1.0,1609.0467526179912,1689.0233460372335,1108.9090847564057,-159.78013394237541,-169.10361674574406,10.896383254255941,False,False,1363844.195011869,1492689.6943316832,False
1.7666,37.950882,128.183729,7067.976110400001,-107.289,-0.48,355.982,1.0,37.940942,128.181863,6755.0352072,0.591,-9.591,180.047,1.0,1612.2153770516843,1693.0195981690292,1161.5327083194961,-159.73784152132123,-169.84079871558487,10.159201284415124,False,False,1368932.3789240064,1499401.9459068985,False
1.7833,37.951122,128.18373,7066.3015392,-111.332,-1.075,355.501,1.0,37.940693,128.181862,6750.3513456,0.603,-9.685,180.047,1.0,1602.9491247382289,1683.3319019182497,1214.305730754058,-159.6312645582996,-170.5106641507839,9.48933584921612,False,False,1354019.6942389228,1483001.4790311842,False
1.8,37.951362,128.18373,7064.5023048,-115.32,-1.699,355.059,1.0,37.940444,128.181862,6745.622983200001,0.615,-9.78,180.048,1.0,1603.424788308718,1683.769731349768,1267.1836360325165,-159.47747402134488,-171.12878315269035,8.871216847309649,False,False,1354764.6274087955,1483692.2177330335,False
1.8166,37.951602,128.183727,7062.5686536,-119.255,-2.349,354.658,1.0,37.940195,128.181861,6740.850424800001,0.628,-9.874,180.049,1.0,1613.7262609678978,1694.3709083306064,1320.1508363326566,-159.2862824491339,-171.69852090854042,8.301479091459582,False,False,1371316.3615555423,1501551.5483169071,False
1.8333,37.951842,128.183723,7060.4911368,-123.137,-3.021,354.297,1.0,37.939947,128.181861,6736.033365600001,0.641,-9.968,180.05,1.0,1604.7683322580363,1678.1039570014068,1373.0869940514108,-159.0639281384226,-172.22368322636254,7.776316773637456,False,False,1356880.4655158191,1474074.366856651,False
1.85,37.952082,128.183718,7058.260610400001,-126.965,-3.712,353.978,1.0,37.939698,128.18186,6731.171805600001,0.654,-10.062,180.05,1.0,1605.5820130836921,1685.1374669744523,1426.2155885537934,-158.81615346964344,-172.70261343994352,7.2973865600565,False,False,1358164.69178392,1485854.3872879238,False
1.8666,37.952322,128.183711,7055.86854,-130.738,-4.419,353.699,1.0,37.939449,128.18186,6726.2660496,0.667,-10.157,180.051,1.0,1616.3004429495238,1695.7426152804308,1479.388833196177,158.55222564915348,-173.14844234885544,6.851557651144564,False,False,1375407.9941572044,1503733.6455943673,False
1.8833,37.952562,128.183703,7053.31584,-134.329,-4.981,353.602,1.0,37.939201,128.18186,6721.316097600001,0.68,-10.251,180.052,1.0,1607.6369716742333,1679.4900808107768,1532.512514912869,158.48222625572947,-173.55430125937895,6.445698740621056,False,False,1361417.716129286,1476257.0602794238,False
1.9,37.952801,128.183694,7050.619884000001,-137.543,-4.971,354.08,1.0,37.938953,128.181859,6716.3216448,0.694,-10.345,180.053,1.0,1601.9921145378632,1679.9706358625176,1585.592410784957,159.1783184484088,-173.919126973583,6.080873026417014,False,False,1352332.3290061757,1477015.2843381339,False
1.9166,37.953041,128.183684,7047.789511200001,-140.593,-4.807,354.675,1.0,37.938705,128.181859,6711.282996000001,0.708,-10.439,180.053,1.0,1619.3084463659582,1690.55866141871,1638.8226824824033,160.03998788559358,174.25040050302405,5.749599496975938,False,False,1380195.127246076,1494809.4972416337,False
1.9333,37.953281,128.183673,7044.8427048,-143.599,-4.624,355.23,1.0,37.938457,128.181858,6706.200151200001,0.722,-10.534,180.054,1.0,1610.541153088745,1680.9209554223162,1692.1113483768963,160.86517282403886,174.54422294357394,5.4557770564260535,False,False,1366007.709607239,1478512.9869017017,False
1.95,37.953521,128.183663,7041.7989720000005,-146.571,-4.443,355.721,1.0,37.938209,128.181858,6701.073110400001,0.736,-10.628,180.055,1.0,1611.0073250586458,1681.3939432471684,1745.4566027900923,161.62675145970073,174.7999703590766,5.200029640923409,False,False,1366728.7585850705,1479257.8748122351,False
1.9666,37.953762,128.183652,7038.6766008,-149.508,-4.27,356.153,1.0,37.937961,128.181857,6695.901568800001,0.751,-10.722,180.056,1.0,1628.0926083874801,1692.0226274152521,1798.965614652603,-162.32636434682678,175.01907678990358,4.9809232100964325,False,False,1394368.6086302097,1497134.648962279,True
1.9833,37.954002,128.183641,7035.483516,-152.475,-4.292,356.446,1.0,37.937713,128.181857,6690.6858312,0.766,-10.816,180.056,1.0,1612.2235181015926,1682.3718253155896,1852.4099478659634,-162.76500473992348,175.20350578205276,4.796494217947251,False,False,1368626.8605821196,1480800.6935143918,True
2.0,37.954243,128.18363,7032.2087448,-155.568,-5.019,356.364,1.0,37.937465,128.181856,6685.425897600001,0.781,-10.91,180.057,1.0,1619.4232109743257,1682.8733428023902,1906.0160891202117,162.3836347708129,175.35148213630677,4.648517863693212,False,False,1380228.1780083906,1481592.9758361445,False
2.0166,37.954484,128.183618,7028.8498488000005,-158.528,-5.759,356.255,1.0,37.937218,128.181856,6680.121768,0.796,-11.004,180.058,1.0,1629.9974512586043,1686.9181173039424,1959.5401756653262,161.95996481613955,175.47063769095539,4.5293623090446244,False,False,1397375.3159245076,1488355.983380296,False
2.0333,37.954725,128.183607,7025.4107904,-161.167,-5.777,356.425,1.0,37.93697,128.181855,6674.773442400001,0.811,-11.098,180.059,1.0,1620.6438360865454,1683.871994217407,2013.225979315361,162.28610291060156,175.55259386316504,4.44740613683496,False,False,1382138.9664503331,1483169.6134337657,False
2.05,37.954967,128.183596,7021.892179200001,-163.623,-5.594,356.66,1.0,37.936723,128.181855,6669.3812256,0.827,-11.193,180.06,1.0,1627.861299732151,1677.8239036306454,2066.940543024018,162.807224802186,175.60623381950074,4.393766180499266,False,False,1393827.4445219757,1472950.813193219,False
2.0666,37.955209,128.183584,7018.3037688,-165.99,-5.402,356.878,1.0,37.936476,128.181854,6663.9445080000005,0.843,-11.287,180.061,1.0,1638.41347444608,1688.4575079773429,2120.6897270720633,163.3153700666802,175.63177491649458,4.368225083505443,False,False,1411025.4052775404,1490795.3495319076,False
2.0833,37.955451,128.183573,7014.6577512,-168.293,-5.233,357.065,1.0,37.936229,128.181854,6658.4638992,0.86,-11.38,180.061,1.0,1628.8662965791275,1678.8505318594023,2174.472796931009,163.77670669557037,175.631042218668,4.368957781331997,False,False,1395392.9995015066,1474566.7791593887,False
2.1,37.955693,128.183561,7010.9641848,-170.525,-5.09,357.223,1.0,37.935982,128.181853,6652.9387896,0.876,-11.474,180.062,1.0,1629.4453379199995,1679.381691006021,2228.288979102319,164.19031210644062,175.60768015570244,4.392319844297565,False,False,1396300.1265574796,1475404.474224152,False
2.1166,37.955936,128.183549,7007.2303848,-172.679,-4.973,357.353,1.0,37.935735,128.181853,6647.3700936,0.893,-11.568,180.063,1.0,1646.229801905168,1690.009403397767,2282.240887441278,164.55889610420806,175.56557124023698,4.4344287597630405,False,False,1423753.7361934632,1493254.323714841,False
2.1333,37.956179,128.183538,7003.462752000001,-174.748,-4.878,357.461,1.0,37.935488,128.181852,6641.7568968000005,0.91,-11.662,180.064,1.0,1636.4560497018076,1680.4287816765566,2336.23510331498,164.88614613479737,175.50195053241632,4.4980494675836855,False,False,1407674.7092997232,1477053.830415482,False
2.15,37.956422,128.183526,6999.6652488,-176.726,-4.804,357.548,1.0,37.935242,128.181852,6636.099808800001,0.928,-11.756,180.065,1.0,1636.8976754761538,1674.4196859021988,2390.137662791584,165.17725905148816,175.42652029094035,4.5734797090596375,False,False,1408360.2672017624,1466918.5504583775,False
2.1666,37.956665,128.183515,6995.840313600001,-178.614,-4.749,357.618,1.0,37.934995,128.181851,6630.3988296,0.945,-11.85,180.066,1.0,1646.793650716904,1691.617507245068,2444.188524360246,165.4338568104948,175.3347158864293,4.665284113570689,False,False,1424570.4214321196,1495806.896091306,False
2.1833,37.956909,128.183503,6991.989470400001,179.582,-4.713,357.674,1.0,37.934749,128.18185,6624.6536544,0.963,-11.944,180.067,1.0,1643.939116483382,1675.5030054645367,2498.2602360480428,165.65982481656948,175.23349850125416,4.766501498745856,False,False,1419835.9028919793,1468620.8204202694,False
2.2,37.957153,128.183492,6988.113328800001,177.865,-4.692,357.717,1.0,37.934502,128.18185,6618.864588,0.982,-12.037,180.068,1.0,1643.959053366973,1682.5586413694855,2552.4665851850386,165.85936398090575,175.1236701913714,4.8763298086286095,False,False,1419830.6661494933,1480410.6792354747,False
2.2166,37.957397,128.18348,6984.211584000001,176.227,-4.688,357.749,1.0,37.934256,128.181849,6613.0313256,1.0,-12.131,180.069,1.0,1654.275241416617,1686.6939404350928,2606.5861854174223,166.03116848551048,175.0056851748673,4.994314825132706,False,False,1436805.0057122367,1487319.9079994254,False
2.2333,37.957641,128.183468,6980.283931200001,174.665,-4.697,357.773,1.0,37.93401,128.181849,6607.1544768,1.019,-12.224,180.07,1.0,1644.5905353881717,1677.1314318396153,2660.7227612174934,166.18170056509155,174.88336691254815,5.116633087451855,False,False,1420792.215958079,1471178.9712821099,False
2.25,37.957886,128.183457,6976.328541600001,173.169,-4.719,357.789,1.0,37.933764,128.181848,6601.233432,1.038,-12.318,180.071,1.0,1651.2282098266437,1677.696964901509,2714.9990656720997,166.30960932854555,174.75275695340298,5.247243046597046,False,False,1431691.712756133,1472069.5388557906,False
2.2666,37.95813,128.183445,6972.3438912,171.732,-4.755,357.798,1.0,37.933518,128.181847,6595.268496000001,1.058,-12.411,180.072,1.0,1654.9922091742521,1688.364326991029,2769.1794561279135,166.4162259329302,174.62017623149305,5.379823768506962,False,False,1437874.9424343724,1489964.5401242333,False
2.2833,37.958375,128.183433,6968.3278464,170.344,-4.801,357.803,1.0,37.933272,128.181847,6589.2599736,1.078,-12.505,180.073,1.0,1651.9453900074116,1678.8035423626052,2823.4831455826943,166.5074022388385,174.4841259641466,5.515874035853378,False,False,1432797.738058268,1473809.2332447204,False
2.3,37.95862,128.183421,6964.278273600001,168.999,-4.858,357.802,1.0,37.933026,128.181846,6583.207255200001,1.098,-12.598,180.074,1.0,1652.2388414541776,1679.3809376360869,2877.8076420933826,166.58013406959265,174.3453812892446,5.654618710755395,False,False,1433242.834136721,1474719.3762769382,False
2.3166,37.958866,128.183409,6960.193344,167.694,-4.925,357.798,1.0,37.93278,128.181846,6577.110950400001,1.119,-12.691,180.075,1.0,1669.1335112120523,1690.0580250259495,2932.253421981599,166.63840321334646,174.2051679579526,5.794832042047412,False,False,1461259.5191824748,1492647.4890790465,False
2.3333,37.959111,128.183397,6956.0700096,166.416,-4.999,357.791,1.0,37.932535,128.181845,6570.9707544,1.139,-12.785,180.076,1.0,1652.8928365235674,1674.015534435308,2986.496920741994,166.68314612359526,174.0620779739665,5.937922026033503,False,False,1434243.1084751063,1465603.2151140017,False
2.35,37.959357,128.183384,6951.9055272000005,165.149,-5.078,357.78,1.0,37.932289,128.181844,6564.7866672,1.161,-12.878,180.077,1.0,1660.0556772816021,1681.0961837319087,3040.9699546382153,166.7185859144878,173.9189517149253,6.081048285074708,False,False,1446067.3301757553,1477420.7546488906,False
2.3666,37.959603,128.183372,6947.6977632,163.889,-5.16,357.767,1.0,37.932044,128.181844,6558.5586888,1.182,-12.971,180.078,1.0,1670.2404533483216,1685.2610252326663,3095.344862402744,166.74609200135066,173.77508503998052,6.22491496001949,False,False,1462985.2262700887,1484369.8511496494,False
2.3833,37.959849,128.18336,6943.444279200001,162.629,-5.246,357.75,1.0,37.931799,128.181843,6552.2874288,1.204,-13.064,180.079,1.0,1660.6566939348666,1675.756771733886,3149.734623400226,166.76402865571254,173.62994459255273,6.3700554074472855,False,False,1446982.2553959573,1468336.368519629,False
2.4,37.960095,128.183347,6939.143246400001,161.363,-5.336,357.73,1.0,37.931553,128.181842,6545.9719728,1.226,-13.157,180.08,1.0,1661.3036001807818,1682.8464530572019,3204.2414192723777,166.77437091905023,173.48478597989973,6.5152140201002755,False,False,1448014.575104122,1480180.1483306617,False
2.4166,37.960341,128.183335,6934.7922264,160.09,-5.43,357.708,1.0,37.931308,128.181841,6539.6132352,1.249,-13.25,180.081,1.0,1671.5718845857812,1687.040417444728,3258.6509137439302,166.77608645087744,173.33903837234274,6.66096162765726,False,False,1465083.3628558556,1487184.3831790152,False
2.4333,37.960587,128.183322,6930.3890856,158.805,-5.528,357.684,1.0,37.931063,128.181841,6533.210606400001,1.272,-13.343,180.082,1.0,1662.2624299681936,1677.5288505680614,3313.062198023493,166.77123731938354,173.1942016864888,6.805798313511213,False,False,1449522.093168181,1471120.4320373533,False
2.45,37.960834,128.183309,6925.9323,157.513,-5.629,357.657,1.0,37.930818,128.18184,6526.7643912,1.295,-13.436,180.083,1.0,1669.349045085309,1678.1355049817635,3367.5956658781784,166.75924585650137,173.0486693294231,6.9513306705769295,False,False,1461283.3111534114,1472075.0805571605,False
2.4666,37.96108,128.183297,6921.420040800001,156.221,-5.735,357.628,1.0,37.930574,128.181839,6520.2748944,1.319,-13.528,180.084,1.0,1673.1224342587805,1682.323285427564,3421.9190515771556,166.7380935843157,172.90416162251358,7.095838377486418,False,False,1467545.283853125,1479047.8721390644,False
2.4833,37.961327,128.183284,6916.8501744000005,154.92,-5.845,357.598,1.0,37.930329,128.181839,6513.741506400001,1.343,-13.621,180.086,1.0,1670.4449061701423,1679.3356338949548,3476.4638016432737,166.7116402796663,172.7596370013851,7.240362998614894,False,False,1463024.2210376675,1473962.0687784222,False
2.5,37.961574,128.183271,6912.221176800001,153.608,-5.958,357.567,1.0,37.930084,128.181838,6507.164532000001,1.368,-13.713,180.087,1.0,1671.0285836847938,1679.9538005219347,3531.0183059051205,166.67901484347593,172.6156348641288,7.384365135871226,False,False,1463953.9975492698,1474935.871001784,False
2.5166,37.961821,128.183258,6907.5309144,152.286,-6.077,357.535,1.0,37.92984,128.181837,6500.544276,1.393,-13.806,180.088,1.0,1681.7111443971673,1684.1711609727474,3585.4681504410655,166.6378305289252,172.47115837526425,7.528841624735776,False,False,1481815.924636516,1481964.8122503813,False
2.5333,37.962068,128.183245,6902.778472800001,150.96,-6.199,357.502,1.0,37.929595,128.181836,6493.880433600001,1.418,-13.898,180.089,1.0,1672.2705925691598,1681.1808321927601,3640.034020428685,166.59145417269752,172.32783169083086,7.672168309169126,False,False,1465937.5998960887,1476867.7078203342,False
2.55,37.962315,128.183232,6897.9614136,149.628,-6.326,357.468,1.0,37.929351,128.181835,6487.1730048,1.444,-13.991,180.09,1.0,1672.9333862846997,1675.3300553654074,3694.4942907712316,166.5377189917746,172.18409222200367,7.815907777996319,False,False,1466998.9507696766,1466982.8323528515,False
2.5666,37.962562,128.183219,6893.0785176,148.29,-6.457,357.434,1.0,37.929107,128.181835,6480.4222944,1.47,-14.083,180.092,1.0,1683.6996501350425,1686.041086423652,3748.9562314421332,166.47865495010586,172.04223790778047,7.957762092219523,False,False,1485020.2643770543,1484918.505847702,False
2.5833,37.962809,128.183206,6888.128260800001,146.945,-6.593,357.401,1.0,37.928862,128.181834,6473.6283023999995,1.497,-14.175,180.093,1.0,1674.3270030138438,1683.0476400987047,3803.535809763418,166.41305036297925,171.90009631836298,8.099903681637034,False,False,1469234.9195194342,1479809.2864126405,False
2.6,37.963056,128.183193,6883.1088144000005,145.592,-6.732,357.368,1.0,37.928618,128.181833,6466.790724,1.524,-14.267,180.094,1.0,1675.065448745145,1677.2155030440624,3858.008552368404,166.34262160842857,171.758554451964,8.241445548036038,False,False,1470422.3678446228,1469943.4750791884,False
2.6166,37.963303,128.18318,6878.018654400001,144.23,-6.875,357.335,1.0,37.928374,128.181832,6459.909864,1.551,-14.359,180.096,1.0,1685.9257713638915,1687.9575955657256,3912.484655781998,166.2667128583788,171.61763150835378,8.38236849164622,False,False,1488623.174911638,1487950.4972818084,False
2.6333,37.963551,128.183166,6872.8565616,142.858,-7.023,357.303,1.0,37.92813,128.181831,6452.9860272000005,1.579,-14.451,180.097,1.0,1683.387085371513,1678.48388050354,3967.0718324984227,166.18535490500096,171.47701740162117,8.52298259837883,False,False,1484295.7383976134,1471936.2439787518,False
2.65,37.963798,128.183153,6867.6207072,141.476,-7.174,357.272,1.0,37.927886,128.18183,6446.018604,1.608,-14.543,180.098,1.0,1677.4390854095984,1679.1304704936492,4021.5537671235306,166.09934335985446,171.33674605262974,8.663253947370265,False,False,1474249.2952381577,1472953.4168130285,False
2.6666,37.964045,128.18314,6862.309872,140.082,-7.329,357.242,1.0,37.927643,128.18183,6439.0078992,1.636,-14.634,180.1,1.0,1688.3942024569974,1683.3948014914854,4075.9249763373314,166.008604307501,171.19841560431024,8.801584395689785,False,False,1492633.7625514488,1480054.1256589685,False
2.6833,37.964293,128.183127,6856.9228368,138.675,-7.488,357.213,1.0,37.927399,128.181829,6431.9542176,1.666,-14.726,180.101,1.0,1685.6911971401355,1680.4213015031187,4130.5222005213,165.91293014745585,171.05881454982554,8.941185450174466,False,False,1488020.8483953765,1474983.7991007445,False
2.7,37.96454,128.183114,6851.4580776,137.258,-7.65,357.185,1.0,37.927155,128.181828,6424.8572544,1.695,-14.817,180.102,1.0,1680.0549227592578,1681.0746035881346,4185.010637712824,165.8132143750795,170.92076253055174,9.079237469448257,False,False,1478482.123100504,1476012.2378083637,False
2.7166,37.964788,128.183102,6845.91468,135.828,-7.816,357.16,1.0,37.926912,128.181827,6417.717314400001,1.726,-14.909,180.104,1.0,1697.4678156518457,1685.373123430183,4239.503043337224,165.7089757078465,170.78209312462795,9.217906875372053,False,False,1507833.9817835463,1483177.5900916662,False
2.7333,37.965035,128.183089,6840.291120000001,134.377,-7.986,357.137,1.0,37.926668,128.181826,6410.5340928000005,1.757,-15.0,180.105,1.0,1681.9328769751394,1682.3877578499246,4293.994505602841,165.60066996088506,170.64483807521782,9.355161924782179,False,False,1481529.4422368826,1478080.1480428053,False
2.75,37.965283,128.183076,6834.586483200001,132.908,-8.161,357.118,1.0,37.926425,128.181825,6403.3078944,1.788,-15.091,180.107,1.0,1689.4336177161765,1676.6066889089122,4348.4871806505635,165.48760606692514,170.50810029338305,9.491899706616953,False,False,1494117.3718702574,1468299.9940096708,False
2.7666,37.96553,128.183064,6828.7992456,131.426,-8.339,357.101,1.0,37.926182,128.181824,6396.038719200001,1.82,-15.182,180.108,1.0,1693.8603648484825,1687.3767550004627,4402.8722586404465,165.37063690583813,170.37156615035488,9.62843384964511,False,False,1501549.1119241803,1486343.8697635885,False
2.7833,37.965778,128.183051,6822.9287976000005,129.921,-8.522,357.089,1.0,37.925939,128.181823,6388.7265672,1.852,-15.273,180.11,1.0,1691.469105328988,1677.9423988082256,4457.3666974406415,165.24971838718102,170.2355403160994,9.764459683900617,False,False,1497443.9418342076,1470397.352249383,False
2.8,37.966025,128.183039,6816.97392,128.394,-8.708,357.081,1.0,37.925696,128.181822,6381.3714384,1.885,-15.364,180.111,1.0,1685.8121721632024,1678.6157731592168,4511.753105469307,165.12551453096214,170.09971926295654,9.900280737043472,False,False,1487833.0171993752,1471455.3331658428,False
2.8166,37.966273,128.183027,6810.9333936,126.848,-8.897,357.077,1.0,37.925453,128.181821,6373.9733328,1.918,-15.455,180.113,1.0,1703.612338927008,1689.409043182582,4566.250662511573,164.998644228707,169.96422564363763,10.035774356362372,False,False,1517939.940636523,1489558.7831776468,False
2.8333,37.96652,128.183015,6804.8069136,125.284,-9.09,357.077,1.0,37.92521,128.18182,6366.5322504000005,1.952,-15.545,180.114,1.0,1688.015505093251,1679.9735387454994,4620.637742096525,164.8678555026095,169.8300689704092,10.169931029590792,False,False,1491430.5324368672,1473589.8989359231,False
2.85,37.966768,128.183004,6798.593870400001,123.709,-9.286,357.081,1.0,37.924967,128.181819,6359.048496,1.986,-15.636,180.116,1.0,1695.460311671697,1680.6530542892688,4675.1377323223605,164.73407328233674,169.6951066661488,10.304893333851197,False,False,1503964.264806102,1474658.3073792222,False
2.8666,37.967015,128.182992,6792.2933496000005,122.116,-9.484,357.089,1.0,37.924724,128.181818,6351.522069600001,2.021,-15.726,180.118,1.0,1700.493614932022,1691.4647098069206,4729.524971681679,164.5985737595015,169.56169204359585,10.438307956404167,False,False,1512448.9107891428,1492813.586164948,False
2.8833,37.967263,128.182981,6785.9044368,120.504,-9.684,357.102,1.0,37.924481,128.181817,6343.9526663999995,2.057,-15.817,180.119,1.0,1697.802252210962,1682.0278251826608,4784.02484538023,164.46128615438522,169.42724681291187,10.572753187088113,False,False,1507813.2335514522,1476821.7257603074,False
2.9,37.96751,128.182971,6779.427436800001,118.871,-9.886,357.12,1.0,37.924239,128.181816,6336.340591200001,2.093,-15.907,180.121,1.0,1692.34207229821,1676.3025607474638,4838.304757318101,164.32181439467283,169.29433771932767,10.705662280672337,False,False,1498494.3169083947,1467133.4120429438,False
2.9166,37.967757,128.18296,6772.8614352,117.217,-10.09,357.142,1.0,37.923996,128.181815,6328.6861488,2.129,-15.997,180.123,1.0,1703.9458667443357,1693.5481661490978,4892.693308395616,164.18079682214727,169.1617024626067,10.838297537393297,False,False,1518134.8399910568,1496115.9055546157,False
2.9333,37.968005,128.18295,6766.207041600001,115.545,-10.295,357.168,1.0,37.923754,128.181814,6320.9887296,2.167,-16.087,180.125,1.0,1701.2844175786463,1677.6993716384966,4947.083416459094,164.03850040572405,169.02926826744385,10.970731732556137,False,False,1513538.1590324636,1469325.314923235,False
2.95,37.968252,128.182941,6759.4636464000005,113.858,-10.502,357.199,1.0,37.923511,128.181813,6313.248638400001,2.204,-16.177,180.126,1.0,1695.9142190036996,1684.8107959330025,5001.474879093777,163.894203333565,168.8969461859407,11.103053814059322,False,False,1504350.2132774328,1481205.5288059642,False
2.9666,37.968499,128.182932,6752.6315544,112.153,-10.709,357.234,1.0,37.923269,128.181811,6305.466179999999,2.243,-16.266,180.128,1.0,1707.4106598049182,1689.245450608138,5055.756726533498,163.7494664955459,168.76602764334766,11.233972356652338,False,False,1523846.2748406897,1488610.5961142427,False
2.9833,37.968746,128.182923,6745.7113752,110.425,-10.917,357.275,1.0,37.923027,128.18181,6297.641354400001,2.282,-16.356,180.13,1.0,1698.46581762583,1679.811379159541,5110.036398550724,163.6043403573824,168.6344956595799,11.36550434042011,False,False,1508545.8972792947,1472641.8993650663,False
3.0,37.968993,128.182915,6738.7031088,108.675,-11.126,357.32,1.0,37.922785,128.181809,6289.7738568,2.322,-16.445,180.132,1.0,1699.6222979852053,1680.5258992814406,5164.317301836177,163.45783733835444,168.50417117744462,11.49582882255537,False,False,1510442.0807461683,1473765.259870635,False
3.0166,37.969241,128.182907,6731.607364800001,106.9,-11.334,357.371,1.0,37.922543,128.181808,6281.8639920000005,2.362,-16.535,180.134,1.0,1717.661863321758,1691.3668021442725,5218.708632397993,163.31264615508107,168.37304224374842,11.626957756251612,False,False,1541195.6557190027,1491964.8712150182,False
3.0333,37.969488,128.1829,6724.4253624,105.1,-11.543,357.427,1.0,37.922301,128.181807,6273.911760000001,2.403,-16.624,180.136,1.0,1702.0991798934804,1681.9553396250512,5272.9903205726705,163.16610015077032,168.2432451546938,11.756754845306212,False,False,1514514.8950772092,1476012.9390078147,False
3.05,37.969735,128.182894,6717.1577112,103.278,-11.751,357.487,1.0,37.922059,128.181805,6265.917160800001,2.444,-16.713,180.138,1.0,1703.2968618195318,1682.6999898416955,5327.274789006386,163.01982061871874,168.11361757086323,11.88638242913678,False,False,1516482.9144106722,1477187.2844315802,False
3.0666,37.969982,128.182888,6709.8059352,101.436,-11.958,357.552,1.0,37.921817,128.181804,6257.8801944,2.487,-16.802,180.14,1.0,1714.8594852059803,1693.5398164601374,5381.557363559533,162.87456385484452,167.98438702839306,12.01561297160693,False,False,1536172.2453748889,1495407.3957763307,False
3.0833,37.970229,128.182882,6702.370644,99.563,-12.163,357.622,1.0,37.921575,128.181803,6249.801165600001,2.53,-16.89,180.142,1.0,1705.8892354763188,1684.120644968083,5435.839661725213,162.73104896128316,167.856473925587,12.143526074413009,False,False,1520756.8449329722,1479420.7860044874,False
3.1,37.970476,128.182878,6694.8539712,97.662,-12.368,357.696,1.0,37.921333,128.181802,6241.6797696,2.573,-16.979,180.144,1.0,1707.0058189708975,1684.8511544468017,5490.1248980909495,162.58670661318965,167.7277772712353,12.272222728764678,False,False,1522588.522696921,1480571.6752329082,False
3.1166,37.970722,128.182874,6687.2574408,95.736,-12.571,357.775,1.0,37.921092,128.1818,6233.516311200001,2.618,-17.068,180.146,1.0,1712.1013120198688,1689.3421700189617,5544.1896941331,162.44364506641648,167.59955803921633,12.400441960783677,False,False,1531225.0444918994,1488068.3964354168,False
3.1333,37.970969,128.182871,6679.5825768,93.79,-12.772,357.859,1.0,37.92085,128.181799,6225.3107904,2.663,-17.156,180.148,1.0,1709.4714000359502,1686.3120377909804,5598.476341537039,162.30235890168387,167.47251116518188,12.527488834818095,False,False,1526650.5622472116,1482873.5884620606,False
3.15,37.971216,128.182868,6671.8315128,91.815,-12.971,357.947,1.0,37.920609,128.181798,6217.0629024,2.708,-17.244,180.15,1.0,1710.7037237698476,1680.6803556195944,5652.652236787183,162.16231071741876,167.3459325735578,12.654067426442202,False,False,1528681.9317650117,1473311.7887946242,False
3.1666,37.971463,128.182866,6664.006687200001,89.807,-13.167,358.039,1.0,37.920367,128.181796,6208.773256800001,2.755,-17.332,180.152,1.0,1722.1794791096322,1697.9788037524127,5706.942280208838,162.02433770103553,167.21954282743124,12.780457172568761,False,False,1548302.6603121918,1502453.2752550347,False
3.1833,37.97171,128.182865,6656.1102336,87.769,-13.361,358.132,1.0,37.920126,128.181795,6200.4415488,2.802,-17.42,180.155,1.0,1713.021778630594,1682.1621302399744,5761.121806707403,161.88706054203035,167.0937067903969,12.906293209603092,False,False,1532495.9504536956,1475640.2763212838,False
3.2,37.971956,128.182865,6648.1448952,85.692,-13.552,358.225,1.0,37.919885,128.181793,6192.068083200001,2.85,-17.508,180.157,1.0,1707.7552934337969,1682.930068968986,5815.193810449372,161.75107345521943,166.96821468743664,13.03178531256336,False,False,1523410.1012620898,1476850.2529880914,False
3.2166,37.972203,128.182866,6640.113110400001,83.569,-13.74,358.318,1.0,37.919644,128.181792,6183.6525552,2.898,-17.596,180.159,1.0,1725.6092886393317,1693.8000789941411,5869.37751309334,161.61684911920253,166.84307794490223,13.156922055097763,False,False,1553980.9737532742,1495120.2701307314,False
3.2333,37.97245,128.182868,6632.0179272000005,81.41,-13.926,358.412,1.0,37.919402,128.181791,6175.195269600001,2.948,-17.683,180.161,1.0,1716.368744017615,1690.766231756701,5923.67452023928,161.48342796615898,166.71926665699243,13.280733343007562,False,False,1537998.7113260785,1489903.203915,False
3.25,37.972697,128.18287,6623.8620888,79.212,-14.109,358.507,1.0,37.919161,128.181789,6166.6962264,2.998,-17.771,180.164,1.0,1717.3980508170969,1685.1857204766632,5977.863044148951,161.3516421351946,166.59502141189404,13.404978588105957,False,False,1539685.9296283124,1480400.0877978508,False
3.2666,37.972944,128.182873,6615.648948,76.972,-14.289,358.603,1.0,37.91892,128.181788,6158.1554256,3.049,-17.858,180.166,1.0,1728.7690284195523,1696.0740707910927,6032.052864573544,161.22168462613396,166.4722156977382,13.527784302261825,False,False,1559198.5305672456,1498724.5017093946,False
3.2833,37.97319,128.182877,6607.3818576,74.691,-14.467,358.7,1.0,37.91868,128.181786,6149.573172,3.101,-17.945,180.169,1.0,1713.0186837515218,1680.3496288965428,6086.024955032287,161.09220469071593,166.35004123276062,13.64995876723939,False,False,1532012.7867347312,1472094.1494135682,False
3.3,37.973437,128.182882,6599.063560800001,72.368,-14.641,358.798,1.0,37.918439,128.181785,6140.949160800001,3.153,-18.032,180.171,1.0,1720.358213160172,1687.4361135902786,6140.220666644325,160.96571277518814,166.22818702162365,13.77181297837636,False,False,1544530.8974623494,1483942.4578120913,False
3.3166,37.973684,128.182888,6590.698324800001,70.002,-14.813,358.898,1.0,37.918198,128.181783,6132.283392,3.206,-18.118,180.174,1.0,1731.6313952271119,1698.3976244312446,6194.421049183268,160.83997453252013,166.1078548256165,13.89214517438349,False,False,1563906.316194997,1502414.402263004,False
3.3333,37.973931,128.182895,6582.288892800001,67.591,-14.982,358.999,1.0,37.917957,128.181781,6123.5764752,3.261,-18.205,180.176,1.0,1722.1385826418632,1688.9865481095578,6248.624820897299,160.71597637512664,165.9869983291783,14.013001670821719,False,False,1547430.8522824398,1486389.55108804,False
3.35,37.974178,128.182902,6573.8392272,65.134,-15.148,359.102,1.0,37.917717,128.18178,6114.827800800001,3.316,-18.291,180.179,1.0,1722.8445775150037,1683.3994555243185,6302.718501877721,160.5938687089286,165.86789645201753,14.132103547982476,False,False,1548564.0595938466,1476882.8394825011,False
3.3666,37.974425,128.18291,6565.3529856000005,62.628,-15.31,359.206,1.0,37.917476,128.181778,6106.037673600001,3.372,-18.378,180.182,1.0,1733.992397909511,1700.715209239379,6356.928411641015,160.47446626060858,165.74825035163096,14.251749648369067,False,False,1567748.9368602224,1506095.8858208817,False
3.3833,37.974672,128.18292,6556.8338256,60.072,-15.469,359.312,1.0,37.917236,128.181776,6097.2063984,3.428,-18.464,180.185,1.0,1724.4795986124493,1684.9698705221642,6411.0327061276985,160.3567213768036,165.63022138487622,14.369778615123797,False,False,1551215.5174510975,1479354.9014106088,False
3.4,37.974919,128.182929,6548.285404800001,57.464,-15.624,359.419,1.0,37.916995,128.181775,6088.333670400001,3.486,-18.55,180.187,1.0,1724.8466541542757,1692.053308759175,6465.248137803847,160.24192186394973,165.51279573305376,14.487204266946254,False,False,1551764.7332385818,1491228.3572302642,False
3.4166,37.975166,128.18294,6539.7116856,54.803,-15.776,359.527,1.0,37.916755,128.181773,6079.4197944,3.545,-18.636,180.19,1.0,1736.0121399090626,1696.688545897853,6519.359736521417,160.12862284001972,165.39603519093538,14.603964809064616,False,False,1571001.7385574107,1498994.753017238,False
3.4333,37.975413,128.182952,6531.1163256,52.09,-15.925,359.637,1.0,37.916514,128.181771,6070.464770400001,3.604,-18.721,180.193,1.0,1726.186780713256,1693.631615265674,6573.58699904322,160.01714665489996,165.28084727523742,14.719152724762584,False,False,1553908.7728690424,1493724.9474543512,False
3.45,37.975661,128.182964,6522.5026776,49.329,-16.07,359.748,1.0,37.916274,128.181769,6061.4685984,3.664,-18.807,180.196,1.0,1732.8715394723126,1688.0948264181504,6627.817682154156,159.90838761917797,165.16535350559212,14.834646494407883,False,False,1565385.7870398574,1484274.772520362,False
3.4666,37.975908,128.182977,6513.875008800001,46.508,-16.211,359.86,1.0,37.916034,128.181768,6052.4312784,3.726,-18.892,180.199,1.0,1737.3678583255087,1699.0320024858534,6681.940961527989,159.8022564925659,165.05163626027644,14.948363739723568,False,False,1573102.8299263308,1502708.9479318657,False
3.4833,37.976156,128.182991,6505.2369768,43.613,-16.347,359.972,1.0,37.915794,128.181766,6043.3531152000005,3.788,-18.977,180.202,1.0,1733.7207859819218,1689.6679672882465,6736.181862049597,159.69975969182488,164.93850727638736,15.061492723612668,False,False,1566688.4640714221,1486753.9686671733,False
3.5,37.976403,128.183005,6496.591934399999,40.647,-16.479,0.085,1.0,37.915554,128.181764,6034.233804,3.851,-19.062,180.205,1.0,1727.4917188228078,1690.4622837140232,6790.315686540688,159.599889268906,164.826180765361,15.173819234639016,False,False,1555823.6225941733,1488006.9852638121,False
3.5166,37.976651,128.18302,6487.9432344,37.614,-16.607,0.2,1.0,37.915314,128.181762,6025.0733448,3.915,-19.147,180.208,1.0,1744.5889643747687,1701.4481290200947,6844.566081251759,159.50276932734832,164.71450597075662,15.285494029243381,False,False,1585420.3158287427,1506548.6533897733,False
3.5333,37.976899,128.183036,6479.2945344,34.509,-16.73,0.315,1.0,37.915074,128.18176,6015.872347200001,3.98,-19.231,180.211,1.0,1734.3890661443868,1692.0486757838921,6898.822142624798,159.40925806591775,164.60455474585638,15.395445254143644,False,False,1567592.8901263727,1490509.9151646805,False
3.55,37.977147,128.183052,6470.6485776,31.331,-16.847,0.431,1.0,37.914834,128.181758,6006.630506400001,4.046,-19.316,180.215,1.0,1734.3400105355445,1692.84661427204,6953.082575363784,159.32041038874877,164.4944153833672,15.505584616632811,False,False,1567423.0219457373,1491769.752781742,False
3.5666,37.977396,128.183068,6462.0090216,28.07,-16.959,0.547,1.0,37.914595,128.181756,5997.3478224,4.113,-19.4,180.218,1.0,1751.066336295848,1697.5174250700852,7007.3475315789165,159.23518906539292,164.3860085052814,15.61399149471859,False,False,1596487.3178259556,1499596.5952308252,False
3.5833,37.977644,128.183085,6453.3783048000005,24.723,-17.066,0.663,1.0,37.914355,128.181754,5988.024600000001,4.182,-19.484,180.221,1.0,1734.3304655379648,1694.4459407290246,7061.6185133384715,159.15359394961538,164.2783469138912,15.721653086108809,False,False,1567237.1041993338,1494295.9844701246,False
3.6,37.977893,128.183102,6444.759170400001,21.29,-17.168,0.779,1.0,37.914115,128.181752,5978.6605344,4.251,-19.568,180.225,1.0,1740.4795642596255,1695.2533097228625,7116.005260129779,159.07570066853725,164.171456370754,15.828543629246033,False,False,1577836.0543210912,1495572.5233928335,False
3.6166,37.978142,128.18312,6436.1534472,17.759,-17.264,0.894,1.0,37.913876,128.18175,5969.2559304,4.321,-19.652,180.228,1.0,1751.0042400400903,1699.9510280677866,7170.287126251941,159.0023979059362,164.06532810871178,15.934671891288227,False,False,1596125.0285221708,1503455.1525842196,False
3.6333,37.978391,128.183138,6427.562964000001,14.137,-17.355,1.008,1.0,37.913636,128.181748,5959.810788000001,4.392,-19.735,180.232,1.0,1740.2492010176159,1696.8653031294693,7224.684820849888,158.93283467474728,163.96096297496658,16.03903702503343,False,False,1577266.5011621357,1498121.706946473,False
3.65,37.97864,128.183156,6418.98894,10.423,-17.44,1.121,1.0,37.913397,128.181746,5950.325412,4.465,-19.819,180.235,1.0,1739.9581104739236,1691.3897367555392,7278.976178315439,158.86792524399266,163.85637884609923,16.143621153900764,False,False,1576675.8909904442,1488752.3795025758,False
3.6666,37.978889,128.183174,6410.43168,6.624,-17.519,1.234,1.0,37.913157,128.181744,5940.799497600001,4.538,-19.902,180.239,1.0,1750.1420461414848,1708.7153424748196,7333.383295935667,158.80780190914427,163.75353661147116,16.24646338852884,False,False,1594363.4506708235,1518113.4021975591,False
3.6833,37.979139,128.183192,6401.8917936,2.729,-17.593,1.343,1.0,37.912918,128.181741,5931.2330448,4.613,-19.985,180.243,1.0,1745.7180572810485,1693.0670782365437,7387.796575397526,158.7514991606974,163.65140761815402,16.348592381845997,False,False,1586546.8799162663,1491403.5922430013,False
3.7,37.979389,128.18321,6393.368976,-1.264,-17.66,1.451,1.0,37.912679,128.181739,5921.626663200001,4.688,-20.067,180.247,1.0,1745.4189159613502,1693.8367191230086,7442.21286252178,158.70101500390754,163.5510285693568,16.44897143064321,False,False,1585941.1279663378,1492612.7356413694,True
3.7166,37.979639,128.183227,6384.8617032,-5.363,-17.721,1.555,1.0,37.912439,128.181737,5911.9797432,4.765,-20.15,180.251,1.0,1755.3813662354937,1711.1772019118237,7496.743077948423,158.655506782563,163.45032501421724,16.54967498578278,False,False,1603295.9744850807,1522040.4243200414,False
3.7333,37.979889,128.183245,6376.369060800001,-9.567,-17.776,1.655,1.0,37.9122,128.181735,5902.2928944000005,4.843,-20.233,180.255,1.0,1744.89141213168,1695.4791192473365,7551.167953764591,158.61497945498118,163.3503160363039,16.64968396369612,False,False,1584853.8397155383,1495206.4425147297,False
3.75,37.98014,128.183262,6367.8883056,-13.885,-17.825,1.751,1.0,37.911961,128.181732,5892.5661168,4.923,-20.315,180.259,1.0,1750.7762342179776,1696.3393496612425,7605.707893464797,158.57960896869267,163.25189030806555,16.748109691934438,False,False,1595056.3630033536,1496569.9281138803,False
3.7666,37.980391,128.183279,6359.4163896,-18.311,-17.868,1.843,1.0,37.911722,128.18173,5882.7988008,5.003,-20.397,180.263,1.0,1761.1686854827342,1707.3573065142991,7660.25004497443,-158.54939559392508,163.15409882767514,16.845901172324883,False,False,1613222.1400995618,1515225.0349137466,False
3.7833,37.980641,128.183295,6350.939292000001,-21.514,-17.673,1.972,1.0,37.911483,128.181727,5872.991860800001,5.084,-20.479,180.267,1.0,1744.082218128071,1697.993475325309,7714.683882827562,-158.7545186284439,163.0568392644188,16.943160735581195,False,False,1583192.8306031579,1499185.2967553746,False
3.8,37.980892,128.183311,6342.4039776,-21.122,-17.069,2.001,1.0,37.911244,128.181725,5863.1449920000005,5.167,-20.56,180.271,1.0,1751.4665613644213,1698.7811506114858,7769.2267129069505,-159.37202310172768,162.96063912393384,17.039360876066148,False,False,1596015.2937557863,1500426.5096722387,False
3.8166,37.981144,128.183327,6333.825381600001,-19.366,-16.54,1.952,1.0,37.911005,128.181723,5853.2584992,5.251,-20.642,180.275,1.0,1769.1845518111154,1709.844741378313,7823.881000611628,159.9179743145303,162.86357845083583,17.136421549164154,False,False,1627120.5978620162,1519185.3772707148,False
3.8333,37.981396,128.183342,6325.2489192,-18.311,-16.339,1.888,1.0,37.910767,128.18172,5843.3317728,5.337,-20.723,180.28,1.0,1758.3099702508694,1694.2440647604824,7878.427370854054,160.13628569030809,162.76812614333133,17.231873856668674,False,False,1607856.4780552792,1492534.98501779,False
3.85,37.981648,128.183357,6316.747437600001,-20.592,-16.6,1.868,1.0,37.910528,128.181717,5833.3657272,5.423,-20.804,180.284,1.0,1757.0038215035488,1701.3119219649732,7933.092346442613,-159.89010464032594,162.67360870615414,17.32639129384586,False,False,1605477.3456479772,1504436.9039187212,False
3.8666,37.9819,128.18337,6308.3197176,-23.585,-16.589,1.944,1.0,37.910289,128.181715,5823.3597528,5.511,-20.885,180.289,1.0,1765.8628994416829,1712.3651269315112,7987.7599104685405,-159.91059072793254,162.58021319798863,17.419786802011377,False,False,1620999.3733708954,1523204.8148853814,False
3.8833,37.982153,128.183384,6299.889864000001,-23.321,-16.118,1.936,1.0,37.910051,128.181712,5813.3144592,5.6,-20.965,180.293,1.0,1761.9171795888271,1696.7480229427977,8042.43332209104,-160.39375278261025,162.4881575300594,17.51184246994062,False,False,1613956.8887999193,1496486.06692146,False
3.9,37.982406,128.183397,6291.4319688000005,-21.733,-15.707,1.859,1.0,37.909812,128.181709,5803.229541600001,5.691,-21.046,180.298,1.0,1762.1875036654535,1703.8217730347887,8097.217310018981,-160.81971360729784,162.39536902262725,17.60463097737278,False,False,1614350.2703541738,1508414.5581178372,False
3.9166,37.982659,128.183409,6282.9722448,-19.832,-15.384,1.795,1.0,37.909574,128.181707,5793.1053048,5.782,-21.126,180.303,1.0,1772.637749285338,1708.6201391814475,8151.889597432637,161.1565369250126,162.30409980465424,17.69590019534576,False,False,1632737.2048601625,1516502.3461455314,False
3.9333,37.982913,128.183421,6274.535076,-18.924,-15.346,1.726,1.0,37.909335,128.181704,5782.941444,5.875,-21.206,180.308,1.0,1768.0177478711494,1705.502946315257,8206.789753371653,161.20811930917694,162.2132975094864,17.78670249051358,False,False,1624475.547796741,1511081.4326568139,False
3.95,37.983167,128.183432,6266.1869088,-21.632,-15.72,1.694,1.0,37.909097,128.181701,5772.7385688,5.97,-21.286,180.313,1.0,1766.3224969265036,1700.1160873486142,8261.585146226436,-160.84539587483894,162.12359560331674,17.876404396683263,False,False,1621397.8834235228,1501808.581916503,False
3.9666,37.983421,128.183443,6257.9286576,-25.285,-15.782,1.743,1.0,37.908858,128.181698,5762.496374400001,6.066,-21.366,180.318,1.0,1775.4376185676695,1717.4666708964903,8316.499590012025,-160.7907697254417,162.03486522587548,17.965134774124515,False,False,1637458.6847826717,1531356.6678901464,False
3.9833,37.983676,128.183453,6249.679855200001,-25.412,-15.373,1.713,1.0,37.90862,128.181695,5752.214860800001,6.163,-21.445,180.323,1.0,1770.8807850961625,1701.8139385392385,8371.415517538344,-161.2090614178501,161.9476059575021,18.052394042497898,False,False,1629297.8004633975,1504495.2985678818,False
4.0,37.983931,128.183462,6241.4024016,-23.975,-15.021,1.609,1.0,37.908382,128.181692,5741.8943328000005,6.262,-21.524,180.328,1.0,1771.2120310702887,1702.6604880731977,8426.330622696281,-161.57248650958735,161.8605482168808,18.139451783119213,False,False,1629803.2783657194,1505835.1168815831,False
4.0166,37.984186,128.183471,6233.1200712,-22.142,-14.749,1.517,1.0,37.908144,128.181689,5731.5347904,6.362,-21.603,180.334,1.0,1781.9642132733825,1713.7719282865964,8481.247921914353,-161.8548460095639,161.7738620904346,18.22613790956543,False,False,1648824.255639746,1524714.2667438558,False
4.0333,37.984442,128.18348,6224.8477992,-20.207,-14.537,1.45,1.0,37.907906,128.181686,5721.136538400001,6.464,-21.682,180.339,1.0,1777.5235605944881,1704.35526479621,8536.279367601272,162.0759254758384,161.6875199670743,18.31248003292567,False,False,1640839.907904278,1508518.6179535799,False
4.05,37.984698,128.183488,6216.603873600001,-19.36,-14.59,1.374,1.0,37.907668,128.181683,5710.6989672,6.567,-21.761,180.345,1.0,1776.9192536900284,1705.2168192593927,8591.313325048226,162.03143618683256,161.60178047250014,18.39821952749987,False,False,1639685.075444203,1509885.026369252,False
4.0666,37.984954,128.183496,6208.451388,-22.338,-15.023,1.329,1.0,37.907429,128.18168,5700.2229912,6.672,-21.839,180.351,1.0,1786.1011164970657,1722.5762124630141,8646.466150147975,-161.605334260361,161.51794017123686,18.482059828763152,False,False,1655962.7089801626,1539534.495668363,False
4.0833,37.985211,128.183503,6200.401620000001,-26.514,-15.12,1.352,1.0,37.907192,128.181677,5689.7080008,6.778,-21.917,180.356,1.0,1780.022179485397,1700.7277628707404,8701.514663237393,-161.51306829004184,161.43513173277816,18.564868267221847,False,False,1645044.6482767444,1502034.436665702,False
4.1,37.985468,128.183509,6192.373797600001,-26.954,-14.741,1.305,1.0,37.906954,128.181673,5679.154605600001,6.885,-21.995,180.362,1.0,1779.5659547790915,1707.8277598192824,8756.677892221203,-161.8973616013394,161.3527693087452,18.647230691254816,False,False,1644153.936206644,1514031.3101176815,False
4.1166,37.985725,128.183514,6184.3158,-25.569,-14.42,1.184,1.0,37.906716,128.18167,5668.562500800001,6.995,-22.073,180.368,1.0,1790.692315359584,1718.923105711722,8811.838451268055,-162.2241219753434,161.27055574460516,18.729444255394842,False,False,1663936.904684004,1532937.930123286,False
4.1333,37.985983,128.18352,6176.2474391999995,-23.711,-14.181,1.075,1.0,37.906478,128.181667,5657.9316864,7.106,-22.15,180.374,1.0,1786.6387019997428,1709.491947182717,8867.113454542587,-162.4679252027413,161.1895120962656,18.810487903734398,False,False,1656607.2226912936,1516666.7145137133,False
4.15,37.986241,128.183524,6168.1839552,-21.729,-14.002,0.993,1.0,37.90624,128.181663,5647.262772,7.218,-22.227,180.381,1.0,1786.405250409343,1710.3994187995618,8922.389414386225,-162.65086681953517,161.1088443949695,18.891155605030498,False,False,1656111.0805292956,1518113.8153779733,False
4.1666,37.986499,128.183529,6160.1338824,-19.695,-13.863,0.933,1.0,37.906003,128.18166,5636.5551479999995,7.332,-22.304,180.387,1.0,1797.0184841450011,1715.3031578195105,8977.557356684702,-162.7931779296955,161.02855817699808,18.971441823001918,False,False,1675047.9931172368,1526408.1851549265,False
4.1833,37.986758,128.183533,6152.1033168,-17.628,-13.756,0.892,1.0,37.905765,128.181656,5625.809424000001,7.448,-22.381,180.393,1.0,1792.2935411237788,1712.1226654695186,9032.950924439208,162.90314526193595,160.9485923636244,19.051407636375583,False,False,1666489.592768704,1520852.354795094,False
4.2,37.987017,128.183537,6144.106584000001,-16.708,-13.891,0.822,1.0,37.905527,128.181653,5615.0256,7.565,-22.458,180.4,1.0,1791.7510500264746,1712.9248682651587,9088.347120325483,162.77020394915846,160.86916216116063,19.130837838839387,False,False,1665439.0154674707,1522120.3929608455,False
4.2166,37.987276,128.18354,6136.203424800001,-19.777,-14.368,0.755,1.0,37.90529,128.181649,5604.2033712,7.684,-22.534,180.407,1.0,1800.9921538064118,1717.9683130273063,9143.639919746558,-162.29421198585067,160.79162192826234,19.20837807173768,False,False,1681961.968351944,1530666.0232731227,False
4.2333,37.987536,128.183542,6128.4209664,-24.251,-14.491,0.766,1.0,37.905052,128.181645,5593.343347200001,7.805,-22.61,180.413,1.0,1794.7083899968209,1714.7066538376844,9199.162598356117,-162.1723985890924,160.714988078427,19.285011921573005,False,False,1670588.382032637,1524961.4148934332,False
4.25,37.987796,128.183543,6120.6814848,-24.832,-14.138,0.738,1.0,37.904815,128.181641,5582.4452232,7.928,-22.686,180.42,1.0,1794.0188069753326,1709.4108621069463,9254.57732127715,-162.52536197649192,160.6389452067942,19.3610547932058,False,False,1669275.1209735116,1515787.834192701,False
4.2666,37.988056,128.183545,6112.917314400001,-23.369,-13.837,0.635,1.0,37.904578,128.181638,5571.5089992,8.052,-22.762,180.427,1.0,1805.2341344870274,1720.5290785115114,9309.992858572252,-162.82464728814978,160.5629798607124,19.43702013928759,False,False,1689382.3807398241,1534747.99372884,False
4.2833,37.988317,128.183546,6105.13638,-21.376,-13.616,0.537,1.0,37.90434,128.181634,5560.5352848,8.178,-22.837,180.435,1.0,1801.0997066743623,1717.300064170082,9365.631861202704,-163.04340667893308,160.48808500057163,19.511914999428367,False,False,1681851.012372164,1529089.9785499675,False
4.3,37.988577,128.183546,6097.356055200001,-19.244,-13.457,0.466,1.0,37.904103,128.18163,5549.5234704,8.306,-22.913,180.442,1.0,1794.6444609492119,1712.0213668684876,9421.049352889082,-163.20021551139737,160.41248372831367,19.58751627168633,False,False,1670169.0073665706,1519930.8146481204,False
4.3166,37.988839,128.183547,6089.5848744,-17.058,-13.341,0.416,1.0,37.903866,128.181626,5538.474165600001,8.435,-22.988,180.449,1.0,1818.2768625112326,1723.205861536571,9476.693389347553,163.3142885618311,160.3380602762214,19.661939723778605,False,False,1712783.8018803808,1539033.0982930793,False
4.3333,37.9891,128.183547,6081.838992000001,-16.054,-13.475,0.337,1.0,37.903629,128.181622,5527.387370400001,8.567,-23.063,180.457,1.0,1800.550216252722,1713.7556635805822,9532.228438940485,163.17687791830258,160.26408154548335,19.735918454516657,False,False,1680633.0069747588,1522684.390583194,False
4.35,37.989362,128.183546,6074.1790632,-19.169,-13.953,0.263,1.0,37.903391,128.181617,5516.26278,8.7,-23.137,180.465,1.0,1805.6852690300095,1720.8496168983681,9587.992959052768,-162.69509006013115,160.19174522775376,19.808254772246254,False,False,1689816.9935061191,1534757.7603811172,False
4.3666,37.989624,128.183545,6066.635568000001,-23.744,-14.072,0.269,1.0,37.903154,128.181613,5505.101004,8.835,-23.211,180.473,1.0,1814.7938633514734,1725.8342951675684,9643.6538112521,-162.57438122731574,160.12034597248618,19.879654027513833,False,False,1706231.7549220105,1543238.6059491453,False
4.3833,37.989886,128.183543,6059.1338304,-24.309,-13.713,0.24,1.0,37.902917,128.181609,5493.9017376,8.972,-23.285,180.481,1.0,1803.3252978972655,1716.3758449220222,9699.317811309591,-162.9292907405909,160.04939029928053,19.950609700719472,False,False,1685410.8697960228,1526849.791990928,False
4.4,37.990149,128.18354,6051.604356000001,-22.715,-13.414,0.138,1.0,37.90268,128.181605,5482.6649808,9.111,-23.359,180.489,1.0,1810.2327401402663,1717.2542199073027,9755.092050429643,-163.2206695517831,159.97842439283005,20.02157560716995,False,False,1697817.2525956358,1528247.6044286818,False
4.4166,37.990412,128.183538,6044.0532408,-20.577,-13.2,0.044,1.0,37.902444,128.1816,5471.3913432,9.252,-23.433,180.497,1.0,1821.4245532029943,1722.3799041232212,9810.759212218853,-163.4267497074468,159.9075173239964,20.092482676003602,False,False,1718065.616219255,1536952.2869795505,False
4.4333,37.990675,128.183535,6036.498468000001,-18.305,-13.05,359.977,1.0,37.902207,128.181596,5460.080215200001,9.395,-23.506,180.506,1.0,1810.6106366937074,1719.0040354438502,9866.536504045878,-163.5699375518838,159.83777336518304,20.162226634816953,False,False,1698353.2665554085,1531032.5325785119,False
4.45,37.990938,128.183532,6028.9491816,-15.985,-12.946,359.932,1.0,37.90197,128.181591,5448.732511200001,9.54,-23.58,180.514,1.0,1810.5285815103641,1719.9405609748546,9922.317866129244,163.66809313330253,159.767192943965,20.23280705603501,False,False,1698130.6667247033,1532531.5793242082,False
4.4666,37.991202,128.183529,6021.421536,-14.886,-13.092,359.853,1.0,37.901733,128.181586,5437.3473168,9.687,-23.652,180.523,1.0,1827.6055826134223,1731.195150439864,9978.213892402287,163.51415977510612,159.6988892802942,20.30111071970581,False,False,1729121.0563058876,1551840.4865175483,False
4.4833,37.991466,128.183525,6013.9761864,-18.009,-13.567,359.771,1.0,37.901496,128.181582,5425.925546400001,9.836,-23.725,180.532,1.0,1815.4985870817409,1721.625270562489,10034.113992082095,-163.03106762930295,159.6302353376193,20.369764662380703,False,False,1706994.5194162584,1535206.9388792852,False
4.5,37.99173,128.18352,6006.645136800001,-22.614,-13.674,359.775,1.0,37.90126,128.181577,5414.4668952,9.987,-23.798,180.541,1.0,1813.8984401423634,1716.4647706506641,10089.911990688306,-162.92012669473962,159.56241732196696,20.437582678033063,False,False,1704018.8421062492,1526223.4362202317,False
4.5166,37.991995,128.183515,5999.354015999999,-23.118,-13.316,359.752,1.0,37.901023,128.181572,5402.971668,10.141,-23.87,180.55,1.0,1830.7536144557168,1733.8318705663457,10145.936869001516,-163.2707860202156,159.49589036456308,20.50410963543693,False,False,1734662.9634823422,1556071.5298037888,False
4.5333,37.992259,128.18351,5992.0336344,-21.404,-13.019,359.659,1.0,37.900787,128.181567,5391.439560000001,10.296,-23.942,180.56,1.0,1813.7439455211384,1718.2278227239347,10201.740143679895,-163.55512961547183,159.4294280247349,20.5705719752651,False,False,1703595.3265980817,1529025.3861523904,False
4.55,37.992524,128.183504,5984.690088,-19.144,-12.808,359.573,1.0,37.90055,128.181562,5379.870876,10.453,-24.013,180.569,1.0,1820.6300900476913,1725.2111418860077,10257.765139359803,-163.75373610594818,159.3638882433375,20.636111756662512,False,False,1716036.7234450174,1540935.2527699368,False
4.5666,37.992789,128.183498,5977.341969600001,-16.753,-12.66,359.512,1.0,37.900314,128.181557,5368.2659208,10.613,-24.085,180.579,1.0,1831.6642807425167,1730.3469269522009,10313.681081233648,-163.89108279243806,159.2975082640919,20.702491735908104,False,False,1736114.7193001783,1549694.9487986758,False
4.5833,37.993054,128.183492,5969.9990328,-14.317,-12.554,359.472,1.0,37.900077,128.181552,5356.6240848,10.775,-24.156,180.589,1.0,1820.621269907284,1726.9746789928624,10369.710808401118,163.98810703919182,159.2322522988952,20.767747701104827,False,False,1715876.5952344136,1543751.308522454,False
4.6,37.99332,128.183486,5962.6777368,-13.128,-12.696,359.389,1.0,37.899841,128.181546,5344.9462824,10.939,-24.227,180.599,1.0,1826.7780501394634,1721.840947154735,10425.745574853083,163.83381805445543,159.16723196333476,20.832768036665243,False,False,1727032.9158632597,1534784.1411096554,False
4.6166,37.993586,128.183479,5955.439041600001,-16.237,-13.156,359.294,1.0,37.899604,128.181541,5333.2322088,11.105,-24.298,180.61,1.0,1836.6937749807325,1739.139306347316,10481.89583625461,-163.36125794990832,159.10277940645517,20.897220593544844,False,False,1745124.9178037934,1564603.9050815403,False
4.6333,37.993852,128.183471,5948.3158656000005,-20.839,-13.245,359.295,1.0,37.899368,128.181536,5321.481864,11.273,-24.368,180.62,1.0,1824.179143542005,1723.5213504225082,10537.942838874373,-163.26636066988036,159.04009724339474,20.95990275660528,False,False,1722147.8256502077,1537448.8328027087,False
4.65,37.994119,128.183463,5941.234752000001,-21.259,-12.881,359.282,1.0,37.899132,128.18153,5309.695248,11.444,-24.438,180.631,1.0,1830.0738323651456,1724.497405603478,10594.107313018008,-163.6204858258713,158.97771912946544,21.022280870534555,False,False,1732848.7257345263,1539015.9738703624,False
4.6666,37.994385,128.183455,5934.126511200001,-19.421,-12.582,359.201,1.0,37.898896,128.181524,5297.872970400001,11.617,-24.508,180.642,1.0,1834.9580017045625,1735.7662835619124,10650.161473975206,-163.90283604995432,158.91532969721754,21.08467030278245,False,False,1741729.3357608602,1558396.6815403397,False
4.6833,37.994652,128.183447,5926.9972392,-17.04,-12.372,359.126,1.0,37.89866,128.181519,5286.0144216,11.793,-24.578,180.653,1.0,1830.7441216773127,1726.176601381604,10706.326546777469,-164.09681076066886,158.85289986680962,21.147100133190392,False,False,1733936.0070038182,1541680.9229062563,False
4.7,37.994919,128.183438,5919.865833600001,-14.53,-12.224,359.076,1.0,37.898424,128.181513,5274.120211200001,11.97,-24.647,180.664,1.0,1830.902030583755,1727.1442523466985,10762.493929911147,164.23147257990274,158.79155622298452,21.208443777015468,False,False,1734155.1750749322,1543235.0851762826,False
4.7166,37.995186,128.183429,5912.752106400001,-13.273,-12.344,358.986,1.0,37.898188,128.181507,5262.1903391999995,12.15,-24.716,180.676,1.0,1841.6834608260542,1738.435736353316,10818.66482301512,164.09493416625256,158.73041190199018,21.26958809800981,False,False,1753883.275384344,1562683.8636050639,False
4.7333,37.995453,128.18342,5905.717627200001,-16.378,-12.794,358.89,1.0,37.897952,128.181501,5250.224805600001,12.333,-24.785,180.688,1.0,1829.5570371520785,1728.909818676888,10874.842953569952,-163.6294270941458,158.6697766313706,21.330223368629376,False,False,1731554.7818651267,1546051.6976485124,False
4.75,37.995721,128.18341,5898.7968384000005,-20.985,-12.869,358.887,1.0,37.897716,128.181495,5238.2236104,12.518,-24.853,180.699,1.0,1834.63516576976,1729.795880245557,10931.140198450601,-163.54661405906586,158.61078373117175,21.389216268828246,False,False,1740790.531754813,1547466.31922618,False
4.7666,37.995989,128.1834,5891.917197600001,-21.347,-12.487,358.868,1.0,37.89748,128.181489,5226.1870584,12.706,-24.922,180.712,1.0,1845.128834098619,1741.1022843022045,10987.442472382103,-163.91500740308075,158.5510980420525,21.448901957947513,False,False,1760030.1769969086,1566969.9695174356,False
4.7833,37.996256,128.183389,5885.0107344,-19.429,-12.179,358.783,1.0,37.897244,128.181482,5214.1148448,12.896,-24.99,180.724,1.0,1828.109271640181,1731.670784118022,11043.63459373242,-164.20132929201455,158.49237585816584,21.507624141834174,False,False,1728703.9950469006,1550474.8516267207,False
4.8,37.996524,128.183378,5878.084764,-16.973,-11.959,358.707,1.0,37.897008,128.181476,5202.007579200001,13.088,-25.058,180.737,1.0,1834.8631751243904,1732.4442247918998,11099.937850224464,-164.40098191907285,158.43359899785156,21.566401002148435,False,False,1741005.7556646601,1551695.763633965,False
4.8166,37.996792,128.183367,5871.158184000001,-14.398,-11.805,358.656,1.0,37.896772,128.181469,5189.8652616,13.283,-25.125,180.749,1.0,1845.924861812564,1743.8697126370287,11156.244947778572,-164.5381052208014,158.37588198905013,21.624118010949868,False,False,1761295.6911339902,1571435.979494046,False
4.8333,37.997061,128.183356,5864.2413576,-11.783,-11.693,358.625,1.0,37.896537,128.181463,5177.6875872,13.481,-25.192,180.763,1.0,1841.2304824167595,1728.1683576531457,11212.553916516052,164.63621338254464,158.3182975737315,21.681702426268483,False,False,1752573.4071998345,1544058.7061738004,False
4.85,37.99733,128.183344,5857.3504391999995,-10.445,-11.841,358.538,1.0,37.896301,128.181456,5165.474860800001,13.682,-25.259,180.776,1.0,1841.0544857888697,1735.2000433367357,11268.978163904894,164.4687589983681,158.2608729495362,21.73912705046378,False,False,1752181.7955062403,1556115.599241569,False
4.8666,37.997599,128.183332,5850.545169600001,-13.5,-12.326,358.428,1.0,37.896065,128.181449,5153.227082400001,13.885,-25.326,180.789,1.0,1850.9955997307784,1746.5440285698096,11325.410292291266,-163.96411290975595,158.203946350025,21.79605364997498,False,False,1770466.6038988098,1575743.9162340479,False
4.8833,37.997868,128.18332,5843.8581624,-18.059,-12.417,358.431,1.0,37.89583,128.181442,5140.944556800001,14.09,-25.393,180.803,1.0,1838.3563373954132,1730.9308562909118,11381.741257566568,-163.8649299057554,158.14770857688927,21.852291423110728,False,False,1747085.6832692393,1548476.2585679372,False
4.9,37.998137,128.183307,5837.216265600001,-18.308,-12.025,358.433,1.0,37.895594,128.181435,5128.627284000001,14.299,-25.459,180.817,1.0,1837.9575265897859,1737.8477150553101,11438.187534745295,-164.24281223354902,158.092712663912,21.907287336087993,False,False,1746287.4716650678,1560351.9931161196,False
4.9166,37.998406,128.183294,5830.5502896,-16.27,-11.707,358.368,1.0,37.895359,128.181428,5116.275264000001,14.51,-25.525,180.832,1.0,1849.343980318892,1743.1411001020663,11494.523954459804,-164.53709987187952,158.03767764927284,21.96232235072717,False,False,1767214.744768367,1569443.9682502267,False
4.9333,37.998675,128.183281,5823.869073600001,-13.703,-11.478,358.31,1.0,37.895124,128.181421,5103.888801600001,14.724,-25.59,180.846,1.0,1838.4684263788233,1733.5845234878993,11550.862141600752,-164.74403302652104,157.98361256186752,22.01638743813251,False,False,1747095.7230465328,1552709.701154594,False
4.95,37.998945,128.183267,5817.1924296,-11.02,-11.305,358.272,1.0,37.894888,128.181413,5091.467592000001,14.941,-25.656,180.861,1.0,1845.1129311500708,1740.617507289155,11607.425537958114,164.89860423121388,157.92854626856558,22.071453731434435,False,False,1759268.0344883397,1564804.8940018422,False
4.9666,37.999215,128.183254,5810.540474400001,-9.616,-11.413,358.178,1.0,37.894653,128.181406,5079.0122448,15.161,-25.721,180.876,1.0,1855.7032197579506,1745.8072578865253,11663.882105473403,164.7664583051293,157.87467728709964,22.125322712900363,False,False,1778799.1566532871,1573729.5862751023,False
4.9833,37.999485,128.18324,5803.9744728000005,-12.639,-11.884,358.062,1.0,37.894418,128.181398,5066.5221504,15.383,-25.786,180.892,1.0,1843.6886862078588,1736.3681064576065,11720.346854825557,-164.27245700377887,157.82126663719046,-22.17873336280954,False,False,1756511.5320891144,1557172.710007807,False
5.0,37.999755,128.183226,5797.526733600001,-17.169,-12.001,358.08,1.0,37.894182,128.181391,5053.9979184,15.609,-25.851,180.907,1.0,1842.1914931060282,1743.1434714922798,11776.931736929144,-164.14937322027217,157.76843296501212,-22.231567034987886,False,False,1753689.0641781674,1568837.3697895557,False
5.0166,38.000025,128.183211,5791.1198376,-17.283,-11.73,358.141,1.0,37.893947,128.181383,5041.4395488,15.837,-25.915,180.923,1.0,1852.9934482430742,1748.6036880102156,11833.410981259232,-164.41536272599058,157.7168537980347,-22.283146201965323,False,False,1773583.8449712794,1578247.0620127032,False
5.0333,38.000295,128.183196,5784.6791088,-14.844,-11.509,358.127,1.0,37.893712,128.181375,5028.8470416,16.068,-25.979,180.939,1.0,1842.32070774375,1739.0183902237732,11889.890967479696,-164.61957042975095,157.66513671821318,-22.334863281786838,False,False,1753801.1184730297,1561408.6236087484,False
5.05,38.000565,128.183181,5778.207290400001,-11.815,-11.357,358.105,1.0,37.893477,128.181366,5016.2207016,16.303,-26.043,180.956,1.0,1842.7113138396896,1740.0329722987658,11946.373012262868,164.7543744766722,157.61329054042568,-22.38670945957433,False,False,1754457.3496007987,1563049.6930867843,False
5.0666,38.000836,128.183166,5771.7336432,-10.066,-11.42,358.022,1.0,37.893242,128.181358,5003.560224000001,16.54,-26.107,180.973,1.0,1860.3853632991543,1751.2737268599376,12002.967728570373,164.66688891576908,157.56142430812073,-22.438575691879258,False,False,1787118.2217209504,1582547.9970656373,False
5.0833,38.001107,128.18315,5765.3304048,-12.904,-11.67,357.899,1.0,37.893007,128.18135,4990.865913600001,16.781,-26.17,180.99,1.0,1848.5974820474496,1741.6703020636996,12059.568692266143,-164.38783263584406,157.5109117986544,-22.489088201345602,False,False,1765194.9027303173,1565651.3957569348,False
5.1,38.001377,128.183134,5759.0417712,-17.295,-11.629,357.893,1.0,37.892772,128.181341,4978.137770400001,17.024,-26.233,181.007,1.0,1840.6679868188585,1742.6904294705896,12116.070044152544,-164.41510157414757,157.46099762987205,-22.539002370127935,False,False,1750506.2258354332,1567303.8212502871,False
5.1166,38.001648,128.183118,5752.797638400001,-17.296,-11.291,357.923,1.0,37.892537,128.181333,4965.3760992,17.271,-26.296,181.025,1.0,1857.7692360004257,1753.9371280425626,12172.687187841968,-164.74061512565189,157.41125589629203,-22.58874410370799,False,False,1782068.940075418,1586841.4300863158,False
5.1333,38.001918,128.183101,5746.526683200001,-14.864,-11.014,357.885,1.0,37.892302,128.181324,4952.5805952,17.521,-26.359,181.043,1.0,1840.6990174447337,1744.4582923359633,12229.194551399285,-164.99359343333347,157.36143289707613,-22.638567102923872,False,False,1750440.6123088074,1570135.5913437705,False
5.15,38.002189,128.183085,5740.2346968,-11.88,-10.811,357.846,1.0,37.892068,128.181315,4939.7515632,17.774,-26.421,181.062,1.0,1847.2271626754798,1739.3608176966452,12285.704674766632,-165.17335678615987,157.31251335391735,-22.68748664608267,False,False,1762416.5678524256,1561130.4417364264,False
5.1666,38.00246,128.183068,5733.9411864,-8.788,-10.661,357.825,1.0,37.891833,128.181306,4926.889003200001,18.03,-26.483,181.08,1.0,1858.621655164107,1756.7450637422974,12342.327671899267,165.30447310064773,157.26357115289645,-22.736428847103568,False,False,1783467.982858092,1591392.8855346956,False
5.1833,38.002732,128.183051,5727.668097600001,-7.048,-10.726,357.738,1.0,37.891598,128.181296,4913.99322,18.29,-26.545,181.099,1.0,1853.7622448600582,1747.2544917919845,12399.067181088923,165.21161879133638,157.2146888749502,-22.785311125049788,False,False,1774386.4665836303,1574638.9411545459,False
5.2,38.003003,128.183034,5721.483705600001,-9.899,-11.007,357.606,1.0,37.891364,128.181287,4901.0639088,18.552,-26.607,181.119,1.0,1846.1704019254462,1742.0212129918539,12455.592340675475,164.89760317341288,157.16626691744548,-22.83373308255451,False,False,1760281.164654304,1565381.9716380385,False
5.2166,38.003274,128.183017,5715.4349496,-16.394,-11.177,357.505,1.0,37.891129,128.181277,4888.1013744,18.819,-26.668,181.139,1.0,1855.6701719066316,1759.5609869316716,12512.241696903424,-164.6975827580009,157.1194377836817,-22.88056221631833,False,False,1777805.1636004886,1595963.3327092389,False
5.2333,38.003546,128.182999,5709.459955200001,-22.812,-11.028,357.497,1.0,37.890895,128.181268,4875.1056168000005,19.088,-26.729,181.159,1.0,1850.4886935627133,1743.7931822395383,12568.89697099286,-164.82831471620003,157.0729254366551,-22.9270745633449,False,False,1768144.8779713807,1568215.7857095397,False
5.25,38.003817,128.18298,5703.4791696,-24.129,-10.568,357.456,1.0,37.89066,128.181258,4862.076940800001,19.361,-26.79,181.179,1.0,1844.3020493671734,1750.7859646304787,12625.555074715256,-165.2554643832316,157.026376605628,-22.973623394371995,False,False,1756657.0486485355,1580306.4338050343,False
5.2666,38.004089,128.182962,5697.4468728,-22.154,-10.212,357.369,1.0,37.890426,128.181248,4849.015041600001,19.637,-26.851,181.2,1.0,1862.3066796046487,1756.231202385638,12682.214018872599,-165.5699144721026,156.9795744110193,-23.020425588980682,False,False,1789965.9518251899,1589726.6114741585,False
5.2833,38.00436,128.182943,5691.402079200001,-19.297,-9.959,357.285,1.0,37.890191,128.181238,4835.919919200001,19.917,-26.911,181.221,1.0,1845.050105168528,1752.562582157558,12738.874302099555,-165.7835189207792,156.93370002925326,-23.06629997074675,False,False,1757918.5334911847,1583161.976265006,False
5.3,38.004632,128.182924,5685.370392000001,-16.274,-9.767,357.227,1.0,37.889957,128.181227,4822.7921832,20.2,-26.971,181.243,1.0,1851.4236729827917,1747.6510053438496,12795.539686106322,-165.94296956713973,156.88785964065636,-23.112140359343655,False,False,1769639.2459952524,1574437.4532030625,False
5.3166,38.004904,128.182905,5679.3649176,-13.218,-9.61,357.191,1.0,37.889723,128.181217,4809.6315288,20.487,-27.031,181.265,1.0,1862.2694010756518,1758.9046959109855,12852.209045611737,-166.0733459565882,156.842115951606,-23.157884048394006,False,False,1789719.2050605156,1594039.2376807649,False
5.3333,38.005176,128.182885,5673.3944952,-10.149,-9.476,357.174,1.0,37.889489,128.181206,4796.437956,20.777,-27.091,181.288,1.0,1851.0021171481212,1749.4278145932856,12908.884045821414,-166.18577790207362,156.79649010061337,-23.20350989938665,False,False,1768741.4129697667,1577285.827517527,False
5.35,38.005449,128.182865,5667.4652208,-7.071,-9.36,357.171,1.0,37.889255,128.181195,4783.2117696000005,21.071,-27.15,181.31,1.0,1857.059301555582,1750.3106140909285,12965.676174492688,166.28406049687914,156.7520202654402,-23.247979734559802,False,False,1779913.472554611,1578700.9066000297,False
5.3666,38.005722,128.182845,5661.591115200001,-5.341,-9.466,357.096,1.0,37.88902,128.181184,4769.9529696,21.369,-27.21,181.334,1.0,1867.6138360821035,1767.720234696445,13022.586430537729,166.14927792580127,156.7066888136121,-23.2933111863879,False,False,1799511.9628725313,1609194.673366955,False
5.3833,38.005995,128.182825,5655.833748,-8.167,-9.835,356.972,1.0,37.888786,128.181173,4756.661556,21.67,-27.269,181.357,1.0,1855.1187197068828,1752.081408866328,13079.396998584316,165.74734247072885,156.66290605172307,-23.337093948276937,False,False,1776197.5141282761,1581541.546695656,False
5.4,38.006268,128.182804,5650.234572,-14.658,-10.065,356.878,1.0,37.888552,128.181162,4743.337224,21.975,-27.328,181.381,1.0,1853.6868165727042,1752.977706076533,13136.220959971612,-165.48673419690667,156.61974780602807,-23.38025219397193,False,False,1773487.279833227,1582981.6669884112,False
5.4166,38.006541,128.182783,5644.7311032,-21.166,-9.92,356.876,1.0,37.888318,128.18115,4729.980888,22.283,-27.386,181.406,1.0,1863.819389481678,1764.5987079268002,13193.056006664692,-165.6112316546853,156.57794840887613,-23.422051591123886,False,False,1792267.2605771236,1603289.5670837716,False
5.4333,38.006813,128.182762,5639.242569600001,-22.487,-9.387,356.825,1.0,37.888085,128.181138,4716.5916336,22.595,-27.445,181.431,1.0,1845.9522397479536,1749.0099025345685,13249.673615283797,-166.09615748775644,156.53524463145504,-23.464755368544967,False,False,1759071.913860411,1575771.7829256337,False
5.45,38.007086,128.18274,5633.7223368,-20.528,-8.974,356.728,1.0,37.887851,128.181127,4703.1700704,22.911,-27.503,181.456,1.0,1853.157646895429,1755.6353532497494,13306.51281260129,-166.4510479449152,156.49327317038677,-23.506726829613246,False,False,1772344.5752776815,1587250.0895610745,False
5.4666,38.00736,128.182718,5628.210028800001,-17.716,-8.675,356.641,1.0,37.887617,128.181114,4689.7161984,23.231,-27.561,181.482,1.0,1870.822040854974,1767.483679335934,13363.469072874546,-166.69701755331667,156.4512537077172,-23.548746292282782,False,False,1805181.4401533164,1607989.6837164848,False
5.4833,38.007633,128.182696,5622.7312488,-14.738,-8.447,356.586,1.0,37.887383,128.181102,4676.2300176,23.555,-27.618,181.508,1.0,1852.7164454791082,1757.591104848842,13420.319336363815,-166.88324470020254,156.41035701556805,-23.589642984431947,False,False,1771419.2710754152,1590421.3970239835,False
5.5,38.007906,128.182673,5617.2987984,-11.721,-8.259,356.556,1.0,37.88715,128.18109,4662.711528000001,23.883,-27.676,181.535,1.0,1852.5622496773387,1752.5708415783688,13477.064587155433,-167.03822638760155,156.36860011924156,-23.631399880758426,False,False,1771080.3277261104,1581477.857381417,False
5.5166,38.00818,128.18265,5611.921212,-8.685,-8.098,356.546,1.0,37.886916,128.181077,4649.1607296,24.214,-27.733,181.562,1.0,1869.73449084726,1770.1687378554186,13534.040409381023,-167.17317781187643,156.3279744214585,-23.672025578541536,False,False,1802987.6802855912,1612341.3723092547,False
5.5333,38.008454,128.182626,5606.6045856,-5.635,-7.956,356.552,1.0,37.886683,128.181064,4635.5779272,24.55,-27.791,181.589,1.0,1858.258353743104,1754.5501278606075,13590.9123748583,167.2948372425868,156.2865776230578,-23.71342237694218,False,False,1781544.0634873898,1584682.5658676128,False
5.55,38.008728,128.182603,5601.361416,-3.919,-8.056,356.481,1.0,37.886449,128.181051,4621.962816,24.889,-27.848,181.617,1.0,1857.1607779562385,1761.348175279028,13647.905313591604,167.16238352281425,156.24637928672317,-23.753620713276845,False,False,1779453.668519727,1596499.6689289073,False
5.5666,38.009002,128.182579,5596.2508344,-6.735,-8.456,356.354,1.0,37.886216,128.181038,4608.315700800001,25.232,-27.904,181.646,1.0,1867.3661501348936,1766.9190179022964,13704.79972766548,166.72752294862792,156.2076561560233,-23.792343843976703,False,False,1798408.6425799758,1606193.5470796584,False
5.5833,38.009277,128.182556,5591.3124648,-13.225,-8.702,356.258,1.0,37.885982,128.181024,4594.6362768,25.58,-27.961,181.675,1.0,1860.7290035341496,1763.3459471895414,13761.934324197387,-166.44756826980486,156.16855176338893,-23.831448236611077,False,False,1785988.2566795256,1599752.4545787713,False
5.6,38.009551,128.182531,5586.4835184,-19.794,-8.546,356.258,1.0,37.885749,128.18101,4580.9248488,25.931,-28.017,181.705,1.0,1853.8431017557577,1758.3463266333288,13818.857153631461,-166.57857038949297,156.1308258176984,-23.869174182301624,False,False,1773151.8115594217,1590814.428860945,False
5.6166,38.009825,128.182506,5581.6835280000005,-21.106,-7.963,356.21,1.0,37.885516,128.180997,4567.181112,26.287,-28.074,181.735,1.0,1864.739514291314,1769.6347528952285,13875.78542372374,-167.0966528947921,156.0921333503433,-23.90786664965671,False,False,1793364.344849564,1610592.325979273,False
5.6333,38.010099,128.182481,5576.8652496,-19.167,-7.507,356.113,1.0,37.885283,128.180982,4553.405676,26.647,-28.13,181.765,1.0,1853.743500597936,1760.3672994667577,13932.718176748105,-167.4745521441507,156.05432336754708,-23.945676632452912,False,False,1772872.8486045348,1594100.170288488,False
5.65,38.010373,128.182456,5572.0689168,-16.42,-7.172,356.028,1.0,37.88505,128.180968,4539.598236,27.011,-28.186,181.797,1.0,1853.539390501705,1761.0382403789704,13989.655879450156,-167.73999578908163,156.0164209223467,-23.983579077653317,False,False,1772447.4657136528,1595146.0930795996,False
5.6666,38.010648,128.18243,5567.319828000001,-13.519,-6.911,355.976,1.0,37.884817,128.180953,4525.758487200001,27.379,-28.241,181.828,1.0,1871.2566987180178,1772.7906589721463,14046.712310857618,-167.9464733142565,155.97964917778813,-24.020350822211878,False,False,1805397.5732397835,1615775.889737948,False
5.6833,38.010922,128.182404,5562.6313944,-10.578,-6.693,355.951,1.0,37.884584,128.180939,4511.887039200001,27.751,-28.297,181.86,1.0,1852.9288218669255,1762.8409825709573,14103.665664417755,-168.12213246843646,155.94201485048234,-24.057985149517666,False,False,1771223.3886164692,1598050.6619488397,False
5.7,38.011197,128.182377,5558.012455200001,-7.617,-6.503,355.946,1.0,37.884351,128.180924,4497.9832824000005,28.128,-28.353,181.893,1.0,1859.2691264476634,1763.9809329276254,14160.739555600201,-168.27889051454838,155.90449757855333,-24.095502421446675,False,False,1782946.325124516,1599924.5136224558,False
5.7166,38.011472,128.182351,5553.468801600001,-4.642,-6.334,355.96,1.0,37.884118,128.180908,4484.0478264,28.508,-28.408,181.926,1.0,1869.404528837328,1775.7539513006732,14217.825014671129,168.42292815686756,155.86823355835608,-24.131766441643933,False,False,1801797.5710419666,1620624.5353967424,False
5.7333,38.011747,128.182324,5549.0126256,-2.988,-6.418,355.889,1.0,37.883885,128.180893,4470.0803664000005,28.894,-28.463,181.96,1.0,1857.8441937645164,1765.7845476061711,14274.919929860544,168.30104642372058,155.8321438577745,-24.167856142225517,False,False,1780209.748817103,1602834.047907522,False
5.75,38.012022,128.182297,5544.702144,-5.831,-6.824,355.756,1.0,37.883653,128.180877,4456.0809024,29.283,-28.518,181.995,1.0,1856.6111935842216,1761.0794887289703,14331.920182520276,-167.8582866175342,155.79654226761386,-24.203457732386173,False,False,1777877.5153515716,1594399.7085924668,False
5.7666,38.012297,128.18227,5540.569056,-10.131,-6.804,355.771,1.0,37.88342,128.180861,4442.0494344,29.677,-28.573,182.03,1.0,1866.3399046928087,1778.4956023867135,14389.049574660217,-167.86433936396503,155.76151479447614,-24.238485205523872,False,False,1795946.7414574034,1625084.927940298,False
5.7833,38.012572,128.182242,5536.5374664,-9.928,-6.271,355.826,1.0,37.883188,128.180845,4427.9859624,30.075,-28.628,182.065,1.0,1854.7721434180328,1762.9071941710802,14446.079767422616,-168.3570642959392,155.72680200521427,-24.273197994785743,False,False,1774384.7371446334,1597344.5961682452,False
5.8,38.012847,128.182214,5532.5403192,-7.528,-5.81,355.811,1.0,37.882955,128.180828,4413.8907912,30.478,-28.682,182.102,1.0,1854.504787663751,1769.9201490587252,14503.229172376834,-168.75333289751802,155.69298487084131,-24.307015129158682,False,False,1773849.6902551695,1609594.1491495515,False
5.8166,38.013122,128.182187,5528.5910256,-4.661,-5.444,355.807,1.0,37.882723,128.180812,4399.7633112,30.885,-28.737,182.138,1.0,1864.8949982133067,1775.3723029383234,14560.276200316905,169.06516216318988,155.65834646901806,-24.341653530981933,False,False,1793133.6343617048,1619120.3458960424,False
5.8333,38.013398,128.182159,5524.719151200001,-3.034,-5.404,355.722,1.0,37.88249,128.180795,4385.6038272000005,31.296,-28.792,182.176,1.0,1860.1440393614096,1771.7598698520262,14617.556139778198,169.0464491424037,155.62371063392047,-24.37628936607952,False,False,1784246.910650006,1612574.5999810451,False
5.85,38.013673,128.18213,5520.9877896,-5.912,-5.784,355.578,1.0,37.882258,128.180778,4371.4123392,31.713,-28.846,182.214,1.0,1852.9420620606697,1766.8403924542667,14674.62940911168,-168.62316041522342,155.59055188659767,-24.40944811340234,False,False,1770839.5375837043,1603731.3970201893,False
5.8666,38.013948,128.182102,5517.4329072,-10.251,-5.732,355.586,1.0,37.882026,128.18076,4357.1885424,32.133,-28.9,182.252,1.0,1862.425138534047,1778.6965993145086,14731.723139695561,-168.6539255849573,155.55800524560377,-24.441994754396223,False,False,1788421.2317411748,1624610.2192258257,False
5.8833,38.014223,128.182073,5513.9834856,-10.06,-5.082,355.622,1.0,37.881794,128.180742,4342.9330464,32.558,-28.954,182.292,1.0,1850.9820700379228,1768.9609220758396,14788.82975880972,-169.23380634057654,155.52558685404398,-24.474413145956017,False,False,1767141.017949996,1607200.9962751807,False
5.9,38.014498,128.182044,5510.5758216,-7.577,-4.523,355.594,1.0,37.881562,128.180724,4328.6452416,32.988,-29.009,182.331,1.0,1850.7046638822621,1769.8953300761832,14845.945096507752,-169.69780815379224,155.49227400975064,-24.507725990249355,False,False,1766594.1648386721,1608714.2485712774,False
5.9166,38.014774,128.182015,5507.2260696,-4.591,-4.082,355.584,1.0,37.88133,128.180706,4314.325128,33.422,-29.063,182.372,1.0,1868.115827962604,1781.4990175549162,14903.181466807231,170.060706428534,155.45988019056864,-24.540119809431356,False,False,1798935.8118776456,1629178.451291067,False
5.9333,38.015049,128.181986,5503.967148,-2.823,-3.996,355.492,1.0,37.881098,128.180687,4299.9727056,33.861,-29.117,182.413,1.0,1849.7437298741988,1772.0580114488337,14960.320349501084,170.07088120568125,155.42776023557047,-24.572239764429536,False,False,1764751.4125363908,1612263.1253033697,False
5.95,38.015324,128.181957,5500.8621504,-5.558,-4.389,355.337,1.0,37.880867,128.180669,4285.5882792,34.305,-29.171,182.455,1.0,1848.794023164785,1766.8872342927157,15017.36561706568,-169.63330028795724,155.39602803335177,-24.603971966648224,False,False,1762964.6998521357,1602972.5136514977,False
5.9666,38.015599,128.181927,5497.9446048,-9.765,-4.33,355.341,1.0,37.880635,128.180649,4271.171544000001,34.753,-29.225,182.498,1.0,1859.2725420019283,1784.9213753104464,15074.543472734573,-169.6662532353548,155.36478079930458,-24.635219200695424,False,False,1782363.6111798182,1634858.0424420354,False
5.9833,38.015874,128.181897,5495.143797600001,-9.475,-3.611,355.376,1.0,37.880403,128.18063,4256.7221952,35.206,-29.279,182.541,1.0,1847.4914389782898,1774.8801796399725,15131.736146928408,-170.28385921626324,155.33380361024984,-24.66619638975016,False,False,1760501.26047177,1616844.0107549687,False
6.0,38.016149,128.181867,5492.3981592,-6.866,-2.985,355.349,1.0,37.880172,128.18061,4242.2405376,35.663,-29.332,182.585,1.0,1847.1944286766363,1770.3271517069006,15188.829076228132,-170.7786142285419,155.3038633360488,-24.6961366639512,False,False,1759925.6550749212,1608631.280203389,False
6.0166,38.016424,128.181837,5489.7275016,-3.738,-2.485,355.344,1.0,37.879941,128.18059,4227.7262664,36.125,-29.386,182.629,1.0,1857.925474522278,1781.954979044026,15245.934303020302,171.1700177870503,155.27305783429588,-24.72694216570412,False,False,1779779.3706429813,1629141.6054602892,False
6.0333,38.016699,128.181806,5487.1662672,-1.809,-2.351,355.251,1.0,37.879709,128.18057,4213.1793816,36.592,-29.44,182.674,1.0,1846.6998291735895,1778.0383185511569,15303.16511396413,171.20615807687741,155.24236586046717,-24.75763413953283,False,False,1758960.8486091192,1622027.3067006802,False
6.05,38.016974,128.181776,5484.7775496,-4.354,-2.728,355.079,1.0,37.879478,128.18055,4198.600188,37.064,-29.494,182.72,1.0,1845.4148037364503,1773.1953821806048,15360.306317058881,-170.77969537946313,155.21213450513613,-24.787865494863873,False,False,1756565.1926816055,1613285.1342269608,False
6.0666,38.017249,128.181745,5482.581770400001,-8.253,-2.652,355.086,1.0,37.879247,128.180529,4183.987771200001,37.541,-29.548,182.767,1.0,1856.1257201703768,1785.1852648944052,15417.470269284286,-170.82531070162102,155.1823703303472,-24.817629669652803,False,False,1776367.105057693,1634474.1186744922,False
6.0833,38.017523,128.181714,5480.502120000001,-7.728,-1.883,355.141,1.0,37.879016,128.180507,4169.343045600001,38.022,-29.602,182.814,1.0,1837.9042151431915,1775.7855128530248,15474.540361860156,-171.455015617294,155.15292611707062,-24.84707388292938,False,False,1742691.3181356536,1617594.3818074733,False
6.1,38.017798,128.181683,5478.487696800001,-4.962,-1.217,355.136,1.0,37.878785,128.180486,4154.6650968,38.508,-29.656,182.862,1.0,1844.2689908395948,1776.4337966342837,15531.733140942464,-171.94829630780674,155.12340074691892,-24.876599253081093,False,False,1754389.6666580725,1618601.8633837814,False
6.1166,38.018073,128.181652,5476.572333600001,-1.684,-0.681,355.155,1.0,37.878554,128.180464,4139.9542296,38.999,-29.71,182.911,1.0,1854.9982468212827,1788.4540378928205,15588.941859555312,172.3417891700992,155.09400198028825,-24.905998019711745,False,False,1774216.0759303146,1639883.0049732737,False
6.1333,38.018348,128.18162,5474.7880344,0.42,-0.509,355.071,1.0,37.878324,128.180442,4125.2101392,39.494,-29.764,182.961,1.0,1843.8900781632046,1772.964040812643,15646.057375888546,172.39038340034628,155.06481676273654,-24.93518323726346,False,False,1753654.640251903,1612155.2370189333,False
6.15,38.018622,128.181589,5473.197588000001,-1.884,-0.869,354.885,1.0,37.878093,128.18042,4110.432825600001,39.995,-29.818,183.011,1.0,1836.151778151504,1779.7196831511965,15703.197425963337,171.9825569668694,155.0361809250357,-24.963819074964313,False,False,1739400.4093308253,1624010.6513670678,False
6.1666,38.018897,128.181558,5471.801604,-6.876,-1.067,354.772,1.0,37.877863,128.180397,4095.6222888,40.5,-29.872,183.062,1.0,1853.3150354541017,1785.9942357852435,15760.362352946524,-171.74066994773844,155.0079957171479,-24.992004282852097,False,False,1771048.3535199857,1635052.0394475185,False
6.1833,38.019171,128.181526,5470.5315024,-11.06,-0.823,354.787,1.0,37.877632,128.180374,4080.7785288,41.01,-29.927,183.114,1.0,1835.7299815618067,1782.050891753516,15817.545304861273,-171.90937795003023,154.9789488208063,-25.021051179193694,False,False,1738599.8703604664,1627871.4571592074,False
6.2,38.019445,128.181494,5469.322360800001,-10.628,0.083,354.786,1.0,37.877402,128.180351,4065.900936,41.525,-29.981,183.166,1.0,1835.5823160718437,1777.308989771106,15874.630495972255,-172.5222043140899,154.95095406680338,-25.04904593319664,False,False,1738316.9496673762,1619286.4899746194,False
6.2166,38.019719,128.181462,5468.1753984,-7.808,0.828,354.741,1.0,37.877172,128.180327,4050.9895103999997,42.045,-30.036,183.22,1.0,1846.4960276242066,1789.40616781573,15931.729578615998,-172.94652659192488,154.92182171904878,-25.078178280951253,False,False,1758398.2722867066,1640713.8529906524,False
6.2333,38.019993,128.18143,5467.1476128,-4.436,1.417,354.734,1.0,37.876942,128.180303,4036.0445568,42.57,-30.09,183.274,1.0,1835.1859285800688,1779.6998799397268,15988.847170860157,-173.2681181282512,154.8939032536267,-25.106096746373318,False,False,1737568.09936621,1623245.9076816817,False
6.25,38.020267,128.181397,5466.266740800001,-0.905,1.913,354.774,1.0,37.876712,128.180279,4021.0654656,43.099,-30.145,183.329,1.0,1835.4002821227627,1780.7286773323076,16045.985487910193,173.55190142954663,154.86517170892654,-25.134828291073482,False,False,1737952.8625418248,1624930.492785061,False
6.2666,38.020542,128.181364,5465.5541184,1.416,2.072,354.71,1.0,37.876482,128.180254,4006.0525416000005,43.633,-30.2,183.384,1.0,1852.8676881859767,1792.8663756919261,16103.25862511246,173.56270975247688,154.83682121437536,-25.16317878562464,False,False,1770158.1112570304,1646470.875700433,False
6.2833,38.020816,128.181332,5465.062476,-0.492,1.659,354.537,1.0,37.876253,128.180229,3991.0051752000004,44.172,-30.255,183.44,1.0,1834.38975748807,1777.4440133736946,16160.339140678281,-173.19008747587972,154.80903426690406,-25.190965733095933,False,False,1736086.8461188355,1618792.0012403685,False
6.3,38.02109,128.181299,5464.7716968,-3.02,1.711,354.588,1.0,37.876023,128.180203,3975.9233664000003,44.716,-30.31,183.498,1.0,1834.7246301955386,1784.610620115329,16217.557614192947,-173.24595236425034,154.781475930823,-25.218524069177,False,False,1736698.3376835017,1631408.0215953162,False
6.3166,38.021363,128.181267,5464.5997896,-1.499,2.545,354.732,1.0,37.875794,128.180178,3960.8071152,45.265,-30.366,183.556,1.0,1838.5539870593927,1790.2587429817581,16274.574283270576,173.76502726854883,154.7531860092753,-25.24681399072469,False,False,1743729.7991926756,1641355.4325075883,False
6.3333,38.021637,128.181234,5464.53822,0.332,2.977,354.673,1.0,37.875565,128.180152,3945.6561168000003,45.819,-30.421,183.614,1.0,1834.6455890984155,1780.994330223719,16331.721136942566,173.88043527646454,154.72600788529778,-25.27399211470222,False,False,1736551.032534299,1624664.0707023335,False
6.35,38.02191,128.181201,5464.6573968,-1.697,2.683,354.515,1.0,37.875336,128.180125,3930.4703712000005,46.377,-30.477,183.674,1.0,1828.0198254355398,1782.4668066021748,16388.783794383184,-173.60551976806698,154.69807462308847,-25.301925376911534,False,False,1724418.2235530193,1627138.7055850057,False
6.3666,38.022184,128.181168,5464.952138400001,-3.88,2.811,354.566,1.0,37.875107,128.180098,3915.2492688,46.94,-30.533,183.734,1.0,1845.779223191012,1794.2921123348167,16445.983302347977,-173.6934376365002,154.67047520115554,-25.329524798844453,False,False,1757043.3432698483,1648137.5714353467,False
6.3833,38.022457,128.181136,5465.3511216,-2.169,3.731,354.687,1.0,37.874878,128.180071,3899.9931144,47.508,-30.59,183.795,1.0,1827.671619075066,1784.6214037117784,16503.092037491526,174.12424545395717,154.64195789198024,-25.358042108019784,False,False,1723788.5591628752,1630682.64476843,False
6.4,38.02273,128.181103,5465.8647096,-0.273,4.215,354.618,1.0,37.874649,128.180044,3884.7016032000006,48.081,-30.646,183.857,1.0,1828.2643893459108,1785.7061397712307,16560.221040622164,174.17650307590824,154.61442182673832,-25.38557817326169,False,False,1724877.160829587,1632469.1177853562,False
6.4166,38.023003,128.18107,5466.5642256,-2.047,3.919,354.468,1.0,37.87442,128.180016,3869.3744304000006,48.659,-30.703,183.92,1.0,1839.500465145426,1797.994585641334,16617.378400608297,-173.95286725798513,154.58619700171081,-25.413802998289206,False,False,1745489.6626980996,1654337.8657556584,False
6.4333,38.023275,128.181037,5467.4359536,-3.794,4.042,354.521,1.0,37.874192,128.179988,3854.0112912000004,49.241,-30.761,183.984,1.0,1822.1177243324391,1782.6487153568432,16674.34108396859,-174.02921087957162,154.5572648579396,-25.44273514206042,False,False,1713673.7314575848,1626713.1610105482,False
6.45,38.023547,128.181004,5468.4134472000005,-1.845,5.001,354.639,1.0,37.873964,128.179959,3838.6121856,49.828,-30.818,184.048,1.0,1822.3100924592018,1784.2034261662764,16731.32504854298,174.31691993977188,154.5294633092673,-25.470536690732697,False,False,1714033.853271316,1629334.859161654,False
6.4666,38.02382,128.180971,5469.5159088,0.142,5.518,354.571,1.0,37.873736,128.17993,3823.1768088000003,50.42,-30.876,184.113,1.0,1840.2163670483394,1796.0819001188067,16788.4427027559,174.28362746882055,154.50067207008433,-25.49932792991567,False,False,1746835.766963328,1650447.6528192102,False
6.4833,38.024092,128.180938,5470.812528,-1.307,5.211,354.428,1.0,37.873508,128.179901,3807.7051608,51.016,-30.934,184.179,1.0,1823.023814047151,1786.4523451709751,16845.479549877175,-174.12563952790728,154.47217765872617,-25.527822341273833,False,False,1715358.256969222,1633046.822598598,False
6.5,38.024364,128.180904,5472.2813592,-2.604,5.318,354.489,1.0,37.87328,128.179871,3792.196632,51.617,-30.993,184.246,1.0,1823.9985323209453,1788.0555074103247,16902.54463982482,-174.1940405668318,154.44287288050646,-25.557127119493543,False,False,1717150.07094568,1635759.9938913996,False
6.5166,38.024635,128.180871,5473.859004,-0.425,6.304,354.627,1.0,37.873052,128.179841,3776.6515272,52.223,-31.051,184.313,1.0,1828.1382636518015,1799.9723105706662,16959.521649329206,174.32355901777046,154.41472665245678,-25.585273347543247,False,False,1724724.9749154884,1656986.4591097673,False
6.5333,38.024907,128.180838,5475.5725896,1.674,6.857,354.578,1.0,37.872825,128.179811,3761.0692368000005,52.833,-31.111,184.382,1.0,1824.2575733114854,1784.6984613646177,17016.523888256233,174.207217387775,154.38451099901283,-25.615489000987182,False,False,1717654.8708279557,1629457.7886296816,False
6.55,38.025178,128.180805,5477.4858192,0.604,6.537,354.44,1.0,37.872597,128.17978,3745.449456,53.448,-31.17,184.451,1.0,1818.3466121813483,1791.9958893429314,17073.55858595683,-174.12689159349443,154.35570902747463,-25.644290972525393,False,False,1706907.987324551,1642354.9456186641,False
6.5666,38.025449,128.180772,5479.5709560000005,-0.195,6.62,354.515,1.0,37.87237,128.179748,3729.7921848000005,54.067,-31.23,184.521,1.0,1829.982100893153,1798.7815001954348,17130.512574778775,-174.19740463160767,154.32614681595925,-25.673853184040755,False,False,1728153.4793103165,1654384.2092517384,False
6.5833,38.02572,128.180739,5481.768868800001,2.241,7.631,354.7,1.0,37.872143,128.179717,3714.0968136,54.691,-31.291,184.592,1.0,1819.500068225927,1788.7202315022514,17187.490017892113,174.17626811757853,154.29550117226634,-25.704498827733662,False,False,1709048.0378142938,1636182.8808098242,False
6.6,38.025991,128.180706,5484.1133904,4.51,8.222,354.692,1.0,37.871916,128.179685,3698.3636472,55.319,-31.352,184.663,1.0,1820.1560851335998,1790.3976515854272,17244.495539299274,173.98742875896875,154.26509375693257,-25.734906243067446,False,False,1710264.8677044024,1639030.4332621202,False
6.6166,38.026261,128.180673,5486.652984000001,5.117,8.058,354.716,1.0,37.87169,128.179652,3682.5920760000004,55.952,-31.413,184.736,1.0,1825.4128347286653,1797.248376585388,17301.313132668354,174.08465661344144,154.2348574178363,-25.76514258216369,False,False,1719871.6940816145,1651164.7551515119,False
6.6333,38.026531,128.180641,5489.355645600001,6.801,8.779,354.821,1.0,37.871463,128.17962,3666.7821000000004,56.589,-31.475,184.809,1.0,1814.8329172266228,1792.8222034849418,17358.271551512644,173.91213684883041,154.20383580364043,-25.796164196359573,False,False,1700641.4482665705,1643064.575335266,False
6.65,38.026801,128.180609,5492.2564272,6.285,8.651,354.711,1.0,37.871237,128.179586,3650.9331096000005,57.23,-31.537,184.883,1.0,1815.9292183257303,1789.459964261966,17415.15440491482,-173.8882875802063,154.17313669671262,-25.826863303287382,False,False,1702660.0994763498,1636886.905027477,False
6.6666,38.02707,128.180578,5495.3257632,6.225,8.679,354.815,1.0,37.871011,128.179553,3635.0451048000004,57.876,-31.6,184.957,1.0,1820.7425138529923,1800.9662828855146,17471.958090725675,173.98861957541115,154.14174103155526,-25.85825896844476,False,False,1711442.387271542,1657387.3911222205,False
6.6833,38.027339,128.180546,5498.5197624,7.917,9.561,354.971,1.0,37.870785,128.179519,3619.1177807999998,58.525,-31.664,185.033,1.0,1811.0927099143958,1791.9521676546794,17528.78900520466,173.72125012505998,154.10914865279497,-25.89085134720503,False,False,1693950.4607804748,1641037.7069662346,False
6.7,38.027608,128.180516,5501.8859736,7.72,9.43,354.869,1.0,37.87056,128.179485,3603.1508328000004,59.179,-31.727,185.109,1.0,1811.2671520156398,1787.6198605402162,17585.542822027932,-173.7270228716426,154.07791855007338,-25.922081449926655,False,False,1694299.4180684278,1633127.2220133892,False
6.7166,38.027877,128.180485,5505.408547200001,8.008,9.49,354.986,1.0,37.870334,128.17945,3587.1436512,59.837,-31.792,185.186,1.0,1823.7173575307684,1805.8476216635236,17642.43870453274,173.81791978032732,154.04472045306173,-25.95527954693829,False,False,1716962.114808903,1665720.6786209429,False
6.7333,38.028145,128.180455,5509.048164000001,9.949,10.428,355.19,1.0,37.870109,128.179415,3571.0965408,60.499,-31.857,185.264,1.0,1806.5701363394567,1790.7254451113474,17699.14114138386,173.46720247108775,154.01154810790322,-25.988451892096784,False,False,1685873.135934272,1638369.303776453,False
6.75,38.028413,128.180426,5512.852677600001,10.116,10.321,355.097,1.0,37.869884,128.179379,3555.0088920000003,61.165,-31.923,185.342,1.0,1807.3378940729583,1792.5776819208386,17755.877526694607,-173.48846686471478,153.9777071732662,-26.02229282673381,False,False,1687297.748386824,1641530.1008110754,False
6.7666,38.02868,128.180396,5516.809591200001,10.726,10.369,355.224,1.0,37.869659,128.179343,3538.8804,61.835,-31.989,185.422,1.0,1813.235600112398,1804.6998354125694,17812.534889682196,173.5851451019241,153.9436914701919,-26.056308529808103,False,False,1698013.0915350257,1663175.3094437376,False
6.7833,38.028948,128.180368,5520.8798904000005,12.895,11.325,355.493,1.0,37.869434,128.179307,3522.7110648,62.509,-32.056,185.501,1.0,1808.9785084831533,1795.2111850460433,17869.33185075899,-173.17326800104783,153.908971085855,-26.091028914145,False,False,1690342.9588541582,1645937.5939208304,False
6.8,38.029215,128.18034,5525.097408,14.342,11.246,355.552,1.0,37.86921,128.17927,3506.5002768,63.187,-32.123,185.582,1.0,1803.609196215205,1791.5543497939027,17925.9402366088,-173.30166605296466,153.8741839584236,-26.125816041576392,False,False,1680685.7628321922,1639220.5150722074,False
6.8166,38.029482,128.180312,5529.4319688000005,17.684,11.842,355.946,1.0,37.868985,128.179233,3490.2477312,63.868,-32.191,185.663,1.0,1815.4749615532978,1809.299719951642,17982.688402014726,173.15084986311462,153.83843230431617,-26.161567695683846,False,False,1702199.8720303066,1671010.3762217173,False
6.8333,38.029749,128.180286,5533.919234399999,21.74,12.773,356.454,1.0,37.868761,128.179195,3473.9531232000004,64.553,-32.26,185.746,1.0,1805.1171136762796,1794.8575578735988,18039.36091009176,-172.7168641316863,153.8016985663131,-26.198301433686904,False,False,1683493.10610352,1644824.6689236187,False
6.85,38.030016,128.18026,5538.5896848,25.952,13.513,356.975,1.0,37.868538,128.179157,3457.6164528000004,65.241,-32.329,185.828,1.0,1806.7824356099322,1790.690828312028,18095.960273150566,-172.3513071629169,153.76543894900576,-26.23456105099425,False,False,1686546.3953467233,1637194.4556872598,False
6.8666,38.030282,128.180236,5543.4555119999995,30.244,14.101,357.517,1.0,37.868314,128.179119,3441.2374152,65.933,-32.4,185.912,1.0,1812.1572721345121,1808.4400568123663,18152.599918090506,-172.05902678698976,153.7272520221578,-26.272747977842187,False,False,1696319.7174717528,1668974.7304395284,False
6.8833,38.030549,128.180214,5548.5191544,34.608,14.576,358.084,1.0,37.868091,128.17908,3424.8150960000003,66.628,-32.47,185.996,1.0,1809.1138486805175,1794.0921885002972,18209.28120774841,-171.82246593202896,153.69048879789855,-26.309511202101444,False,False,1690858.844109314,1642969.3533800812,False
6.9,38.030815,128.180194,5553.7754304,39.045,14.962,358.683,1.0,37.867868,128.179041,3408.3498,67.327,-32.542,186.08,1.0,1803.8908529827975,1795.5041074026947,18265.89299123265,-171.62778503597332,153.65219573795085,-26.347804262049177,False,False,1681475.0365620344,1645341.9934161438,False
6.9166,38.031081,128.180176,5559.2145864,43.555,15.273,359.313,1.0,37.867645,128.179001,3391.8412224,68.028,-32.614,186.166,1.0,1816.12857741184,1808.365776625137,18322.545719297126,-171.46256875414815,153.61392392150393,-26.386076078496092,False,False,1703678.7765696966,1668355.9907581664,False
6.9333,38.031348,128.180161,5564.822296800001,48.132,15.518,359.978,1.0,37.867422,128.178961,3375.2887536,68.733,-32.687,186.252,1.0,1812.8901157535797,1798.9840136230814,18379.348797499326,-171.31701256902127,153.5749925425003,-26.425007457499696,False,False,1697857.5504754276,1651272.016091197,False
6.95,38.031614,128.180148,5570.581797600001,52.774,15.699,0.676,1.0,37.8672,128.178921,3358.6920888000004,69.441,-32.761,186.338,1.0,1807.6311916581408,1794.9440291859908,18435.968655794044,-171.1855209252665,153.5354240009051,-26.4645759990949,False,False,1688394.0085131489,1643849.55172785,False
6.9666,38.031879,128.180139,5576.4735816,57.478,15.817,1.406,1.0,37.866978,128.17888,3342.0512280000003,70.152,-32.836,186.425,1.0,1812.8087655560769,1807.8604364464672,18492.515511277288,-171.06233142342657,153.495085615909,-26.50491438409102,False,False,1697824.3348874713,1666954.0055092718,False
6.9833,38.032145,128.180133,5582.4766176,62.238,15.87,2.163,1.0,37.866756,128.178839,3325.3652568,70.865,-32.911,186.513,1.0,1809.4572138704862,1798.5342392851453,18549.20735399265,-170.94424306747368,153.45469707297272,-26.545302927027304,False,False,1691813.098735958,1649973.3981360958,False
7.0,38.032411,128.18013,5588.568350400001,67.048,15.858,2.943,1.0,37.866534,128.178797,3308.6347848000005,71.582,-32.987,186.601,1.0,1810.314240792412,1800.6543703638129,18605.931771569998,-170.82608200598955,153.41351299615556,-26.586487003844432,False,False,1693423.9590213536,1653624.7040675087,False
7.0166,38.032676,128.18013,5594.7250056,71.9,15.778,3.74,1.0,37.866313,128.178755,3291.8585928,72.301,-33.064,186.69,1.0,1815.3778547048526,1807.53315472759,18662.46486468295,-170.70600982828248,153.37129662220343,-26.628703377796594,False,False,1702663.8876525636,1665870.1577888192,False
7.0333,38.032941,128.180134,5600.9215896,76.784,15.628,4.547,1.0,37.866092,128.178713,3275.0369855999998,73.022,-33.142,186.779,1.0,1805.1194932658154,1798.2315886182976,18719.02534912267,-170.58189038434406,153.32815155096742,-26.671848449032563,False,False,1684154.470190768,1648935.5646071774,False
7.05,38.033207,128.180141,5607.133108800001,81.693,15.407,5.359,1.0,37.865871,128.17867,3258.1693536,73.746,-33.221,186.869,1.0,1812.0774516510876,1800.4306874063423,18775.720909531778,-170.45025385475293,153.28376309369685,-26.716236906303152,False,False,1696799.5372925634,1652727.0565687185,False
7.0666,38.033472,128.180152,5613.3333504,86.616,15.115,6.169,1.0,37.865651,128.178627,3241.2553920000005,74.473,-33.3,186.959,1.0,1816.8453775175844,1807.3658100592436,18832.217203616114,-170.30814011564965,153.23936128783106,-26.760638712168944,False,False,1705511.558404207,1665071.4428755096,False
7.0833,38.033737,128.180167,5619.4967112,91.536,14.751,6.965,1.0,37.86543,128.178583,3224.2951008000005,75.201,-33.381,187.049,1.0,1806.3070877706139,1804.2171728290677,18888.843156708037,-170.1572732595888,153.19287369401343,-26.80712630598656,False,False,1686481.0850880677,1659219.3369159175,False
7.1,38.034003,128.180185,5625.596673600001,96.443,14.317,7.74,1.0,37.86521,128.178539,3207.2875656,75.932,-33.462,187.14,1.0,1812.8101553648166,1800.3774480370487,18945.48394023398,-169.9952414758329,153.14588524258252,-26.85411475741748,False,False,1698308.5873160649,1652132.2243053892,False
7.1166,38.034268,128.180207,5631.6079392,101.323,13.815,8.487,1.0,37.864991,128.178495,3190.2330912,76.664,-33.544,187.232,1.0,1817.327656427532,1807.3709088705912,19001.916207344315,-169.82117010985377,153.09749941324012,-26.9025005867599,False,False,1706567.1134051485,1664580.30045967,False
7.1333,38.034533,128.180233,5637.505209600001,106.168,13.249,9.198,1.0,37.864771,128.17845,3173.1313728,77.399,-33.627,187.324,1.0,1806.5630616913265,1804.256971080115,19058.468723610247,-169.63479547812096,153.04779595302497,-26.952204046975044,False,False,1687120.0883974938,1658789.3976226645,False
7.15,38.034798,128.180262,5643.263796,110.962,12.623,9.864,1.0,37.864552,128.178405,3155.9814960000003,78.135,-33.71,187.416,1.0,1806.2176264843154,1800.486550202815,19114.91622316007,-169.4378965803755,152.9976523917069,-27.0023476082931,False,False,1686552.5700163601,1651825.5146683652,False
7.1666,38.035064,128.180294,5648.859924,115.7,11.942,10.483,1.0,37.864333,128.178359,3138.7837656,78.873,-33.795,187.508,1.0,1823.2215998660724,1813.6819961831034,19171.476977473023,-169.22772609475214,152.9450519845302,-27.054948015469773,False,False,1717464.893282795,1675502.1454542845,False
7.1833,38.035329,128.18033,5654.2713432,120.375,11.211,11.05,1.0,37.864115,128.178313,3121.537572,79.612,-33.881,187.601,1.0,1805.840301175527,1799.0925897858085,19227.817007734677,-169.00497411027686,152.89081676261338,-27.109183237386613,False,False,1685979.0567426514,1648978.8997415574,False
7.2,38.035595,128.180369,5659.4764128,124.976,10.439,11.558,1.0,37.863896,128.178267,3104.2429152,80.352,-33.967,187.694,1.0,1811.9050828012844,1806.1434357485994,19284.373922347404,-168.77204225410276,152.83584738194992,-27.164152618050107,False,False,1697000.5189041495,1661519.2790332236,False
7.2166,38.035861,128.180411,5664.4556256,129.493,9.633,12.003,1.0,37.863679,128.17822,3086.8991856,81.094,-34.055,187.787,1.0,1822.3898789237464,1808.6284726659371,19340.70450820229,-168.53175939947545,152.77840748105478,-27.22159251894524,False,False,1716101.769162644,1665840.6159674246,False
7.2333,38.036127,128.180456,5669.1903888,133.912,8.802,12.382,1.0,37.863461,128.178173,3069.5060784,81.837,-34.143,187.881,1.0,1811.1128590142926,1804.8706353502293,19397.136268534905,-168.28645383431055,152.71996685293473,-27.280033147065293,False,False,1695660.6599697878,1658880.5769585117,False
7.25,38.036393,128.180504,5673.6642432,138.229,7.953,12.696,1.0,37.863244,128.178126,3052.0635936000003,82.581,-34.232,187.975,1.0,1810.8574958434062,1801.2211143044076,19453.446097145345,-168.03643611738232,152.659839426376,-27.340160573624,False,False,1695242.0745767034,1652129.2707481831,False
7.2666,38.036659,128.180554,5677.8622536,142.438,7.095,12.945,1.0,37.863027,128.178078,3034.5714264,83.326,-34.322,188.069,1.0,1820.8841008415325,1814.5429367566367,19509.74205833465,-167.78393267818385,152.59795295839228,-27.402047041607712,False,False,1713490.2622180046,1676042.0145454053,False
7.2833,38.036925,128.180606,5681.771923200001,146.535,6.231,13.133,1.0,37.86281,128.17803,3017.0289672,84.072,-34.413,188.163,1.0,1809.2180228643133,1805.4280214419816,19566.02123290799,-167.52750641705492,152.53422716585663,-27.46577283414336,False,False,1692354.0757591769,1659372.117425146,False
7.3,38.037192,128.18066,5685.3816696,150.519,5.37,13.262,1.0,37.862593,128.177981,2999.4365208000004,84.818,-34.505,188.257,1.0,1815.1334008896488,1807.9144191390785,19622.39290936154,-167.26921151951643,152.46865659776216,-27.531343402237844,False,False,1703109.179662794,1663691.697622199,False
7.3166,38.037458,128.180717,5688.6829584,154.38,4.52,13.332,1.0,37.862377,128.177932,2981.7931728000003,85.565,-34.598,188.352,1.0,1819.9197035770865,1815.2383721449612,19678.524956426918,-167.01386408768062,152.4011316057673,-27.598868394232714,False,False,1711840.7864680483,1676786.5758717833,False
7.3333,38.037725,128.180775,5691.6672552,158.112,3.685,13.35,1.0,37.862162,128.177883,2964.0995328000004,86.312,-34.692,188.446,1.0,1814.4608863855042,1800.8243179268197,19734.634114571498,-166.7587855692853,152.3318975591408,-27.668102440859226,False,False,1701950.342799642,1650551.9987016309,False
7.35,38.037992,128.180834,5694.3296832000005,161.714,2.87,13.319,1.0,37.861946,128.177834,2946.3543816,87.059,-34.786,188.541,1.0,1813.553299482879,1807.944959780435,19790.829590915157,-166.50630560575206,152.2614008207253,-27.738599179274697,False,False,1700330.0832203717,1663226.354994057,False
7.3666,38.03826,128.180895,5696.665670400001,165.182,2.077,13.244,1.0,37.861731,128.177784,2928.5583288,87.807,-34.882,188.635,1.0,1831.2709263591514,1816.0736317875455,19847.00232195322,-166.25650279110113,152.18835920877854,-27.811640791221485,False,False,1732641.8092607805,1677781.0645721292,False
7.3833,38.038528,128.180957,5698.672168800001,168.512,1.311,13.13,1.0,37.861516,128.177733,2910.7107647999997,88.554,-34.978,188.73,1.0,1819.8269798690912,1807.7954143715942,19903.150460370776,-166.01022908217857,152.11415945386668,-27.885840546133327,False,False,1711770.0017538916,1662606.451833108,False
7.4,38.038795,128.18102,5700.3485688,171.699,0.574,12.982,1.0,37.861302,128.177683,2892.8113848000003,89.302,-35.076,188.824,1.0,1813.0316465666176,1803.5817286933343,19959.050622946106,-165.76719474665327,152.0373435262497,-27.962656473750304,False,False,1699443.1990182528,1654822.314804967,False
7.4166,38.039064,128.181083,5701.693956000001,174.74,-0.13,12.804,1.0,37.861088,128.177632,2874.8604936,90.048,-35.174,188.919,1.0,1836.1328868848304,1817.0717725721656,20015.144204096403,-165.53004652148599,151.95923565351893,-28.040764346481083,False,False,1741606.5061836182,1679067.6639988385,False
7.4333,38.039332,128.181147,5702.7098544,177.631,-0.802,12.601,1.0,37.860874,128.17758,2856.8571768,90.795,-35.273,189.013,1.0,1818.7847985528992,1808.849926319598,20071.101869101287,-165.2978410146846,151.87957289963933,-28.120427100360665,False,False,1709913.551317207,1663985.2264060732,False
7.45,38.039601,128.181212,5703.3987024,-179.629,-1.437,12.378,1.0,37.860661,128.177529,2838.8017392,91.541,-35.373,189.107,1.0,1825.7585750636795,1804.674937335826,20127.030995098812,-165.07279741900405,151.79796651046473,-28.20203348953528,False,False,1722628.4220941695,1656264.9497997593,False
7.4666,38.039869,128.181277,5703.7638528,-177.051,-2.022,12.141,1.0,37.860448,128.177477,2820.6938760000003,92.286,-35.474,189.201,1.0,1829.8329591239299,1818.2345049984172,20182.822864924103,-164.8630806272048,151.7145431267047,-28.285456873295296,False,False,1730079.14493518,1680649.9151824948,False
7.4833,38.040139,128.181342,5703.8101824000005,-174.643,-2.553,11.896,1.0,37.860235,128.177424,2802.5332824,93.031,-35.576,189.295,1.0,1831.8429330490803,1810.0465855274572,20238.8083243151,-164.67198790483818,151.6291924379538,-28.37080756204621,False,False,1733759.5358061616,1665617.7839036512,False
7.5,38.040408,128.181407,5703.545006400001,-172.41,-3.033,11.647,1.0,37.860023,128.177372,2784.3196536,93.774,-35.679,189.389,1.0,1825.3609273963746,1805.9329643427425,20294.54440936264,-164.49886284912085,151.54200391525708,-28.45799608474295,False,False,1721903.9272696888,1658001.784180859,False
7.5166,38.040678,128.181471,5702.9762496,-170.353,-3.467,11.4,1.0,37.859811,128.177319,2766.0532943999997,94.516,-35.782,189.482,1.0,1842.2176526846945,1819.5413093156665,20350.36367570689,-164.34040732501595,151.45413298754303,-28.54586701245696,False,False,1752810.0319696928,1682491.0046926127,False
7.5333,38.040947,128.181536,5702.113056000001,-168.473,-3.861,11.158,1.0,37.859599,128.177265,2747.7339,95.258,-35.887,189.575,1.0,1826.0230937657877,1811.3865342727538,20406.050005926114,-164.19403345344537,151.36367650155427,-28.63632349844574,False,False,1723098.796483612,1667506.6529227642,False
7.55,38.041218,128.1816,5700.965484000001,-166.771,-4.216,10.925,1.0,37.859388,128.177212,2729.3608608,95.997,-35.992,189.668,1.0,1838.7067680505102,1807.3241433377204,20461.818433244276,-164.05900295241898,151.2722426251052,-28.727757374894804,False,False,1746328.6626010449,1659976.166231277,False
7.5666,38.041488,128.181664,5699.543592000001,-165.251,-4.534,10.703,1.0,37.859177,128.177158,2710.9347864,96.736,-36.098,189.761,1.0,1843.88893681407,1820.9821276029695,20517.454548964703,-163.93585232290687,151.1791865419206,-28.82081345807941,False,False,1755856.6348191472,1684573.1431477682,False
7.5833,38.041759,128.181728,5697.8583528,-163.913,-4.818,10.494,1.0,37.858966,128.177104,2692.4547624,97.473,-36.205,189.853,1.0,1840.1908157957364,1812.0491846994132,20573.178351269806,-163.82347482317115,151.0846468645473,-28.915353135452715,False,False,1749028.021884975,1668165.085380594,False
7.6,38.042029,128.181791,5695.9204344,-162.756,-5.07,10.3,1.0,37.858756,128.177049,2673.9210936000004,98.207,-36.313,189.945,1.0,1833.5881432253425,1809.6836483523825,20628.660718102983,-163.72126994710047,150.9885469685154,-29.0114530314846,False,False,1736880.6376162881,1663699.6618495474,False
7.6166,38.042301,128.181854,5693.741419200001,-161.78,-5.293,10.123,1.0,37.858547,128.176994,2655.3334752,98.941,-36.421,190.037,1.0,1858.7692544326935,1817.4038122487802,20684.23339779287,-163.6277605270063,150.89173993110444,-29.10826006889558,False,False,1783348.0999007332,1677518.23441277,False
7.6333,38.042572,128.181917,5691.3325847999995,-160.98,-5.49,9.962,1.0,37.858337,128.176939,2636.6919072,99.672,-36.53,190.128,1.0,1842.1243105341707,1813.6533609156204,20739.78766288346,-163.54267412403982,150.79360976859468,-29.206390231405322,False,False,1752523.894423226,1670526.3714720057,False
7.65,38.042844,128.181979,5688.7055136,-160.359,-5.658,9.82,1.0,37.858128,128.176884,2617.9963896000004,100.401,-36.641,190.219,1.0,1848.7953599144953,1810.5093298788074,20795.32306998316,-163.4683418576721,150.69293312056286,-29.307066879437144,False,False,1764809.2853456296,1664645.791083175,False
7.6666,38.043116,128.18204,5685.871788,-159.916,-5.799,9.696,1.0,37.857919,128.176828,2599.2466176,101.128,-36.751,190.309,1.0,1860.1111105035332,1824.2919017104507,20850.842947139507,-163.4050899016252,150.59290967899054,-29.40709032100947,False,False,1785766.0262791337,1689510.3731656533,False
7.6833,38.043388,128.182102,5682.8429904,-159.646,-5.917,9.59,1.0,37.857711,128.176772,2580.4422864000003,101.852,-36.863,190.399,1.0,1850.9969450236797,1810.2822888751211,20906.240740945334,-163.35066708463057,150.49058408733595,-29.50941591266407,False,False,1768824.4974553038,1663866.4770553983,False
7.7,38.04366,128.182163,5679.6313128,-159.55,-6.009,9.503,1.0,37.857503,128.176716,2561.5840056,102.574,-36.975,190.488,1.0,1851.1864666786037,1812.293591615878,20961.62414740497,-163.30788790142876,150.38797651300808,-29.612023486991948,False,False,1769143.8236206768,1667324.588894507,False
7.7166,38.043933,128.182223,5676.248947200001,-159.624,-6.074,9.434,1.0,37.857296,128.17666,2542.6708608,103.294,-37.088,190.577,1.0,1869.0963697004431,1820.1528853813231,21016.994817648574,-163.27890805688554,150.2839246454489,-29.71607535455111,False,False,1802425.6063517467,1681413.3462780423,False
7.7333,38.044206,128.182284,5672.7096096000005,-159.868,-6.111,9.384,1.0,37.857089,128.176603,2523.7031568,104.01,-37.202,190.665,1.0,1859.8488065341307,1812.1645250532767,21072.360707614735,-163.2650974531588,150.17890719327562,-29.82109280672439,False,False,1785149.0692761992,1666719.2064934168,False
7.75,38.04448,128.182344,5669.0261016,-160.275,-6.125,9.348,1.0,37.856882,128.176546,2504.6808936,104.724,-37.316,190.753,1.0,1866.4782788317857,1814.214083781308,21127.827487528375,-163.26457893178815,150.07342566542025,-29.926574334579765,False,False,1797464.7374946882,1670248.899780448,False
7.7666,38.044753,128.182404,5665.2127488,-160.836,-6.122,9.325,1.0,37.856675,128.176489,2485.6040712,105.435,-37.431,190.84,1.0,1872.1040009687185,1827.208574873959,21183.17914080331,-163.27283570174336,149.96698293185582,-30.033017068144208,False,False,1807943.4538245613,1693721.0372112955,False
7.7833,38.045027,128.182464,5661.2829624,-161.545,-6.101,9.313,1.0,37.856469,128.176432,2466.4723848,106.143,-37.546,190.927,1.0,1868.278011404916,1813.282261298649,21238.527646092145,-163.29186385977934,149.8602630470554,-30.139736952944595,False,False,1800749.5845127737,1668184.11098257,False
7.8,38.045301,128.182523,5657.2492391999995,-162.398,-6.061,9.311,1.0,37.856264,128.176374,2447.2858344,106.848,-37.662,191.013,1.0,1868.1944482498025,1811.202483601355,21293.764768735167,-163.3230498836498,149.75265836637237,-30.247341633627638,False,False,1800553.9114872927,1664226.893929777,False
7.8166,38.045576,128.182583,5653.1256,-163.387,-6.003,9.316,1.0,37.856059,128.176316,2428.0447248,107.55,-37.779,191.098,1.0,1887.5899602857212,1824.2000980995197,21349.11477918598,-163.3671085458411,149.64417808383413,-30.35582191616586,False,False,1836936.1532509653,1687663.9837536083,False
7.8333,38.045851,128.182643,5648.9248464,-164.5,-5.931,9.325,1.0,37.855854,128.176258,2408.7484464,108.248,-37.897,191.183,1.0,1876.9001023275325,1815.377747716518,21404.46741978864,-163.42173131666848,149.53458715995268,-30.465412840047335,False,False,1816774.0259034997,1671419.9364040373,False
7.85,38.046126,128.182703,5644.6594752,-165.722,-5.849,9.336,1.0,37.855649,128.1762,2389.397304,108.943,-38.014,191.267,1.0,1877.422385365784,1817.4706905528503,21459.824473291326,-163.48427947912737,149.42606717457187,-30.573932825428138,False,False,1817712.6063787453,1675031.8385805988,False
7.8666,38.046401,128.182763,5640.3413736,-167.047,-5.751,9.349,1.0,37.855445,128.176141,2369.9912976,109.634,-38.133,191.35,1.0,1889.1667271880235,1826.395750689097,21515.080080270796,-163.56006701165074,149.31592280541753,-30.684077194582443,False,False,1839788.3152885686,1691102.394226204,False
7.8833,38.046676,128.182823,5635.982733600001,-168.465,-5.641,9.361,1.0,37.855242,128.176083,2350.5304272000003,110.322,-38.252,191.433,1.0,1878.1899368135191,1811.688025942457,21570.231364347543,-163.6466915712774,149.2056969862788,-30.794303013721198,False,False,1819068.8294482438,1664157.5808855393,False
7.9,38.046952,128.182883,5631.5948328,-169.963,-5.519,9.369,1.0,37.855039,128.176024,2331.014388,111.006,-38.371,191.515,1.0,1884.939566202412,1814.7080198648976,21625.504807420923,-163.7458160139335,149.09570856856237,-30.904291431437617,False,False,1831725.6635847467,1669442.0409290688,False
7.9166,38.047228,128.182943,5627.1883392,-171.535,-5.383,9.375,1.0,37.854836,128.175965,2311.4437896,111.686,-38.491,191.596,1.0,1896.4508761861155,1827.7584217321823,21680.789569085333,-163.85805876009113,148.98502618175493,-31.014973818245068,False,False,1853446.8294201582,1693017.94434574,False
7.9333,38.047504,128.183003,5622.773920799999,-173.175,-5.233,9.374,1.0,37.854633,128.175905,2291.8180224000002,112.362,-38.612,191.677,1.0,1885.1611656268442,1819.8524119384163,21736.08988434736,-163.98586369903302,148.87348014882537,-31.12651985117463,False,False,1832056.8860641944,1678406.4578284046,False
7.95,38.04778,128.183064,5618.3616360000005,-174.867,-5.074,9.367,1.0,37.854431,128.175846,2272.1370864,113.034,-38.732,191.757,1.0,1886.0271912449518,1816.1351575606575,21791.294899823428,-164.12419641612345,148.76322791830077,-31.236772081699247,False,False,1833646.5891953404,1671455.5084222816,False
7.9666,38.048057,128.183124,5613.9609336,-176.605,-4.902,9.351,1.0,37.85423,128.175786,2252.4015912,113.702,-38.854,191.836,1.0,1902.946967857167,1825.1640119282997,21846.51594955743,-164.27802612743886,148.65141787885224,-31.348582121147775,False,False,1865657.7312278815,1687700.349283445,False
7.9833,38.048334,128.183185,5609.5809576,-178.384,-4.719,9.325,1.0,37.854029,128.175726,2232.611232,114.367,-38.975,191.914,1.0,1892.260583990967,1816.3767228906136,21901.757133989795,-164.44619532273254,148.54096182363216,-31.45903817636784,False,False,1845336.2559607658,1671506.6366677152,False
8.0,38.048611,128.183245,5605.230547200001,179.806,-4.526,9.288,1.0,37.853828,128.175666,2212.765704,115.026,-39.097,191.992,1.0,1891.134493817739,1818.5338987410016,21957.014676639228,-164.62809459846503,148.42961829571465,-31.57038170428539,False,False,1843163.3709993367,1675232.5892262054,False
8.0166,38.048888,128.183306,5600.9176272,177.975,-4.325,9.239,1.0,37.853627,128.175606,2192.8656168,115.682,-39.22,192.069,1.0,1903.1036447509844,1831.6385169071502,22012.29503366124,-164.82270976956616,148.31778461961252,-31.682215380387465,False,False,1865827.9801810214,1698954.4939099043,False
8.0333,38.049166,128.183366,5596.6501224,176.128,-4.115,9.177,1.0,37.853427,128.175545,2172.9106656,116.333,-39.342,192.145,1.0,1896.9678061404252,1818.850335490578,22067.59689928601,-165.03130366604088,148.20730526905209,-31.792694730947943,False,False,1854127.817689443,1675417.2458359,False
8.05,38.049444,128.183426,5592.4344336,174.265,-3.895,9.101,1.0,37.853228,128.175485,2152.9011552,116.98,-39.466,192.22,1.0,1896.5521295527344,1815.2009563526944,22122.80859545127,-165.25510396394918,148.09535640501855,-31.90464359498147,False,False,1853298.0371937694,1668590.0040855103,False
8.0666,38.049722,128.183487,5588.2775712,172.395,-3.67,9.011,1.0,37.853028,128.175424,2132.8367808000003,117.622,-39.589,192.295,1.0,1908.3927740628842,1834.1448111008744,22178.159451642838,165.4901701147959,147.98460500795716,-32.01539499204285,False,False,1875783.7722913239,1702959.5778605635,False
8.0833,38.05,128.183546,5584.177401600001,169.488,-3.27,9.008,1.0,37.85283,128.175363,2112.7178472,118.26,-39.713,192.368,1.0,1894.778363121747,1815.6023715353908,22233.308304271148,165.83357054456417,147.87358389808406,-32.12641610191593,False,False,1849854.595992564,1668924.6702387114,False
8.1,38.050278,128.183606,5580.1144176,164.106,-2.74,8.98,1.0,37.852631,128.175302,2092.5443544,118.893,-39.836,192.441,1.0,1895.3561076370163,1822.6176186472208,22288.590284148897,166.29942365722573,147.76364501102995,-32.236354988970064,False,False,1850909.6164318277,1681488.3419947096,False
8.1166,38.050556,128.183665,5576.122147200001,158.314,-2.325,8.856,1.0,37.852433,128.175241,2072.3163024,119.521,-39.961,192.513,1.0,1905.3609622010056,1830.9083653271014,22343.785202125408,166.71370225606015,147.65228172417,-32.34771827583001,False,False,1869883.2763946098,1696435.2017793104,False
8.1333,38.050834,128.183724,5572.2079056,152.762,-1.978,8.668,1.0,37.852236,128.17518,2052.033996,120.145,-40.085,192.585,1.0,1893.3673391165369,1817.286259976344,22398.897103142943,167.1025427261999,147.5421307997041,-32.45786920029592,False,False,1847064.6330740699,1671388.2545362774,False
8.15,38.051112,128.183781,5568.366511200001,147.558,-1.679,8.423,1.0,37.852039,128.175118,2031.6974352000002,120.764,-40.21,192.655,1.0,1891.142787817652,1820.3953388240468,22454.03217531025,-167.47921030415355,147.43171346448617,-32.56828653551384,False,False,1842817.5434044201,1676843.7404590622,True
8.1666,38.051389,128.183838,5564.6007072,143.759,-1.616,8.101,1.0,37.851842,128.175057,2011.3063152000002,121.378,-40.335,192.725,1.0,1895.4140018935261,1832.6213507966138,22509.08102909911,167.6889174750263,147.32150267234914,-32.67849732765088,False,False,1850867.2108122788,1698974.6847737588,False
8.1833,38.051666,128.183894,5560.919028,141.812,-1.501,7.815,1.0,37.851645,128.174995,1990.8612456,121.988,-40.46,192.794,1.0,1882.6410655458942,1824.748583461466,22564.157825782368,167.92076497931265,147.2117881888676,-32.78821181113241,False,False,1826702.6774258262,1684377.3758564768,False
8.2,38.051943,128.183948,5557.2772776,138.016,-1.212,7.489,1.0,37.85145,128.174933,1970.3622264,122.592,-40.585,192.862,1.0,1880.7516313619833,1817.358678758757,22619.029828898245,168.3207650583187,147.10243864140298,-32.897561358597024,False,False,1823111.6226497567,1670718.9363574127,False
8.2166,38.05222,128.184002,5553.6727128,133.791,-1.0,7.111,1.0,37.851254,128.174871,1949.8089528000003,123.192,-40.71,192.929,1.0,1891.8228720706393,1835.3124473469259,22674.032274048135,168.67208867767565,146.9934250579438,-33.00657494205621,False,False,1843959.8141537812,1703306.9836602572,False
8.2333,38.052496,128.184055,5550.1059432,129.73,-0.834,6.7,1.0,37.851059,128.174809,1929.2020344000002,123.786,-40.835,192.995,1.0,1872.9035510484373,1821.7291487965012,22728.832577967725,168.98859732445985,146.88482682964852,-33.11517317035149,False,False,1808311.8022128055,1678267.5549180612,False
8.25,38.052772,128.184106,5546.571482400001,125.921,-0.708,6.261,1.0,37.850864,128.174747,1908.5411664000003,124.376,-40.961,193.061,1.0,1871.1530386925604,1823.9190390955637,22783.646391091057,169.26878892034608,146.77528464705324,-33.22471535294677,False,False,1805000.132332079,1682056.7258171188,False
8.2666,38.053047,128.184157,5543.0629296,122.355,-0.619,5.799,1.0,37.85067,128.174685,1887.8269584000002,124.96,-41.087,193.126,1.0,1875.6552619850395,1832.3203676460394,22838.259235302172,169.50856196132816,146.6661852770744,-33.33381472292562,False,False,1813400.2089846453,1697212.2230868519,False
8.2833,38.053322,128.184206,5539.574188799999,119.008,-0.566,5.32,1.0,37.850476,128.174622,1867.0588008,125.54,-41.212,193.19,1.0,1862.8119038498353,1824.4993840328334,22892.88669883148,169.7017797530163,146.55830606770417,-33.441693932295834,False,False,1789358.7597809194,1682708.5933569598,False
8.3,38.053596,128.184254,5536.100383200001,115.856,-0.548,4.828,1.0,37.850282,128.17456,1846.2376080000001,126.114,-41.338,193.253,1.0,1855.4321428616136,1825.7175144988,22947.414748869225,169.84353413900732,146.44974427976172,-33.55025572023828,False,False,1775604.8172049278,1684727.6274123313,False
8.3166,38.05387,128.1843,5532.6360264,112.889,-0.563,4.326,1.0,37.850089,128.174497,1825.3627704,126.683,-41.464,193.316,1.0,1865.1408150784648,1835.1414312883837,23001.845768660205,169.93112250305828,146.3412259724257,-33.658774027574324,False,False,1793631.7551240758,1701772.7302279319,False
8.3333,38.054144,128.184346,5529.177156000001,110.087,-0.609,3.818,1.0,37.849897,128.174434,1804.4348976,127.247,-41.59,193.377,1.0,1853.9354583256347,1821.6409377949224,23056.182302185774,169.96265675745943,146.23331177525546,-33.766688224744534,False,False,1772761.046975428,1676883.3146137313,False
8.35,38.054416,128.184389,5525.7192000000005,107.434,-0.684,3.306,1.0,37.849704,128.174372,1783.4539896,127.806,-41.715,193.438,1.0,1838.7975171402543,1827.5638672484386,23110.410287039605,169.9377486948836,146.1261917579043,-33.87380824209573,False,False,1744776.9487132619,1687484.553503145,False
8.3666,38.054689,128.184432,5522.2572816,104.909,-0.786,2.791,1.0,37.849512,128.174309,1762.4200464,128.36,-41.841,193.498,1.0,1856.513946705953,1837.0165881046617,23164.655255428122,169.85757571523726,146.0184666812377,-33.9815333187623,False,False,1777476.8615274597,1704598.4090338747,False
8.3833,38.054961,128.184473,5518.788047999999,102.506,-0.913,2.274,1.0,37.849321,128.174246,1741.3333728,128.909,-41.967,193.558,1.0,1837.614552847345,1823.5357535097558,23218.687015728337,169.7238794393671,145.91073556393013,-34.08926443606987,False,False,1742534.4452290933,1679717.9690845653,False
8.4,38.055232,128.184512,5515.3063176000005,100.217,-1.065,1.758,1.0,37.84913,128.174183,1720.1939688,129.452,-42.093,193.616,1.0,1829.9188631351465,1825.723692103586,23272.614368807772,169.5376082489828,145.80345473614645,-34.196545263853544,False,False,1728388.2015284055,1683502.8401383075,False
8.4166,38.055503,128.18455,5511.8087376,98.034,-1.238,1.242,1.0,37.848939,128.17412,1699.0021392000003,129.991,-42.219,193.674,1.0,1840.4682384950886,1838.9132518774813,23326.549776680007,169.30442165727473,145.69611181004956,-34.30388818995044,False,False,1747714.0476111923,1707462.4932936921,False
8.4333,38.055773,128.184586,5508.2904312,95.946,-1.433,0.726,1.0,37.848749,128.174057,1677.757884,130.524,-42.345,193.731,1.0,1821.8900517874577,1825.451596752438,23380.269440989985,169.02518540024673,145.58898970911656,-34.41101029088346,False,False,1713659.55675818,1682589.9503961413,False
8.45,38.056043,128.184621,5504.747436000001,93.947,-1.647,0.212,1.0,37.848559,128.173993,1656.461508,131.052,-42.47,193.787,1.0,1821.5246906892075,1828.59042267588,23433.998992686316,168.70544274110142,145.48303379400664,-34.51696620599337,False,False,1712959.230838456,1688115.805198405,False
8.4666,38.056312,128.184654,5501.174875199999,92.031,-1.879,359.7,1.0,37.84837,128.17393,1635.1130112,131.575,-42.596,193.843,1.0,1825.0425079684774,1836.195014241706,23487.50763919097,168.34868345437755,145.3760308811673,-34.62396911883267,False,False,1719338.174535815,1701841.0461743341,False
8.4833,38.05658,128.184685,5497.5687864,90.189,-2.129,359.189,1.0,37.848181,128.173867,1613.7123936000003,132.092,-42.721,193.898,1.0,1806.7888096910303,1827.387270390882,23540.907800066878,167.95713878794035,145.27011296768646,-34.729887032313535,False,False,1686155.6343515145,1685497.2306380165,False
8.5,38.056848,128.184714,5493.9249024,88.419,-2.395,358.679,1.0,37.847992,128.173803,1592.25996,132.604,-42.847,193.952,1.0,1806.1456973557288,1830.5259466888062,23594.31185303628,167.53499499935114,145.16340183481822,-34.836598165181776,False,False,1684958.138682427,1691027.3568872092,False
8.5166,38.057115,128.184741,5490.2380416000005,86.718,-2.677,358.17,1.0,37.847804,128.17374,1570.7560152,133.112,-42.972,194.005,1.0,1809.8467093319944,1838.1604384775756,23647.49225701407,167.08439443300776,145.05774629037717,-34.94225370962284,False,False,1691613.3985305808,1704820.7532684975,False
8.5333,38.057382,128.184767,5486.504241600001,85.075,-2.973,357.662,1.0,37.847616,128.173676,1549.2005592,133.614,-43.097,194.058,1.0,1798.9505882481149,1830.2901935264094,23700.678366011696,166.60906348584905,144.95201450891034,-35.04798549108966,False,False,1671915.836300006,1690173.5639233491,False
8.55,38.057647,128.184791,5482.7186255999995,83.488,-3.285,357.154,1.0,37.847428,128.173613,1527.5935920000002,134.11,-43.222,194.11,1.0,1785.3818085131231,1831.5065477930302,23753.63911457627,166.10863451037133,144.8463826807967,-35.153617319203306,False,False,1647561.2036945354,1692188.6930033586,False
8.5666,38.057912,128.184813,5478.8766216,81.958,-3.61,356.647,1.0,37.847241,128.173549,1505.9357232000002,134.602,-43.347,194.161,1.0,1795.8575246303274,1841.0981556388344,23806.490430011723,165.58772457621225,144.74089994110372,-35.25910005889628,False,False,1666281.549806897,1709589.393908278,False
8.5833,38.058177,128.184833,5474.9733528,80.481,-3.949,356.14,1.0,37.847055,128.173486,1484.226648,135.089,-43.472,194.211,1.0,1784.932271801539,1826.756733855956,23859.224139869144,165.0465717503394,144.6354512262722,-35.36454877372781,False,False,1646682.7548895376,1683075.3736016494,False
8.6,38.05844,128.18485,5471.0042472000005,79.049,-4.3,355.633,1.0,37.846869,128.173422,1462.4666712,135.57,-43.597,194.261,1.0,1771.4011707475786,1829.888847779563,23911.733280551525,164.48807350462738,144.52987342767565,-35.47012657232437,False,False,1622583.27766375,1688588.496395132,False
8.6166,38.058703,128.184866,5466.9647328,77.665,-4.665,355.124,1.0,37.846683,128.173358,1440.6560976,136.046,-43.721,194.31,1.0,1782.3882121127924,1843.08403633269,23964.239902122903,163.91058118145696,144.42530671652767,-35.57469328347234,False,False,1642066.4790362313,1712607.3926117292,False
8.6333,38.058965,128.18488,5462.849932800001,76.328,-5.042,354.615,1.0,37.846497,128.173294,1418.7949272,136.518,-43.845,194.358,1.0,1765.2749581236328,1834.2088260423584,24016.629730256147,163.31772510477032,144.32079718844236,-35.67920281155766,False,False,1611670.0961826898,1696074.634038669,False
8.65,38.059227,128.184892,5458.654665600001,75.039,-5.432,354.104,1.0,37.846312,128.173231,1396.8834648000002,136.984,-43.969,194.406,1.0,1765.5483213676544,1830.9048324753269,24068.89796925042,162.70860161482167,144.2160310711447,-35.78396892885531,False,False,1612111.5533184772,1689805.0000208332,False
8.6666,38.059487,128.184901,5454.3743592,73.803,-5.834,353.592,1.0,37.846128,128.173167,1374.9217104000002,137.445,-44.093,194.453,1.0,1763.1620085310797,1840.5698308786252,24120.828190432912,162.085072599188,144.11139522309202,-35.888604776908004,False,False,1607859.2744733242,1707332.0271615796,False
8.6833,38.059747,128.184909,5450.003832,72.611,-6.248,353.077,1.0,37.845943,128.173103,1352.9099688,137.901,-44.217,194.5,1.0,1753.2688181409917,1836.1714742674926,24172.861563493036,161.44683093309072,144.00649527823526,-35.99350472176474,False,False,1590422.0544118378,1699030.356002361,False
8.7,38.060005,128.184914,5445.5388168,71.461,-6.673,352.559,1.0,37.84576,128.173039,1330.8485448000001,138.352,-44.34,194.546,1.0,1740.6429034943885,1829.3918698231982,24224.441626996748,160.79521613175982,143.90263810442056,-36.09736189557943,False,False,1568321.3519804594,1686388.4725694717,False
8.7166,38.060263,128.184917,5440.9738272,70.356,-7.11,352.038,1.0,37.845576,128.172975,1308.7371335999999,138.798,-44.464,194.591,1.0,1751.9365842947266,1847.0612292166325,24276.11913272635,160.12992827211477,143.79775986151253,-36.202240138487475,False,False,1587998.6236776477,1718651.919248847,False
8.7333,38.06052,128.184917,5436.3039864,69.303,-7.559,351.514,1.0,37.845393,128.172912,1286.5763448000002,139.239,-44.587,194.635,1.0,1735.7922651128538,1832.7336591630378,24327.556607127415,159.45146258259715,143.6937608888344,-36.30623911116562,False,False,1559799.3243010354,1692073.336626302,False
8.75,38.060776,128.184916,5431.524417600001,68.302,-8.019,350.985,1.0,37.845211,128.172848,1264.3664832000002,139.675,-44.71,194.679,1.0,1730.2964571823054,1831.3987150816517,24378.76824914388,158.75951107487958,143.5896485604715,-36.41035143952852,False,False,1550227.973798676,1689409.8263738358,False
8.7666,38.061031,128.184912,5426.6299392,67.344,-8.49,350.451,1.0,37.845028,128.172784,1242.107244,140.106,-44.832,194.723,1.0,1735.3899615022242,1849.0365136556095,24429.9608290099,158.05476822913093,143.48610735761014,-36.51389264238987,False,False,1559006.2197346012,1721648.9254202181,False
8.7833,38.061285,128.184906,5421.616284000001,66.429,-8.971,349.912,1.0,37.844846,128.17272,1219.7989320000001,140.533,-44.955,194.765,1.0,1719.8220261586093,1835.6845176656811,24480.91809105046,157.33812091415095,143.3818937580674,-36.6181062419326,False,False,1532061.7941616408,1696830.9653952399,False
8.8,38.061538,128.184897,5416.477660800001,65.563,-9.463,349.368,1.0,37.844665,128.172656,1197.441852,140.954,-45.077,194.807,1.0,1714.9486110481635,1833.4173782643788,24531.63502632656,156.60908587607884,143.27832428894192,-36.721675711058076,False,False,1523641.8699202968,1692452.53459883,False
8.8166,38.06179,128.184887,5411.209497600001,64.743,-9.959,348.823,1.0,37.844484,128.172592,1175.0363088000001,141.371,-45.199,194.849,1.0,1720.2620818991388,1846.5950657640076,24582.227911703085,155.87569533026104,143.17450777459607,-36.82549222540394,False,False,1532716.6528296187,1716479.8382696833,False
8.8333,38.062041,128.184873,5405.8072224,63.961,-10.46,348.276,1.0,37.844303,128.172528,1152.5823024000001,141.783,-45.32,194.89,1.0,1705.6941296310022,1837.659978874419,24632.684253959716,155.13709105756885,143.07147081439655,-36.92852918560346,False,False,1507709.09132638,1699800.070214196,False
8.85,38.06229,128.184858,5400.266568,63.216,-10.967,347.727,1.0,37.844123,128.172464,1130.0798328,142.19,-45.442,194.93,1.0,1694.4578699037272,1835.4199692099169,24682.79568874495,154.3921907176782,142.96757326896582,-37.032426731034164,False,False,1488552.2605784154,1695465.5290795942,False
8.8666,38.062539,128.184839,5394.5829624,62.515,-11.48,347.173,1.0,37.843943,128.1724,1107.5295096,142.593,-45.563,194.97,1.0,1707.4830371064343,1848.5942407767795,24732.878185653306,153.63990874355542,142.86414720797666,-37.13585279202336,False,False,1510651.9480113264,1719511.4877818578,False
8.8833,38.062786,128.184819,5388.7524432,61.849,-11.998,346.614,1.0,37.843764,128.172336,1084.9313328,142.991,-45.684,195.01,1.0,1686.3417071238953,1835.2910544836107,24782.613968054597,152.880686869628,142.76053627396524,-37.23946372603475,False,False,1474719.785739874,1694786.169188585,False
8.9,38.063032,128.184796,5382.771048,61.218,-12.523,346.051,1.0,37.843585,128.172272,1062.2853024,143.384,-45.804,195.048,1.0,1682.7911030649298,1837.4049839041693,24832.21351764907,152.113933813942,142.65796976605745,-37.34203023394255,False,False,1468679.8999751108,1698445.9975987212,False
8.9166,38.063276,128.18477,5376.6351192,60.627,-13.054,345.481,1.0,37.843406,128.172208,1039.5917232,143.772,-45.924,195.087,1.0,1683.1009410161196,1850.588835014039,24881.56649793331,151.338774173143,142.55481749472173,-37.44518250527826,False,False,1469141.1676163762,1722534.4303116284,False
8.9333,38.06352,128.184742,5370.3406944,60.073,-13.591,344.904,1.0,37.843228,128.172144,1016.8509,144.156,-46.044,195.124,1.0,1676.020032264522,1837.2866228013806,24930.78544169319,150.55522289456476,142.45180768370577,-37.548192316294234,False,False,1457186.6258467222,1697782.9680409364,False
8.95,38.063762,128.184712,5363.884116,59.558,-14.134,344.319,1.0,37.84305,128.172081,994.0628328,144.536,-46.164,195.162,1.0,1666.272049876045,1838.42764172568,24979.756196314607,149.76285396992233,142.34820139122485,-37.65179860877516,False,False,1440833.00626523,1699656.5232098005,False
8.9666,38.064003,128.184679,5357.262336,59.08,-14.683,343.727,1.0,37.842872,128.172017,971.2281312,144.911,-46.284,195.198,1.0,1673.739240563229,1852.5503129534682,25028.591399601515,148.9622713737435,142.2447252447746,-37.75527475522539,False,False,1453238.3193879216,1725495.8253648288,False
8.9833,38.064242,128.184643,5350.472001600001,58.645,-15.238,343.126,1.0,37.842695,128.171953,948.3464904000001,145.281,-46.403,195.234,1.0,1655.0241360452258,1839.262268353598,25077.067539543747,148.15240512122057,142.1418691930745,-37.8581308069255,False,False,1422022.6517006136,1700742.9480046926,False
9.0,38.06448,128.184605,5343.509760000001,58.245,-15.799,342.516,1.0,37.842518,128.171889,925.4182152,145.648,-46.521,195.27,1.0,1652.411373066652,1841.3436154733054,25125.406742537292,147.3333015790824,142.03958408163064,-37.96041591836935,False,False,1417633.602907913,1704348.407662243,False
9.0166,38.064716,128.184565,5336.3725632000005,57.88,-16.366,341.894,1.0,37.842342,128.171825,902.4436104000001,146.009,-46.64,195.305,1.0,1653.519843344408,1850.2332084033835,25173.389373081936,146.50314739739355,141.93632645262846,-38.063673547371536,False,False,1419395.874163763,1720531.4113712683,False
9.0333,38.064951,128.184522,5329.0579728,57.553,-16.939,341.261,1.0,37.842166,128.171761,879.422676,146.367,-46.758,195.34,1.0,1642.1339497023046,1841.2302143915429,25221.22994958657,145.66282321207657,141.8335849005458,-38.16641509945422,False,False,1400562.1607514045,1703688.541579759,False
9.05,38.065184,128.184476,5321.5629408,57.266,-17.517,340.619,1.0,37.841991,128.171697,856.3560216000001,146.72,-46.876,195.374,1.0,1634.6099131506971,1839.0455454073197,25268.70881359964,144.81431629957424,141.7307512048544,-38.269248795145586,False,False,1388161.4892986612,1699442.2428204766,False
9.0666,38.065415,128.184428,5313.8850288,57.022,-18.091,339.979,1.0,37.841815,128.171634,833.2433424,147.069,-46.994,195.408,1.0,1636.403413986416,1855.504167020077,25316.04442853436,143.97141654621905,141.62749087941276,-38.37250912058725,False,False,1391019.47727088,1729619.1827381817,False
9.0833,38.065645,128.184378,5306.022408,56.818,-18.657,339.349,1.0,37.841641,128.17157,810.0852480000001,147.413,-47.111,195.442,1.0,1625.1304690251945,1838.950272984176,25363.02517327113,143.14181293361844,141.52492343636754,-38.475076563632456,False,False,1372558.8253244376,1698813.2757515872,False
9.1,38.065873,128.184325,5297.9735544000005,56.655,-19.214,338.728,1.0,37.841466,128.171506,786.8814336,147.754,-47.228,195.474,1.0,1618.481753526758,1845.2225517801394,25409.861861568254,142.3260335960407,141.42240585364183,-38.57759414635815,False,False,1361696.9656067814,1710139.8036098182,False
9.1166,38.0661,128.184269,5289.738163200001,56.526,-19.761,338.117,1.0,37.841292,128.171443,763.6328136000001,148.09,-47.345,195.507,1.0,1628.1322824952795,1853.1835492426064,25456.44088202112,141.52556320290444,141.31921970945984,-38.68078029054015,False,False,1377281.9754097897,1724633.3133232025,False
9.1333,38.066324,128.184211,5281.3162344,56.431,-20.297,337.517,1.0,37.841119,128.171379,740.3387784,148.423,-47.461,195.539,1.0,1605.1371987572659,1840.9138301564212,25502.55508816746,140.7413370750249,141.21701420685937,-38.78298579314064,False,False,1340024.73326724,1701742.1083117889,False
9.15,38.066547,128.184151,5272.7080728,56.365,-20.822,336.928,1.0,37.840945,128.171315,717.0002423999999,148.751,-47.577,195.571,1.0,1604.5170583858528,1847.1122138074031,25548.63815224978,139.97364906233219,141.11438560349563,-38.88561439650438,False,False,1338945.0979477193,1712943.1356253747,False
9.1666,38.066768,128.184088,5263.914592800001,56.324,-21.336,336.347,1.0,37.840773,128.171252,693.6169008,149.075,-47.693,195.602,1.0,1608.6144072882828,1850.937539651253,25594.244791042882,139.2207124149795,141.01166843076564,-38.988331569234376,False,False,1345441.5237091987,1719786.9460253473,False
9.1833,38.066987,128.184023,5254.9367088,56.313,-21.841,335.777,1.0,37.8406,128.171188,670.1893632000001,149.395,-47.808,195.632,1.0,1592.6212381700566,1846.9787677412573,25639.71490889713,138.4826414872382,140.90980090445493,-39.09019909554507,False,False,1319754.5292105156,1712237.596762132,False
9.2,38.067205,128.183956,5245.7759448,56.33,-22.336,335.214,1.0,37.840428,128.171125,646.7173248,149.712,-47.923,195.663,1.0,1592.5418043692387,1843.899596901784,25684.931639077484,137.75789322133247,140.80733360288747,-39.192666397112546,False,False,1319538.188000888,1706324.9921805307,False
9.2166,38.06742,128.183886,5236.434129599999,56.373,-22.821,334.658,1.0,37.840256,128.171061,623.2013952000001,150.024,-48.038,195.693,1.0,1591.2364666975373,1857.982561202134,25729.789625144836,137.04628100287243,140.70483691484336,-39.295163085156645,False,False,1317368.6232310731,1732161.116827859,False
9.2333,38.067634,128.183814,5226.913092000001,56.435,-23.298,334.108,1.0,37.840085,128.170998,599.6418792000001,150.333,-48.153,195.722,1.0,1581.9864485901937,1843.7673859938557,25774.394692255093,136.3458498917091,140.60222428584368,39.397775714156325,False,False,1302599.0690351687,1705619.5648619644,False
9.25,38.067846,128.18374,5217.2039928,56.817,-23.809,333.555,1.0,37.839914,128.170934,576.0384720000001,150.638,-48.267,195.751,1.0,1576.6521944771512,1846.7323808173414,25818.7529599372,135.62001320839894,140.5002695234669,39.49973047653312,False,False,1294079.3647108003,1710859.2508610818,False
9.2666,38.068056,128.183663,5207.2894584000005,58.033,-24.341,332.965,1.0,37.839744,128.170871,552.3917832,150.939,-48.38,195.78,1.0,1582.7736958943156,1854.7665161648329,25862.740299061166,134.85772328362395,140.39884737834512,39.601152621654904,False,False,1303652.3513746941,1725496.5276238339,False
9.2833,38.068264,128.183584,5197.183204800001,59.554,-24.821,332.342,1.0,37.839573,128.170808,528.7018128000001,151.236,-48.494,195.809,1.0,1568.5880963558147,1849.7516747968145,25906.585613692645,134.11444458345278,140.2961177597468,39.703882240253215,False,False,1281201.2646899312,1715975.4228393054,False
9.3,38.06847,128.183503,5186.892547200001,61.079,-25.259,331.7,1.0,37.839404,128.170745,504.9688656,151.53,-48.607,195.837,1.0,1563.9616857142828,1843.549539388044,25949.96197946187,133.39095923760075,140.19433955881522,39.80566044118478,False,False,1273854.1169891295,1704289.505014771,False
9.3166,38.068675,128.183419,5176.4205336,62.51,-25.667,331.044,1.0,37.839234,128.170681,481.19294160000004,151.82,-48.72,195.864,1.0,1576.233570195371,1861.709735128288,25993.307495878587,132.68139673300618,140.09240248342613,39.90759751657389,False,False,1293019.478331251,1737700.459696462,False
9.3333,38.068877,128.183333,5165.770211999999,63.837,-26.049,330.379,1.0,37.839065,128.170618,457.37465040000006,152.107,-48.832,195.892,1.0,1556.7467608793797,1847.4921429543247,26036.181295546543,131.9855824697485,139.9909193608924,40.009080639107594,False,False,1262389.13920373,1711098.9222543265,False
9.35,38.069077,128.183244,5154.94524,65.071,-26.409,329.706,1.0,37.838897,128.170555,433.51399200000003,152.39,-48.944,195.919,1.0,1554.2334759885134,1845.3988053435485,26078.6934835107,131.3009848468761,139.88938649542195,40.110613504578076,False,False,1258373.5926795143,1706999.6953713447,False
9.3666,38.069276,128.183153,5143.948970400001,66.225,-26.75,329.024,1.0,37.838728,128.170492,409.6109664,152.669,-49.056,195.945,1.0,1565.403433152973,1862.5653204782088,26121.176589859726,130.6245296528857,139.78771981260238,40.21228018739762,False,False,1275688.8614341307,1738591.697907693,False
9.3833,38.069472,128.183059,5132.7856704000005,67.319,-27.074,328.338,1.0,37.83856,128.170429,385.66618320000003,152.945,-49.167,195.971,1.0,1548.266668662089,1849.3019930150615,26163.190075988794,129.95768342464956,139.6867687667177,40.3132312332823,False,False,1248900.2712396295,1713741.0239602176,False
9.4,38.069667,128.182963,5121.4596071999995,68.369,-27.383,327.646,1.0,37.838393,128.170366,361.67964240000003,153.218,-49.278,195.997,1.0,1550.2724883111837,1847.216778888319,26204.957249294228,129.297496141993,139.58556240420734,40.41443759579267,False,False,1251896.7558642225,1709651.7797684101,False
9.4166,38.069859,128.182864,5109.9753528,69.384,-27.677,326.948,1.0,37.838226,128.170303,337.651344,153.487,-49.389,196.023,1.0,1552.2808143994666,1860.3013622355036,26246.36592030217,128.64381697768906,139.48411396862642,40.51588603137359,False,False,1254899.6031698717,1733671.8077202728,False
9.4333,38.070049,128.182763,5098.337784000001,70.373,-27.957,326.246,1.0,37.838059,128.17024,313.5818976,153.753,-49.499,196.048,1.0,1539.6696674087934,1851.0797990334313,26287.52999922616,127.99694497028528,139.383598195533,40.61640180446701,False,False,1235288.9565988157,1716323.3991109233,False
9.45,38.070238,128.182659,5086.5514728,71.342,-28.225,325.537,1.0,37.837893,128.170178,289.4713032,154.016,-49.609,196.073,1.0,1543.7519363515046,1848.0652116418937,26328.443054723695,127.35361819629047,139.28277329115824,40.71722670884175,False,False,1241467.050495244,1710511.256996025,False
